role,video_id,scenario,method,horizon_ms,source_count,reference_count,reference_without_output,penalized_rmse,penalized_p95_frame_rmse,conditional_output_rmse,output_count,prediction_count,fallback_count,no_output_count,deadline_miss_count,output_coverage,prediction_coverage,on_time_prediction_rate_all_sources,reasons,remaining_lookahead_p05_ms,candidate_ready_latency_p50_ms,candidate_ready_latency_p95_ms,candidate_ready_latency_max_ms,prediction_queue_p95_ms,per_channel_jump_p95,per_channel_jump_max,reference_transition_count,matched_transitions,missed_transitions,unmatched_prediction_transitions,transition_lag_median_ms,transition_abs_lag_p95_ms
development_validation,V1,algorithm_only,hold_channels,50,300,298,0,0.01453192938686134,0.01967987442678562,0.01453192938686134,300,300,0,0,0,1.0,1.0,1.0,{},50.0,0.0,0.0,0.0,0.0,"[0.011959602459802002, 0.008620882220757983, 0.01738637651405477, 0.016239896194604662, 0.014462344478718055, 0.013833358505417705, 0.01376886219082542, 0.008788396590863149, 0.0022071433094068165]","[0.15125955320850942, 0.13793454011473216, 0.15348524607305036, 0.1636005195403632, 0.153005392193234, 0.16404198794613922, 0.20410612473693704, 0.22650393191108137, 0.03663558217406318]",2,2,0,1,32.0,32.02999999999956
development_validation,V1,algorithm_only,hold_channels,100,300,296,0,0.031922527351624604,0.03781144583979793,0.031922527351624604,300,300,0,0,0,1.0,1.0,1.0,{},100.0,0.0,0.0,0.0,0.0,"[0.011959602459802002, 0.008620882220757983, 0.01738637651405477, 0.016239896194604662, 0.014462344478718055, 0.013833358505417705, 0.01376886219082542, 0.008788396590863149, 0.0022071433094068165]","[0.15125955320850942, 0.13793454011473216, 0.15348524607305036, 0.1636005195403632, 0.153005392193234, 0.16404198794613922, 0.20410612473693704, 0.22650393191108137, 0.03663558217406318]",2,2,0,1,80.6833333333334,94.52833333333328
development_validation,V1,algorithm_only,hold_channels,150,300,295,0,0.03916276927189955,0.059437715770364226,0.03916276927189955,300,300,0,0,0,1.0,1.0,1.0,{},150.0,0.0,0.0,0.0,0.0,"[0.011959602459802002, 0.008620882220757983, 0.01738637651405477, 0.016239896194604662, 0.014462344478718055, 0.013833358505417705, 0.01376886219082542, 0.008788396590863149, 0.0022071433094068165]","[0.15125955320850942, 0.13793454011473216, 0.15348524607305036, 0.1636005195403632, 0.153005392193234, 0.16404198794613922, 0.20410612473693704, 0.22650393191108137, 0.03663558217406318]",2,2,0,1,119.95000000000027,127.28500000000035
development_validation,V1,algorithm_only,hold_pose,50,300,298,0,0.01453192938686134,0.01967987442678562,0.01453192938686134,300,300,0,0,0,1.0,1.0,1.0,{},50.0,0.0,0.0,0.0,0.0,"[0.011959602459802002, 0.008620882220757983, 0.01738637651405477, 0.016239896194604662, 0.014462344478718055, 0.013833358505417705, 0.01376886219082542, 0.008788396590863149, 0.0022071433094068165]","[0.15125955320850942, 0.13793454011473216, 0.15348524607305036, 0.1636005195403632, 0.153005392193234, 0.16404198794613922, 0.20410612473693704, 0.22650393191108137, 0.03663558217406318]",2,2,0,0,15.983333333333576,30.368333333333794
development_validation,V1,algorithm_only,hold_pose,100,300,296,0,0.031922527351624604,0.03781144583979793,0.031922527351624604,300,300,0,0,0,1.0,1.0,1.0,{},100.0,0.0,0.0,0.0,0.0,"[0.011959602459802002, 0.008620882220757983, 0.01738637651405477, 0.016239896194604662, 0.014462344478718055, 0.013833358505417705, 0.01376886219082542, 0.008788396590863149, 0.0022071433094068165]","[0.15125955320850942, 0.13793454011473216, 0.15348524607305036, 0.1636005195403632, 0.153005392193234, 0.16404198794613922, 0.20410612473693704, 0.22650393191108137, 0.03663558217406318]",2,2,0,0,64.66666666666697,65.23666666666686
development_validation,V1,algorithm_only,hold_pose,150,300,295,0,0.03916276927189955,0.059437715770364226,0.03916276927189955,300,300,0,0,0,1.0,1.0,1.0,{},150.0,0.0,0.0,0.0,0.0,"[0.011959602459802002, 0.008620882220757983, 0.01738637651405477, 0.016239896194604662, 0.014462344478718055, 0.013833358505417705, 0.01376886219082542, 0.008788396590863149, 0.0022071433094068165]","[0.15125955320850942, 0.13793454011473216, 0.15348524607305036, 0.1636005195403632, 0.153005392193234, 0.16404198794613922, 0.20410612473693704, 0.22650393191108137, 0.03663558217406318]",2,2,0,0,103.93333333333385,111.01333333333355
development_validation,V1,algorithm_only,linear_pose_w2,50,300,298,0,0.010459528129507761,0.010939347428456741,0.010459528129507761,300,298,2,0,0,1.0,0.9933333333333333,0.9933333333333333,"{""history_warmup"": 2}",50.0,0.0,0.0,0.0,0.0,"[0.02265751832010146, 0.018790638087430558, 0.02873432672644421, 0.024978919094111315, 0.024536103669776932, 0.023117522346154617, 0.02514079576932289, 0.016897128994476526, 0.004474987971908703]","[0.16909582386561994, 0.14859878244041042, 0.19910132529378344, 0.22272195685002733, 0.22732991876946607, 0.23139005708085714, 0.22661734306339526, 0.24672566646894373, 0.04139486376643678]",2,2,0,2,15.983333333333576,30.368333333333794
development_validation,V1,algorithm_only,linear_pose_w2,100,300,296,0,0.030008198803760277,0.022405936282772494,0.030008198803760277,300,298,2,0,0,1.0,0.9933333333333333,0.9933333333333333,"{""history_warmup"": 2}",100.0,0.0,0.0,0.0,0.0,"[0.03521934801845803, 0.03024254174724566, 0.056473584989012976, 0.05819367376748755, 0.0565172702926293, 0.06432801743063918, 0.03648841548308202, 0.03519722437975419, 0.007571423161632405]","[0.25310053811197797, 0.23101378998521432, 0.28719037623070276, 0.29228758237928987, 0.4837026568231256, 0.48284761795908127, 0.40952822063224736, 0.3634781511243622, 0.06128536176178018]",2,2,0,8,-23.25,44.175
development_validation,V1,algorithm_only,linear_pose_w2,150,300,295,0,0.04245234269353272,0.0403833570394408,0.04245234269353272,300,298,2,0,0,1.0,0.9933333333333333,0.9933333333333333,"{""history_warmup"": 2}",150.0,0.0,0.0,0.0,0.0,"[0.05463889579492429, 0.039777990165274876, 0.10035443919867965, 0.10919428680722695, 0.09599590460100224, 0.09313742432288737, 0.05446956299494747, 0.05073551105576594, 0.010631041058924819]","[0.45653984473094544, 0.3758899287330243, 0.531033461807106, 0.5624960552885065, 0.6921083443415671, 0.6919785136593509, 0.6157308728905195, 0.589535040528551, 0.11374662354437313]",2,2,0,10,-15.983333333333121,30.368333333332927
development_validation,V1,algorithm_only,linear_pose_w4,50,300,298,0,0.011661241724673947,0.009119041286361413,0.011661241724673947,300,296,4,0,0,1.0,0.9866666666666667,0.9866666666666667,"{""history_warmup"": 4}",50.0,0.0,0.0,0.0,0.0,"[0.015428493745584266, 0.012629294192352642, 0.020304911299744505, 0.01838277822098497, 0.01907479364000696, 0.01746029472139401, 0.015809704031780003, 0.012418196006972101, 0.0033491761496353993]","[0.20713751820872883, 0.18557130100818786, 0.23770873914467586, 0.2615351306651064, 0.23224393702264468, 0.25804722670780933, 0.27623668917761124, 0.30220570472951014, 0.05042970759425314]",2,2,0,1,15.983333333333576,30.368333333333794
development_validation,V1,algorithm_only,linear_pose_w4,100,300,296,0,0.03313148046325254,0.02377456329028151,0.03313148046325254,300,296,4,0,0,1.0,0.9866666666666667,0.9866666666666667,"{""history_warmup"": 4}",100.0,0.0,0.0,0.0,0.0,"[0.02387913979892389, 0.016385610836700624, 0.030579935434313147, 0.029507064760617555, 0.02744017897870568, 0.026036114000949132, 0.028475410501414274, 0.026242495790555966, 0.005009407465082788]","[0.17130870046654667, 0.14824925592816557, 0.20867673990589686, 0.23288479181841545, 0.20468465779696876, 0.2308305338451305, 0.23007693114701389, 0.2492242892988677, 0.042116513406903616]",2,2,0,4,32.65000000000009,62.03500000000017
development_validation,V1,algorithm_only,linear_pose_w4,150,300,295,0,0.04515367951234687,0.042697249920704734,0.04515367951234687,300,296,4,0,0,1.0,0.9866666666666667,0.9866666666666667,"{""history_warmup"": 4}",150.0,0.0,0.0,0.0,0.0,"[0.027148285421318304, 0.020044813821583553, 0.0478883808550321, 0.04989669443988266, 0.03890179486405581, 0.04116137509178482, 0.03324447107175212, 0.03180699220508831, 0.0056422836046713925]","[0.1563161336113802, 0.13078145649629186, 0.1973534083960269, 0.22206088658672465, 0.219370509564909, 0.24318883594799917, 0.3309999702013518, 0.22619312738019254, 0.038782986505821904]",2,2,0,6,55.90000000000009,106.21000000000016
development_validation,V1,algorithm_only,linear_pose_w8,50,300,298,0,0.013239771269962772,0.014129609768908803,0.013239771269962772,300,294,6,0,0,1.0,0.98,0.98,"{""history_warmup"": 6}",50.0,0.0,0.0,0.0,0.0,"[0.01526132181854663, 0.013964943267356268, 0.021707508279791843, 0.019116318624219544, 0.017072027647403464, 0.017422285504323804, 0.01932714090535917, 0.013440438627939639, 0.0037239848712950136]","[0.1613515698303441, 0.14585148503578235, 0.17494710471948555, 0.18984180080263463, 0.17171388349803685, 0.18767017049810253, 0.2221282376385075, 0.23860304400400034, 0.039180768179262276]",2,2,0,5,15.983333333333576,30.368333333333794
development_validation,V1,algorithm_only,linear_pose_w8,100,300,296,0,0.035369879910027185,0.030772624908522322,0.035369879910027185,300,294,6,0,0,1.0,0.98,0.98,"{""history_warmup"": 6}",100.0,0.0,0.0,0.0,0.0,"[0.017390160042484535, 0.013078062746852784, 0.03612342540058646, 0.03792057718361148, 0.02305740778631743, 0.02482617709414797, 0.02077115478364982, 0.013980240771705085, 0.0040288744543566565]","[0.16528318167298645, 0.15054242960887007, 0.1976286447067761, 0.2197759652820809, 0.1907326317699949, 0.21422219577855578, 0.22366907514810447, 0.23822836945157266, 0.04027328234267463]",2,2,0,2,-87.29999999999995,165.8699999999999
development_validation,V1,algorithm_only,linear_pose_w8,150,300,295,0,0.043429938677922775,0.06263388486102581,0.043429938677922775,300,294,6,0,0,1.0,0.98,0.98,"{""history_warmup"": 6}",150.0,0.0,0.0,0.0,0.0,"[0.01761348763085331, 0.011998407100495139, 0.0412542984710538, 0.04073282212850548, 0.026108907953363594, 0.027729952109903273, 0.020904888884502936, 0.015594608703259403, 0.003793616900261179]","[0.1806514776668259, 0.16555597925666407, 0.1803633165013559, 0.20195606331860913, 0.17398470737752042, 0.19665761596773124, 0.19923057744049583, 0.23756731506152046, 0.0436901906988737]",2,2,0,2,-80.04999999999995,152.0949999999999
development_validation,V1,nominal,hold_channels,50,300,298,0,0.01453192938686134,0.01967987442678562,0.01453192938686134,300,300,0,0,0,1.0,1.0,1.0,{},27.87041499705083,20.334900000307243,22.12958500294917,42.09420000188402,0.0,"[0.011959602459802002, 0.008620882220757983, 0.01738637651405477, 0.016239896194604662, 0.014462344478718055, 0.013833358505417705, 0.01376886219082542, 0.008788396590863149, 0.0022071433094068165]","[0.15125955320850942, 0.13793454011473216, 0.15348524607305036, 0.1636005195403632, 0.153005392193234, 0.16404198794613922, 0.20410612473693704, 0.22650393191108137, 0.03663558217406318]",2,2,0,1,32.0,32.02999999999956
development_validation,V1,nominal,hold_channels,100,300,296,0,0.031922527351624604,0.03781144583979793,0.031922527351624604,300,300,0,0,0,1.0,1.0,1.0,{},77.87041499705083,20.334900000307243,22.12958500294917,42.09420000188402,0.0,"[0.011959602459802002, 0.008620882220757983, 0.01738637651405477, 0.016239896194604662, 0.014462344478718055, 0.013833358505417705, 0.01376886219082542, 0.008788396590863149, 0.0022071433094068165]","[0.15125955320850942, 0.13793454011473216, 0.15348524607305036, 0.1636005195403632, 0.153005392193234, 0.16404198794613922, 0.20410612473693704, 0.22650393191108137, 0.03663558217406318]",2,2,0,1,80.6833333333334,94.52833333333328
development_validation,V1,nominal,hold_channels,150,300,295,0,0.03916276927189955,0.059437715770364226,0.03916276927189955,300,300,0,0,0,1.0,1.0,1.0,{},127.87041499705083,20.334900000307243,22.12958500294917,42.09420000188402,0.0,"[0.011959602459802002, 0.008620882220757983, 0.01738637651405477, 0.016239896194604662, 0.014462344478718055, 0.013833358505417705, 0.01376886219082542, 0.008788396590863149, 0.0022071433094068165]","[0.15125955320850942, 0.13793454011473216, 0.15348524607305036, 0.1636005195403632, 0.153005392193234, 0.16404198794613922, 0.20410612473693704, 0.22650393191108137, 0.03663558217406318]",2,2,0,1,119.95000000000027,127.28500000000035
development_validation,V1,nominal,hold_pose,50,300,298,0,0.01453192938686134,0.01967987442678562,0.01453192938686134,300,297,3,0,3,1.0,0.99,0.99,"{""deadline_miss"": 3}",14.093950001370104,33.19965000082448,35.906049998629896,61.41420000130893,0.0,"[0.011959602459802002, 0.008620882220757983, 0.01738637651405477, 0.016239896194604662, 0.014462344478718055, 0.013833358505417705, 0.01376886219082542, 0.008788396590863149, 0.0022071433094068165]","[0.15125955320850942, 0.13793454011473216, 0.15348524607305036, 0.1636005195403632, 0.153005392193234, 0.16404198794613922, 0.20410612473693704, 0.22650393191108137, 0.03663558217406318]",2,2,0,1,15.983333333333576,30.368333333333794
development_validation,V1,nominal,hold_pose,100,300,296,0,0.031922527351624604,0.03781144583979793,0.031922527351624604,300,300,0,0,0,1.0,1.0,1.0,{},64.0939500013701,33.19965000082448,35.906049998629896,61.41420000130893,0.0,"[0.011959602459802002, 0.008620882220757983, 0.01738637651405477, 0.016239896194604662, 0.014462344478718055, 0.013833358505417705, 0.01376886219082542, 0.008788396590863149, 0.0022071433094068165]","[0.15125955320850942, 0.13793454011473216, 0.15348524607305036, 0.1636005195403632, 0.153005392193234, 0.16404198794613922, 0.20410612473693704, 0.22650393191108137, 0.03663558217406318]",2,2,0,0,64.66666666666697,65.23666666666686
development_validation,V1,nominal,hold_pose,150,300,295,0,0.03916276927189955,0.059437715770364226,0.03916276927189955,300,300,0,0,0,1.0,1.0,1.0,{},114.0939500013701,33.19965000082448,35.906049998629896,61.41420000130893,0.0,"[0.011959602459802002, 0.008620882220757983, 0.01738637651405477, 0.016239896194604662, 0.014462344478718055, 0.013833358505417705, 0.01376886219082542, 0.008788396590863149, 0.0022071433094068165]","[0.15125955320850942, 0.13793454011473216, 0.15348524607305036, 0.1636005195403632, 0.153005392193234, 0.16404198794613922, 0.20410612473693704, 0.22650393191108137, 0.03663558217406318]",2,2,0,0,103.93333333333385,111.01333333333355
development_validation,V1,nominal,linear_pose_w2,50,300,298,0,0.010461596175713706,0.010939347428456741,0.010461596175713706,300,297,3,0,1,1.0,0.99,0.99,"{""history_warmup"": 2, ""deadline_miss"": 1}",14.392870001756819,33.17275000154041,35.60712999824318,55.0641000008909,0.0,"[0.02265751832010146, 0.018790638087430558, 0.02873432672644421, 0.024978919094111315, 0.024536103669776932, 0.023117522346154617, 0.02514079576932289, 0.016897128994476526, 0.004474987971908703]","[0.16909582386561994, 0.14859878244041042, 0.19910132529378344, 0.22272195685002733, 0.22732991876946607, 0.23139005708085714, 0.22661734306339526, 0.24672566646894373, 0.04139486376643678]",2,2,0,2,15.983333333333576,30.368333333333794
development_validation,V1,nominal,linear_pose_w2,100,300,296,0,0.030008198803760277,0.022405936282772494,0.030008198803760277,300,298,2,0,0,1.0,0.9933333333333333,0.9933333333333333,"{""history_warmup"": 2}",64.39287000175682,33.17275000154041,35.60712999824318,55.0641000008909,0.0,"[0.03521934801845803, 0.03024254174724566, 0.056473584989012976, 0.05819367376748755, 0.0565172702926293, 0.06432801743063918, 0.03648841548308202, 0.03519722437975419, 0.007571423161632405]","[0.25310053811197797, 0.23101378998521432, 0.28719037623070276, 0.29228758237928987, 0.4837026568231256, 0.48284761795908127, 0.40952822063224736, 0.3634781511243622, 0.06128536176178018]",2,2,0,8,-23.25,44.175
development_validation,V1,nominal,linear_pose_w2,150,300,295,0,0.04245234269353272,0.0403833570394408,0.04245234269353272,300,298,2,0,0,1.0,0.9933333333333333,0.9933333333333333,"{""history_warmup"": 2}",114.39287000175682,33.17275000154041,35.60712999824318,55.0641000008909,0.0,"[0.05463889579492429, 0.039777990165274876, 0.10035443919867965, 0.10919428680722695, 0.09599590460100224, 0.09313742432288737, 0.05446956299494747, 0.05073551105576594, 0.010631041058924819]","[0.45653984473094544, 0.3758899287330243, 0.531033461807106, 0.5624960552885065, 0.6921083443415671, 0.6919785136593509, 0.6157308728905195, 0.589535040528551, 0.11374662354437313]",2,2,0,10,-15.983333333333121,30.368333333332927
development_validation,V1,nominal,linear_pose_w4,50,300,298,0,0.01166300545806922,0.009119041286361413,0.01166300545806922,300,295,5,0,1,1.0,0.9833333333333333,0.9833333333333333,"{""history_warmup"": 4, ""deadline_miss"": 1}",14.779454999188602,33.24885000074573,35.2205450008114,55.61849999867263,0.0,"[0.015454364433656784, 0.012629294192352642, 0.020304911299744505, 0.01838277822098497, 0.01907479364000696, 0.01746029472139401, 0.015809704031780003, 0.012418196006972101, 0.0033491761496353993]","[0.20713751820872883, 0.18557130100818786, 0.23770873914467586, 0.2615351306651064, 0.23224393702264468, 0.25804722670780933, 0.27623668917761124, 0.30220570472951014, 0.05042970759425314]",2,2,0,1,15.983333333333576,30.368333333333794
development_validation,V1,nominal,linear_pose_w4,100,300,296,0,0.03313148046325254,0.02377456329028151,0.03313148046325254,300,296,4,0,0,1.0,0.9866666666666667,0.9866666666666667,"{""history_warmup"": 4}",64.7794549991886,33.24885000074573,35.2205450008114,55.61849999867263,0.0,"[0.02387913979892389, 0.016385610836700624, 0.030579935434313147, 0.029507064760617555, 0.02744017897870568, 0.026036114000949132, 0.028475410501414274, 0.026242495790555966, 0.005009407465082788]","[0.17130870046654667, 0.14824925592816557, 0.20867673990589686, 0.23288479181841545, 0.20468465779696876, 0.2308305338451305, 0.23007693114701389, 0.2492242892988677, 0.042116513406903616]",2,2,0,4,32.65000000000009,62.03500000000017
development_validation,V1,nominal,linear_pose_w4,150,300,295,0,0.04515367951234687,0.042697249920704734,0.04515367951234687,300,296,4,0,0,1.0,0.9866666666666667,0.9866666666666667,"{""history_warmup"": 4}",114.7794549991886,33.24885000074573,35.2205450008114,55.61849999867263,0.0,"[0.027148285421318304, 0.020044813821583553, 0.0478883808550321, 0.04989669443988266, 0.03890179486405581, 0.04116137509178482, 0.03324447107175212, 0.03180699220508831, 0.0056422836046713925]","[0.1563161336113802, 0.13078145649629186, 0.1973534083960269, 0.22206088658672465, 0.219370509564909, 0.24318883594799917, 0.3309999702013518, 0.22619312738019254, 0.038782986505821904]",2,2,0,6,55.90000000000009,106.21000000000016
development_validation,V1,nominal,linear_pose_w8,50,300,298,0,0.013241846772991039,0.014129609768908803,0.013241846772991039,300,293,7,0,1,1.0,0.9766666666666667,0.9766666666666667,"{""history_warmup"": 6, ""deadline_miss"": 1}",14.961319999747502,33.27829999943788,35.0386800002525,56.08899999788264,0.0,"[0.015428008156924819, 0.013964943267356268, 0.021707508279791843, 0.019116318624219544, 0.017072027647403464, 0.017422285504323804, 0.01932714090535917, 0.013440438627939639, 0.0037239848712950136]","[0.1613515698303441, 0.14585148503578235, 0.17494710471948555, 0.18984180080263463, 0.17171388349803685, 0.18767017049810253, 0.2221282376385075, 0.23860304400400034, 0.039180768179262276]",2,2,0,5,15.983333333333576,30.368333333333794
development_validation,V1,nominal,linear_pose_w8,100,300,296,0,0.035369879910027185,0.030772624908522322,0.035369879910027185,300,294,6,0,0,1.0,0.98,0.98,"{""history_warmup"": 6}",64.9613199997475,33.27829999943788,35.0386800002525,56.08899999788264,0.0,"[0.017390160042484535, 0.013078062746852784, 0.03612342540058646, 0.03792057718361148, 0.02305740778631743, 0.02482617709414797, 0.02077115478364982, 0.013980240771705085, 0.0040288744543566565]","[0.16528318167298645, 0.15054242960887007, 0.1976286447067761, 0.2197759652820809, 0.1907326317699949, 0.21422219577855578, 0.22366907514810447, 0.23822836945157266, 0.04027328234267463]",2,2,0,2,-87.29999999999995,165.8699999999999
development_validation,V1,nominal,linear_pose_w8,150,300,295,0,0.043429938677922775,0.06263388486102581,0.043429938677922775,300,294,6,0,0,1.0,0.98,0.98,"{""history_warmup"": 6}",114.9613199997475,33.27829999943788,35.0386800002525,56.08899999788264,0.0,"[0.01761348763085331, 0.011998407100495139, 0.0412542984710538, 0.04073282212850548, 0.026108907953363594, 0.027729952109903273, 0.020904888884502936, 0.015594608703259403, 0.003793616900261179]","[0.1806514776668259, 0.16555597925666407, 0.1803633165013559, 0.20195606331860913, 0.17398470737752042, 0.19665761596773124, 0.19923057744049583, 0.23756731506152046, 0.0436901906988737]",2,2,0,2,-80.04999999999995,152.0949999999999
development_validation,V1,jitter_drop,hold_channels,50,300,298,20,0.2594678733270469,1.0,0.014985128368876402,280,280,0,20,3,0.9333333333333333,0.9333333333333333,0.9333333333333333,"{""deadline_miss"": 3, ""source_drop"": 17}",8.83717999975488,29.8445999994874,41.16282000024512,62.093299998668954,0.0,"[0.012197015040276376, 0.008298348771514651, 0.01794972504357982, 0.01639025733323054, 0.014671175906075824, 0.01467987264263474, 0.013743891963397379, 0.0093550217536515, 0.0024664676258484473]","[0.15125955320850942, 0.13793454011473216, 0.15348524607305036, 0.1636005195403632, 0.153005392193234, 0.16404198794613922, 0.20410612473693704, 0.22650393191108137, 0.03663558217406318]",2,2,0,16,32.0,32.02999999999956
development_validation,V1,jitter_drop,hold_channels,100,300,296,17,0.24175552972549263,1.0,0.03278789778287484,283,283,0,17,0,0.9433333333333334,0.9433333333333334,0.9433333333333334,"{""source_drop"": 17}",58.83717999975488,29.8445999994874,41.16282000024512,62.093299998668954,0.0,"[0.012130747868030874, 0.008171178505306154, 0.017795391896785428, 0.016289183396058737, 0.014611643665563853, 0.014481003576861069, 0.01356113601188794, 0.009221237810974222, 0.002393987766330847]","[0.15125955320850942, 0.13793454011473216, 0.15348524607305036, 0.1636005195403632, 0.153005392193234, 0.16404198794613922, 0.20410612473693704, 0.22650393191108137, 0.03663558217406318]",2,2,0,16,80.6833333333334,94.52833333333328
development_validation,V1,jitter_drop,hold_channels,150,300,295,17,0.24320612405876346,1.0,0.04018927968334381,283,283,0,17,0,0.9433333333333334,0.9433333333333334,0.9433333333333334,"{""source_drop"": 17}",108.83717999975488,29.8445999994874,41.16282000024512,62.093299998668954,0.0,"[0.012130747868030874, 0.008171178505306154, 0.017795391896785428, 0.016289183396058737, 0.014611643665563853, 0.014481003576861069, 0.01356113601188794, 0.009221237810974222, 0.002393987766330847]","[0.15125955320850942, 0.13793454011473216, 0.15348524607305036, 0.1636005195403632, 0.153005392193234, 0.16404198794613922, 0.20410612473693704, 0.22650393191108137, 0.03663558217406318]",2,2,0,16,119.95000000000027,127.28500000000035
development_validation,V1,jitter_drop,hold_pose,50,300,298,20,0.2594678733270469,1.0,0.014985128368876402,280,207,73,20,76,0.9333333333333333,0.69,0.69,"{""deadline_miss"": 76, ""source_drop"": 17}",-4.211900000445894,42.57170000142651,54.21190000044589,74.7575999989931,0.0,"[0.012197015040276376, 0.008298348771514651, 0.01794972504357982, 0.01639025733323054, 0.014671175906075824, 0.01467987264263474, 0.013743891963397379, 0.0093550217536515, 0.0024664676258484473]","[0.15125955320850942, 0.13793454011473216, 0.15348524607305036, 0.1636005195403632, 0.153005392193234, 0.16404198794613922, 0.20410612473693704, 0.22650393191108137, 0.03663558217406318]",2,1,1,6,31.96666666666715,31.96666666666715
development_validation,V1,jitter_drop,hold_pose,100,300,296,17,0.24175552972549263,1.0,0.03278789778287484,283,283,0,17,0,0.9433333333333334,0.9433333333333334,0.9433333333333334,"{""source_drop"": 17}",45.788099999554106,42.57170000142651,54.21190000044589,74.7575999989931,0.0,"[0.012130747868030874, 0.008171178505306154, 0.017795391896785428, 0.016289183396058737, 0.014611643665563853, 0.014481003576861069, 0.01356113601188794, 0.009221237810974222, 0.002393987766330847]","[0.15125955320850942, 0.13793454011473216, 0.15348524607305036, 0.1636005195403632, 0.153005392193234, 0.16404198794613922, 0.20410612473693704, 0.22650393191108137, 0.03663558217406318]",2,1,1,0,65.30000000000018,65.30000000000018
development_validation,V1,jitter_drop,hold_pose,150,300,295,17,0.24320612405876346,1.0,0.04018927968334381,283,283,0,17,0,0.9433333333333334,0.9433333333333334,0.9433333333333334,"{""source_drop"": 17}",95.7880999995541,42.57170000142651,54.21190000044589,74.7575999989931,0.0,"[0.012130747868030874, 0.008171178505306154, 0.017795391896785428, 0.016289183396058737, 0.014611643665563853, 0.014481003576861069, 0.01356113601188794, 0.009221237810974222, 0.002393987766330847]","[0.15125955320850942, 0.13793454011473216, 0.15348524607305036, 0.1636005195403632, 0.153005392193234, 0.16404198794613922, 0.20410612473693704, 0.22650393191108137, 0.03663558217406318]",2,1,1,0,111.80000000000018,111.80000000000018
development_validation,V1,jitter_drop,linear_pose_w2,50,300,298,20,0.2592818895051411,1.0,0.011006092354100149,280,183,97,20,67,0.9333333333333333,0.61,0.61,"{""history_warmup"": 33, ""deadline_miss"": 67, ""source_drop"": 17}",-3.878169998934027,42.050066667682586,53.87816999893403,74.68699999983073,0.0,"[0.027511097153482482, 0.0220669436532325, 0.03932921932404408, 0.032709752715050944, 0.03193668444586061, 0.029222481779097358, 0.024675617793423713, 0.01192575515751084, 0.005884518307528668]","[0.16909582386561994, 0.14859878244041042, 0.19910132529378344, 0.22272195685002733, 0.20498146256114005, 0.23139005708085714, 0.22661734306339526, 0.24672566646894373, 0.04139486376643678]",2,2,0,17,32.0,32.02999999999956
development_validation,V1,jitter_drop,linear_pose_w2,100,300,296,17,0.24153001680467556,1.0,0.030974478408039956,283,250,33,17,0,0.9433333333333334,0.8333333333333334,0.8333333333333334,"{""history_warmup"": 33, ""source_drop"": 17}",46.12183000106597,42.050066667682586,53.87816999893403,74.68699999983073,0.0,"[0.03599560057139775, 0.033530999394883555, 0.07447606253643158, 0.06325584876109581, 0.08160581135309003, 0.07730399909149703, 0.050079943576546326, 0.03471561911728337, 0.009175831927055763]","[0.25310053811197797, 0.23101378998521432, 0.28719037623070276, 0.29228758237928987, 0.4837026568231256, 0.48284761795908127, 0.40952822063224736, 0.3634781511243622, 0.06128536176178018]",2,2,0,24,-23.25,44.175
development_validation,V1,jitter_drop,linear_pose_w2,150,300,295,17,0.24381311224151156,1.0,0.04391890588473155,283,250,33,17,0,0.9433333333333334,0.8333333333333334,0.8333333333333334,"{""history_warmup"": 33, ""source_drop"": 17}",96.12183000106597,42.050066667682586,53.87816999893403,74.68699999983073,0.0,"[0.05841636565061538, 0.06404424151008427, 0.13376597778106716, 0.13160691408964365, 0.11117075690504845, 0.1188033330266222, 0.07171692431177402, 0.06356006932718117, 0.017520494434869527]","[0.45653984473094544, 0.3758899287330243, 0.531033461807106, 0.5624960552885065, 0.6921083443415671, 0.6919785136593509, 0.6157308728905195, 0.589535040528551, 0.11374662354437313]",2,2,0,26,-15.983333333333121,30.368333333332927
development_validation,V1,jitter_drop,linear_pose_w4,50,300,298,20,0.25933437295793366,1.0,0.012260139725168939,280,159,121,20,59,0.9333333333333333,0.53,0.53,"{""history_warmup"": 67, ""deadline_miss"": 57, ""source_drop"": 17}",-3.661539999593515,41.21880000049714,53.661539999593515,63.98310000033234,0.0,"[0.020922938864299533, 0.01827136700077331, 0.029131237419698763, 0.02563168905354956, 0.02321887191546398, 0.020400306209197527, 0.018561003149282527, 0.017635521762782966, 0.004865812499178932]","[0.20713751820872883, 0.18557130100818786, 0.23770873914467586, 0.2615351306651064, 0.23224393702264468, 0.25804722670780933, 0.27623668917761124, 0.30220570472951014, 0.05042970759425314]",2,2,0,16,32.0,32.02999999999956
development_validation,V1,jitter_drop,linear_pose_w4,100,300,296,17,0.24196474369957224,1.0,0.034386242211453734,283,216,67,17,0,0.9433333333333334,0.72,0.72,"{""history_warmup"": 67, ""source_drop"": 17}",46.338460000406485,41.21880000049714,53.661539999593515,63.98310000033234,0.0,"[0.025408329560287046, 0.024035743187582528, 0.046249900583721956, 0.034828886458365876, 0.03408639085044913, 0.03391600570043318, 0.0340799056135726, 0.02782687340014108, 0.006459268812082411]","[0.17130870046654667, 0.14824925592816557, 0.20867673990589686, 0.23288479181841545, 0.20468465779696876, 0.2308305338451305, 0.23007693114701389, 0.2492242892988677, 0.042116513406903616]",2,2,0,20,32.65000000000009,62.03500000000017
development_validation,V1,jitter_drop,linear_pose_w4,150,300,295,17,0.24437936393411588,1.0,0.047140372326964324,283,216,67,17,0,0.9433333333333334,0.72,0.72,"{""history_warmup"": 67, ""source_drop"": 17}",96.33846000040649,41.21880000049714,53.661539999593515,63.98310000033234,0.0,"[0.03181384731300197, 0.024595035419248998, 0.05834540204873619, 0.0515087497915892, 0.047812374831762976, 0.04760906894095357, 0.03867551617235913, 0.03307434704295173, 0.008003074098321676]","[0.1563161336113802, 0.13078145649629186, 0.1973534083960269, 0.22206088658672465, 0.219370509564909, 0.24318883594799917, 0.3309999702013518, 0.22619312738019254, 0.038782986505821904]",2,2,0,22,55.90000000000009,106.21000000000016
development_validation,V1,jitter_drop,linear_pose_w8,50,300,298,20,0.25943674359268337,1.0,0.014395783997728374,280,111,169,20,42,0.9333333333333333,0.37,0.37,"{""history_warmup"": 132, ""deadline_miss"": 40, ""source_drop"": 17}",-3.410110000477289,39.371300000784686,53.41011000047729,63.77850000309991,0.0,"[0.01668340172660826, 0.01625338574262149, 0.030856626575636755, 0.029914998306605718, 0.020002745310115748, 0.018526274008682314, 0.01820834431525256, 0.014936098979815049, 0.004090274316243152]","[0.1613515698303441, 0.14585148503578235, 0.17494710471948555, 0.18984180080263463, 0.17171388349803685, 0.18767017049810253, 0.2221282376385075, 0.23860304400400034, 0.039180768179262276]",2,2,0,20,32.0,32.02999999999956
development_validation,V1,jitter_drop,linear_pose_w8,100,300,296,17,0.24230936222501892,1.0,0.036871023799040364,283,151,132,17,0,0.9433333333333334,0.5033333333333333,0.5033333333333333,"{""history_warmup"": 132, ""source_drop"": 17}",46.58988999952271,39.371300000784686,53.41011000047729,63.77850000309991,0.0,"[0.016521188425644172, 0.015872724013309435, 0.035575872510878064, 0.03583024562425786, 0.022144521469058612, 0.023469519099270243, 0.01974547532405687, 0.011179547855104293, 0.0042327264035491715]","[0.3677302528098687, 0.3462396824803882, 0.2876941551233122, 0.2803848446733744, 0.31793703465127365, 0.31153900096791926, 0.4453748951307157, 0.5067890418149383, 0.08821030029483029]",2,2,0,18,-71.30000000000018,135.47000000000034
development_validation,V1,jitter_drop,linear_pose_w8,150,300,295,17,0.2438701623654686,1.0,0.04425374622142458,283,151,132,17,0,0.9433333333333334,0.5033333333333333,0.5033333333333333,"{""history_warmup"": 132, ""source_drop"": 17}",96.58988999952271,39.371300000784686,53.41011000047729,63.77850000309991,0.0,"[0.017066655776236863, 0.01624482483005445, 0.04885049318244853, 0.04725310869436986, 0.020657293919057452, 0.018702200349029852, 0.019451782093716227, 0.009221237810974222, 0.004738756637664418]","[0.42977411272001104, 0.3942928878963254, 0.36771104077278516, 0.3716170267296964, 0.4027088316373803, 0.409883746813867, 0.525803238540154, 0.5935510434505882, 0.10390616180264461]",2,2,0,18,-48.05000000000018,91.29500000000034
development_validation,V1,compute_load,hold_channels,50,300,298,268,0.9483361865426213,1.0,0.011215712859005791,30,0,30,270,221,0.1,0.0,0.0,"{""deadline_miss"": 221, ""baseline_queue_replaced"": 79}",-62.37403334087185,97.49686667152946,112.37403334087185,125.71846665173962,0.0,"[0.01656799390779624, 0.011025008221199013, 0.03943370697586611, 0.03312724543002268, 0.004994621946565416, 0.007187294864799763, 0.0035901879202093825, 0.004894790833693876, 0.002934972485319928]","[0.018664216317129223, 0.012351628493062261, 0.046008529933684206, 0.03862360694795064, 0.005270028157039919, 0.007905042235559878, 0.003623144357964958, 0.005235449656404267, 0.003293767598149963]",2,0,2,4,,
development_validation,V1,compute_load,hold_channels,100,300,296,78,0.5142176208124584,1.0,0.035078510894368635,221,131,90,79,90,0.7366666666666667,0.43666666666666665,0.43666666666666665,"{""deadline_miss"": 90, ""baseline_queue_replaced"": 79}",-12.374033340871847,97.49686667152946,112.37403334087185,125.71846665173962,0.0,"[0.011095254246377473, 0.010883708671903358, 0.01791225343470848, 0.01623285516582551, 0.013550099545769023, 0.012861944690502725, 0.014218326284530347, 0.005235449656404267, 0.002829286476238174]","[0.06381390569310896, 0.05900446245945076, 0.049255519791236074, 0.04706880251945005, 0.07852035042329464, 0.06654633215505801, 0.07296418425210702, 0.08719029077029919, 0.015392247867685116]",2,2,0,73,80.6833333333334,94.52833333333328
development_validation,V1,compute_load,hold_channels,150,300,295,78,0.5154871105152863,1.0,0.042364096978733515,221,221,0,79,0,0.7366666666666667,0.7366666666666667,0.7366666666666667,"{""baseline_queue_replaced"": 79}",37.62596665912815,97.49686667152946,112.37403334087185,125.71846665173962,0.0,"[0.011095254246377473, 0.010883708671903358, 0.01791225343470848, 0.01623285516582551, 0.013550099545769023, 0.012861944690502725, 0.014218326284530347, 0.005235449656404267, 0.002829286476238174]","[0.06381390569310896, 0.05900446245945076, 0.049255519791236074, 0.04706880251945005, 0.07852035042329464, 0.06654633215505801, 0.07296418425210702, 0.08719029077029919, 0.015392247867685116]",2,2,0,73,119.95000000000027,127.28500000000035
development_validation,V1,compute_load,hold_pose,50,300,298,268,0.9483361865426213,1.0,0.011215712859005791,30,0,30,270,219,0.1,0.0,0.0,"{""deadline_miss"": 130, ""baseline_queue_replaced"": 79, ""history_reset_before_ready"": 78, ""prediction_queue_replaced"": 13}",-109.18863001967361,130.87533334437325,159.1886300196736,197.91163335361216,43.55887168769545,"[0.01656799390779624, 0.011025008221199013, 0.03943370697586611, 0.03312724543002268, 0.004994621946565416, 0.007187294864799763, 0.0035901879202093825, 0.004894790833693876, 0.002934972485319928]","[0.018664216317129223, 0.012351628493062261, 0.046008529933684206, 0.03862360694795064, 0.005270028157039919, 0.007905042235559878, 0.003623144357964958, 0.005235449656404267, 0.003293767598149963]",2,0,2,4,,
development_validation,V1,compute_load,hold_pose,100,300,296,78,0.5142176208124584,1.0,0.035078510894368635,221,3,218,79,205,0.7366666666666667,0.01,0.01,"{""deadline_miss"": 127, ""baseline_queue_replaced"": 79, ""history_reset_before_ready"": 78, ""prediction_queue_replaced"": 13}",-59.18863001967361,130.87533334437325,159.1886300196736,197.91163335361216,43.55887168769545,"[0.011095254246377473, 0.010883708671903358, 0.01791225343470848, 0.01623285516582551, 0.013550099545769023, 0.012861944690502725, 0.014218326284530347, 0.005235449656404267, 0.002829286476238174]","[0.06381390569310896, 0.05900446245945076, 0.049255519791236074, 0.04706880251945005, 0.07852035042329464, 0.06654633215505801, 0.07296418425210702, 0.08719029077029919, 0.015392247867685116]",2,2,0,71,80.6833333333334,94.52833333333328
development_validation,V1,compute_load,hold_pose,150,300,295,78,0.5154871105152863,1.0,0.042364096978733515,221,124,97,79,32,0.7366666666666667,0.41333333333333333,0.41333333333333333,"{""baseline_queue_replaced"": 79, ""history_reset_before_ready"": 78, ""prediction_queue_replaced"": 13, ""deadline_miss"": 6}",-9.18863001967361,130.87533334437325,159.1886300196736,197.91163335361216,43.55887168769545,"[0.011095254246377473, 0.010883708671903358, 0.01791225343470848, 0.01623285516582551, 0.013550099545769023, 0.012861944690502725, 0.014218326284530347, 0.005235449656404267, 0.002829286476238174]","[0.06381390569310896, 0.05900446245945076, 0.049255519791236074, 0.04706880251945005, 0.07852035042329464, 0.06654633215505801, 0.07296418425210702, 0.08719029077029919, 0.015392247867685116]",2,1,1,8,111.80000000000018,111.80000000000018
development_validation,V1,compute_load,linear_pose_w2,50,300,298,268,0.9483361865426213,1.0,0.011215712859005791,30,0,30,270,196,0.1,0.0,0.0,"{""history_warmup"": 150, ""baseline_queue_replaced"": 79, ""deadline_miss"": 24, ""history_reset_before_ready"": 47}",-76.40246665410587,99.08296665295302,126.40246665410587,142.58796664900456,5.906600002635969,"[0.01656799390779624, 0.011025008221199013, 0.03943370697586611, 0.03312724543002268, 0.004994621946565416, 0.007187294864799763, 0.0035901879202093825, 0.004894790833693876, 0.002934972485319928]","[0.018664216317129223, 0.012351628493062261, 0.046008529933684206, 0.03862360694795064, 0.005270028157039919, 0.007905042235559878, 0.003623144357964958, 0.005235449656404267, 0.003293767598149963]",2,0,2,4,,
development_validation,V1,compute_load,linear_pose_w2,100,300,296,78,0.5142258346063897,1.0,0.03524162058546944,221,6,215,79,65,0.7366666666666667,0.02,0.02,"{""history_warmup"": 150, ""baseline_queue_replaced"": 79, ""deadline_miss"": 18, ""history_reset_before_ready"": 47}",-26.402466654105865,99.08296665295302,126.40246665410587,142.58796664900456,5.906600002635969,"[0.01252701623969854, 0.012140516510357413, 0.01791225343470848, 0.01623285516582551, 0.014197949542368526, 0.01494259736164183, 0.014218326284530347, 0.009547207183916773, 0.003237471069428649]","[0.06381390569310896, 0.05900446245945076, 0.1728742609575703, 0.14409769083490875, 0.07852035042329464, 0.06654633215505801, 0.07296418425210702, 0.08719029077029919, 0.015392247867685116]",2,2,0,73,80.6833333333334,94.52833333333328
development_validation,V1,compute_load,linear_pose_w2,150,300,295,78,0.5154577534873659,1.0,0.041875677911641054,221,24,197,79,0,0.7366666666666667,0.08,0.08,"{""history_warmup"": 150, ""baseline_queue_replaced"": 79, ""history_reset_before_ready"": 47}",23.597533345894135,99.08296665295302,126.40246665410587,142.58796664900456,5.906600002635969,"[0.026654113498529322, 0.025053145822538175, 0.02673549601939651, 0.02376238222436866, 0.025985874136630227, 0.023796157931247564, 0.022677373332201878, 0.014617054201854551, 0.006397122209535588]","[0.1468683891089197, 0.1459164036497469, 0.24659574975384302, 0.20680968144861422, 0.44330394763863323, 0.46586235753325184, 0.333513676983691, 0.08476518766606833, 0.038911040973265865]",2,2,0,74,119.95000000000027,127.28500000000035
development_validation,V1,compute_load,linear_pose_w4,50,300,298,268,0.9483361865426213,1.0,0.011215712859005791,30,0,30,270,192,0.1,0.0,0.0,"{""history_warmup"": 208, ""baseline_queue_replaced"": 79, ""deadline_miss"": 2, ""history_reset_before_ready"": 11}",-68.64256664644654,97.51946666899403,118.64256664644654,126.331566675457,0.0,"[0.01656799390779624, 0.011025008221199013, 0.03943370697586611, 0.03312724543002268, 0.004994621946565416, 0.007187294864799763, 0.0035901879202093825, 0.004894790833693876, 0.002934972485319928]","[0.018664216317129223, 0.012351628493062261, 0.046008529933684206, 0.03862360694795064, 0.005270028157039919, 0.007905042235559878, 0.003623144357964958, 0.005235449656404267, 0.003293767598149963]",2,0,2,4,,
development_validation,V1,compute_load,linear_pose_w4,100,300,296,78,0.5142176208124584,1.0,0.035078510894368635,221,1,220,79,12,0.7366666666666667,0.0033333333333333335,0.0033333333333333335,"{""history_warmup"": 208, ""baseline_queue_replaced"": 79, ""deadline_miss"": 1, ""history_reset_before_ready"": 11}",-18.64256664644654,97.51946666899403,118.64256664644654,126.331566675457,0.0,"[0.011095254246377473, 0.010883708671903358, 0.01791225343470848, 0.01623285516582551, 0.013550099545769023, 0.012861944690502725, 0.014218326284530347, 0.005235449656404267, 0.002829286476238174]","[0.06381390569310896, 0.05900446245945076, 0.049255519791236074, 0.04706880251945005, 0.07852035042329464, 0.06654633215505801, 0.07296418425210702, 0.08719029077029919, 0.015392247867685116]",2,2,0,73,80.6833333333334,94.52833333333328
development_validation,V1,compute_load,linear_pose_w4,150,300,295,78,0.5154871105152863,1.0,0.042364096978733515,221,2,219,79,0,0.7366666666666667,0.006666666666666667,0.006666666666666667,"{""history_warmup"": 208, ""baseline_queue_replaced"": 79, ""history_reset_before_ready"": 11}",31.35743335355346,97.51946666899403,118.64256664644654,126.331566675457,0.0,"[0.011095254246377473, 0.010883708671903358, 0.01791225343470848, 0.01623285516582551, 0.013550099545769023, 0.012861944690502725, 0.014218326284530347, 0.005235449656404267, 0.002829286476238174]","[0.06381390569310896, 0.05900446245945076, 0.049255519791236074, 0.04706880251945005, 0.07852035042329464, 0.06654633215505801, 0.07296418425210702, 0.08719029077029919, 0.015392247867685116]",2,2,0,73,119.95000000000027,127.28500000000035
development_validation,V1,compute_load,linear_pose_w8,50,300,298,268,0.9483361865426213,1.0,0.011215712859005791,30,0,30,270,191,0.1,0.0,0.0,"{""history_warmup"": 221, ""baseline_queue_replaced"": 79}",-62.41853334138477,97.52686666713362,112.41853334138477,125.77286665123847,0.0,"[0.01656799390779624, 0.011025008221199013, 0.03943370697586611, 0.03312724543002268, 0.004994621946565416, 0.007187294864799763, 0.0035901879202093825, 0.004894790833693876, 0.002934972485319928]","[0.018664216317129223, 0.012351628493062261, 0.046008529933684206, 0.03862360694795064, 0.005270028157039919, 0.007905042235559878, 0.003623144357964958, 0.005235449656404267, 0.003293767598149963]",2,0,2,4,,
development_validation,V1,compute_load,linear_pose_w8,100,300,296,78,0.5142176208124584,1.0,0.035078510894368635,221,0,221,79,0,0.7366666666666667,0.0,0.0,"{""history_warmup"": 221, ""baseline_queue_replaced"": 79}",-12.418533341384773,97.52686666713362,112.41853334138477,125.77286665123847,0.0,"[0.011095254246377473, 0.010883708671903358, 0.01791225343470848, 0.01623285516582551, 0.013550099545769023, 0.012861944690502725, 0.014218326284530347, 0.005235449656404267, 0.002829286476238174]","[0.06381390569310896, 0.05900446245945076, 0.049255519791236074, 0.04706880251945005, 0.07852035042329464, 0.06654633215505801, 0.07296418425210702, 0.08719029077029919, 0.015392247867685116]",2,2,0,73,80.6833333333334,94.52833333333328
development_validation,V1,compute_load,linear_pose_w8,150,300,295,78,0.5154871105152863,1.0,0.042364096978733515,221,0,221,79,0,0.7366666666666667,0.0,0.0,"{""history_warmup"": 221, ""baseline_queue_replaced"": 79}",37.58146665861523,97.52686666713362,112.41853334138477,125.77286665123847,0.0,"[0.011095254246377473, 0.010883708671903358, 0.01791225343470848, 0.01623285516582551, 0.013550099545769023, 0.012861944690502725, 0.014218326284530347, 0.005235449656404267, 0.002829286476238174]","[0.06381390569310896, 0.05900446245945076, 0.049255519791236074, 0.04706880251945005, 0.07852035042329464, 0.06654633215505801, 0.07296418425210702, 0.08719029077029919, 0.015392247867685116]",2,2,0,73,119.95000000000027,127.28500000000035
development_validation,V2,algorithm_only,hold_channels,50,300,298,0,0.03448215300815961,0.08999957788914353,0.03448215300815961,300,300,0,0,0,1.0,1.0,1.0,{},50.0,0.0,0.0,0.0,0.0,"[0.09452334229222434, 0.10467225387109681, 0.10450208285330896, 0.08707329892593511, 0.012740203561494044, 0.012139668532591758, 0.010778452938894293, 0.010000817991714055, 0.015048456490547025]","[0.19486588459491408, 0.23188839695138236, 0.2640845493735399, 0.22298263102510374, 0.22072803554023473, 0.2388240730733407, 0.24202032473715365, 0.3331762851403967, 0.25]",4,4,0,1,31.983333333333576,32.0950000000003
development_validation,V2,algorithm_only,hold_channels,100,300,296,0,0.0679115241151386,0.18609060125514365,0.0679115241151386,300,300,0,0,0,1.0,1.0,1.0,{},100.0,0.0,0.0,0.0,0.0,"[0.09452334229222434, 0.10467225387109681, 0.10450208285330896, 0.08707329892593511, 0.012740203561494044, 0.012139668532591758, 0.010778452938894293, 0.010000817991714055, 0.015048456490547025]","[0.19486588459491408, 0.23188839695138236, 0.2640845493735399, 0.22298263102510374, 0.22072803554023473, 0.2388240730733407, 0.24202032473715365, 0.3331762851403967, 0.25]",4,4,0,1,96.06666666666706,109.53000000000051
development_validation,V2,algorithm_only,hold_channels,150,300,295,0,0.08499960357329307,0.26196438847578446,0.08499960357329307,300,300,0,0,0,1.0,1.0,1.0,{},150.0,0.0,0.0,0.0,0.0,"[0.09452334229222434, 0.10467225387109681, 0.10450208285330896, 0.08707329892593511, 0.012740203561494044, 0.012139668532591758, 0.010778452938894293, 0.010000817991714055, 0.015048456490547025]","[0.19486588459491408, 0.23188839695138236, 0.2640845493735399, 0.22298263102510374, 0.22072803554023473, 0.2388240730733407, 0.24202032473715365, 0.3331762851403967, 0.25]",4,4,0,1,135.91666666666697,157.54166666666555
development_validation,V2,algorithm_only,hold_pose,50,300,298,0,0.03330208475435208,0.08462220644954946,0.03330208475435208,300,300,0,0,0,1.0,1.0,1.0,{},50.0,0.0,0.0,0.0,0.0,"[0.10012557029978374, 0.11248128943521339, 0.10291975275118653, 0.08287417709623605, 0.012740203561494044, 0.012139668532591758, 0.010778452938894293, 0.010000817991714055, 0.015049399228033798]","[0.2349700455995487, 0.26514512059748585, 0.24281462241145865, 0.22548910882893902, 0.16466431299882034, 0.17732499273912725, 0.2227181519153929, 0.3579307902323704, 0.23686443276417943]",4,4,0,0,0.0,0.0
development_validation,V2,algorithm_only,hold_pose,100,300,296,0,0.06910748301297816,0.18609060125514365,0.06910748301297816,300,300,0,0,0,1.0,1.0,1.0,{},100.0,0.0,0.0,0.0,0.0,"[0.10012557029978374, 0.11248128943521339, 0.10291975275118653, 0.08287417709623605, 0.012740203561494044, 0.012139668532591758, 0.010778452938894293, 0.010000817991714055, 0.015049399228033798]","[0.2349700455995487, 0.26514512059748585, 0.24281462241145865, 0.22548910882893902, 0.16466431299882034, 0.17732499273912725, 0.2227181519153929, 0.3579307902323704, 0.23686443276417943]",4,4,0,0,64.0666666666666,77.61999999999998
development_validation,V2,algorithm_only,hold_pose,150,300,295,0,0.08679228854300493,0.2643908763914998,0.08679228854300493,300,300,0,0,0,1.0,1.0,1.0,{},150.0,0.0,0.0,0.0,0.0,"[0.10012557029978374, 0.11248128943521339, 0.10291975275118653, 0.08287417709623605, 0.012740203561494044, 0.012139668532591758, 0.010778452938894293, 0.010000817991714055, 0.015049399228033798]","[0.2349700455995487, 0.26514512059748585, 0.24281462241145865, 0.22548910882893902, 0.16466431299882034, 0.17732499273912725, 0.2227181519153929, 0.3579307902323704, 0.23686443276417943]",4,4,0,0,103.9333333333334,125.66999999999871
development_validation,V2,algorithm_only,linear_pose_w2,50,300,298,0,0.01666975287758072,0.030689705693174626,0.01666975287758072,300,298,2,0,0,1.0,0.9933333333333333,0.9933333333333333,"{""history_warmup"": 2}",50.0,0.0,0.0,0.0,0.0,"[0.07616387198799776, 0.08800968994780177, 0.0852342160195968, 0.07779603596298121, 0.025674748028270425, 0.024955581787411897, 0.03262598184300325, 0.029434345878483738, 0.013722609520734114]","[0.3258454196503028, 0.28925308414292117, 0.31093318062604464, 0.2781737290929328, 0.16380773897101247, 0.16696603802227306, 0.2373068125605417, 0.3984739672336255, 0.25]",4,4,0,1,0.0,0.0
development_validation,V2,algorithm_only,linear_pose_w2,100,300,296,0,0.03742493594542901,0.061313802984849536,0.03742493594542901,300,298,2,0,0,1.0,0.9933333333333333,0.9933333333333333,"{""history_warmup"": 2}",100.0,0.0,0.0,0.0,0.0,"[0.09256936765494002, 0.08908869844409856, 0.09653350980177669, 0.08020270051793917, 0.04064947740274211, 0.03923846046772572, 0.05384546388677781, 0.04582063054246677, 0.01486760001075413]","[0.45227130652781833, 0.4102668403332297, 0.4411921335898007, 0.4103361228648204, 0.2573989704592502, 0.273453920792214, 0.271638205704943, 0.3800002313972066, 0.25]",4,4,0,1,0.0,0.0
development_validation,V2,algorithm_only,linear_pose_w2,150,300,295,0,0.05119265801863386,0.07697952206067225,0.05119265801863386,300,298,2,0,0,1.0,0.9933333333333333,0.9933333333333333,"{""history_warmup"": 2}",150.0,0.0,0.0,0.0,0.0,"[0.08223452340841231, 0.09134733216078483, 0.10584417624423183, 0.09720474757174251, 0.052268436146509514, 0.05003683798863721, 0.06300647853428673, 0.06191269598314133, 0.01337555130733598]","[0.5043207576308251, 0.4758803510271281, 0.5084942170296071, 0.5039254194441344, 0.354332019827053, 0.35193691593910176, 0.3894949697085778, 0.5341155167399481, 0.21359427821484556]",4,4,0,1,15.983333333332666,31.9949999999998
development_validation,V2,algorithm_only,linear_pose_w4,50,300,298,0,0.02044927564287741,0.034338381644535544,0.02044927564287741,300,296,4,0,0,1.0,0.9866666666666667,0.9866666666666667,"{""history_warmup"": 4}",50.0,0.0,0.0,0.0,0.0,"[0.06786423708283065, 0.0882634747889111, 0.08323333401744284, 0.06593275579682453, 0.01829642232801015, 0.016001795017890518, 0.02162364860079446, 0.025195846893848278, 0.013059902560235356]","[0.29719541312561504, 0.26532426627946404, 0.2975013965419485, 0.2747845003747373, 0.18104969735726842, 0.18542281695022517, 0.25814063570491713, 0.42491710122665627, 0.25]",4,4,0,1,0.0,0.0
development_validation,V2,algorithm_only,linear_pose_w4,100,300,296,0,0.041246707787922596,0.06141093627004585,0.041246707787922596,300,296,4,0,0,1.0,0.9866666666666667,0.9866666666666667,"{""history_warmup"": 4}",100.0,0.0,0.0,0.0,0.0,"[0.07905628295736458, 0.09265566824583624, 0.08607038711984917, 0.07762061144625686, 0.021921087144559967, 0.021254600562824393, 0.027561629720434664, 0.028364969651816695, 0.012157201242146311]","[0.31093859528290646, 0.3045664971426364, 0.32665608842883953, 0.3436896741434511, 0.3051983624891096, 0.3111576269201996, 0.335034065713558, 0.4474248583504772, 0.22401020109521141]",4,4,0,1,0.0,27.228333333333683
development_validation,V2,algorithm_only,linear_pose_w4,150,300,295,0,0.05739526108238976,0.10989426789713476,0.05739526108238976,300,296,4,0,0,1.0,0.9866666666666667,0.9866666666666667,"{""history_warmup"": 4}",150.0,0.0,0.0,0.0,0.0,"[0.07433558088406443, 0.0940685126966081, 0.09834208448791533, 0.08162682955601884, 0.026062188327927824, 0.0247671435476529, 0.025474509715008413, 0.024022230022911418, 0.0121000020979234]","[0.3603940565799743, 0.31930987003884814, 0.345839657347213, 0.30977745385243993, 0.34298042811222273, 0.33997731296240025, 0.3882595996857022, 0.516732849972927, 0.2430824071287317]",4,4,0,1,31.883333333333212,59.17166666666552
development_validation,V2,algorithm_only,linear_pose_w8,50,300,298,0,0.023275280631089936,0.04569453920721664,0.023275280631089936,300,295,5,0,0,1.0,0.9833333333333333,0.9833333333333333,"{""history_warmup"": 5}",50.0,0.0,0.0,0.0,0.0,"[0.08323404372698236, 0.08718694054430463, 0.0918713338195097, 0.07908110675585302, 0.01573122397072994, 0.012536740703105186, 0.022724043748978382, 0.018881730370130648, 0.015380997784378328]","[0.23639711103782635, 0.26720148843042335, 0.2947503685985012, 0.25044568244169707, 0.2515989213180516, 0.26642824852795444, 0.2808516527898117, 0.36108980063185253, 0.2497154881841715]",4,4,0,1,0.0,0.0
development_validation,V2,algorithm_only,linear_pose_w8,100,300,296,0,0.04840865111288035,0.09058318331354584,0.04840865111288035,300,295,5,0,0,1.0,0.9833333333333333,0.9833333333333333,"{""history_warmup"": 5}",100.0,0.0,0.0,0.0,0.0,"[0.08671118900141904, 0.08805847230438897, 0.09046120927085105, 0.08008060494250475, 0.014792373558746711, 0.014514627749378234, 0.014006293419432122, 0.013178888505413327, 0.014256626023327602]","[0.26836714155166175, 0.2795057331523239, 0.28569573664100467, 0.24695577872734958, 0.29622567422277224, 0.3038515162137454, 0.3196020115313787, 0.43308703996369347, 0.23812098549781935]",4,4,0,1,32.01666666666688,32.06166666666668
development_validation,V2,algorithm_only,linear_pose_w8,150,300,295,0,0.06324071623955514,0.12021708247905566,0.06324071623955514,300,295,5,0,0,1.0,0.9833333333333333,0.9833333333333333,"{""history_warmup"": 5}",150.0,0.0,0.0,0.0,0.0,"[0.0803926648067999, 0.08402055591081131, 0.08903814648228311, 0.0758404135500984, 0.013028370463405077, 0.012743479467542606, 0.015458899079307264, 0.014360105840560161, 0.011013792577783944]","[0.3071920461562385, 0.27451102755692813, 0.30627491128461865, 0.28279903468617823, 0.340205349219991, 0.3374248976823422, 0.38489458738056936, 0.5044962795984722, 0.25]",4,4,0,1,47.916666666666515,91.14666666666548
development_validation,V2,nominal,hold_channels,50,300,298,0,0.03448215300815961,0.08999957788914353,0.03448215300815961,300,300,0,0,0,1.0,1.0,1.0,{},25.30338500164362,23.00009999817121,24.69661499835638,40.57509999984177,0.0,"[0.09452334229222434, 0.10467225387109681, 0.10450208285330896, 0.08707329892593511, 0.012740203561494044, 0.012139668532591758, 0.010778452938894293, 0.010000817991714055, 0.015048456490547025]","[0.19486588459491408, 0.23188839695138236, 0.2640845493735399, 0.22298263102510374, 0.22072803554023473, 0.2388240730733407, 0.24202032473715365, 0.3331762851403967, 0.25]",4,4,0,1,31.983333333333576,32.0950000000003
development_validation,V2,nominal,hold_channels,100,300,296,0,0.0679115241151386,0.18609060125514365,0.0679115241151386,300,300,0,0,0,1.0,1.0,1.0,{},75.30338500164362,23.00009999817121,24.69661499835638,40.57509999984177,0.0,"[0.09452334229222434, 0.10467225387109681, 0.10450208285330896, 0.08707329892593511, 0.012740203561494044, 0.012139668532591758, 0.010778452938894293, 0.010000817991714055, 0.015048456490547025]","[0.19486588459491408, 0.23188839695138236, 0.2640845493735399, 0.22298263102510374, 0.22072803554023473, 0.2388240730733407, 0.24202032473715365, 0.3331762851403967, 0.25]",4,4,0,1,96.06666666666706,109.53000000000051
development_validation,V2,nominal,hold_channels,150,300,295,0,0.08499960357329307,0.26196438847578446,0.08499960357329307,300,300,0,0,0,1.0,1.0,1.0,{},125.30338500164362,23.00009999817121,24.69661499835638,40.57509999984177,0.0,"[0.09452334229222434, 0.10467225387109681, 0.10450208285330896, 0.08707329892593511, 0.012740203561494044, 0.012139668532591758, 0.010778452938894293, 0.010000817991714055, 0.015048456490547025]","[0.19486588459491408, 0.23188839695138236, 0.2640845493735399, 0.22298263102510374, 0.22072803554023473, 0.2388240730733407, 0.24202032473715365, 0.3331762851403967, 0.25]",4,4,0,1,135.91666666666697,157.54166666666555
development_validation,V2,nominal,hold_pose,50,300,298,0,0.03347686541614909,0.08743328955462532,0.03347686541614909,300,297,3,0,3,1.0,0.99,0.99,"{""deadline_miss"": 3}",9.182629998576886,37.34265000093728,40.817370001423114,77.29350000226987,0.0,"[0.09952826661461182, 0.11248128943521339, 0.10739735547669156, 0.10045741956795654, 0.012740203561494044, 0.012139668532591758, 0.010778452938894293, 0.010000817991714055, 0.015049399228033798]","[0.2349700455995487, 0.26514512059748585, 0.24281462241145865, 0.22548910882893902, 0.16466431299882034, 0.17732499273912725, 0.2227181519153929, 0.3579307902323704, 0.23686443276417943]",4,4,0,0,0.0,27.115000000000453
development_validation,V2,nominal,hold_pose,100,300,296,0,0.06910748301297816,0.18609060125514365,0.06910748301297816,300,300,0,0,0,1.0,1.0,1.0,{},59.182629998576886,37.34265000093728,40.817370001423114,77.29350000226987,0.0,"[0.10012557029978374, 0.11248128943521339, 0.10291975275118653, 0.08287417709623605, 0.012740203561494044, 0.012139668532591758, 0.010778452938894293, 0.010000817991714055, 0.015049399228033798]","[0.2349700455995487, 0.26514512059748585, 0.24281462241145865, 0.22548910882893902, 0.16466431299882034, 0.17732499273912725, 0.2227181519153929, 0.3579307902323704, 0.23686443276417943]",4,4,0,0,64.0666666666666,77.61999999999998
development_validation,V2,nominal,hold_pose,150,300,295,0,0.08679228854300493,0.2643908763914998,0.08679228854300493,300,300,0,0,0,1.0,1.0,1.0,{},109.18262999857689,37.34265000093728,40.817370001423114,77.29350000226987,0.0,"[0.10012557029978374, 0.11248128943521339, 0.10291975275118653, 0.08287417709623605, 0.012740203561494044, 0.012139668532591758, 0.010778452938894293, 0.010000817991714055, 0.015049399228033798]","[0.2349700455995487, 0.26514512059748585, 0.24281462241145865, 0.22548910882893902, 0.16466431299882034, 0.17732499273912725, 0.2227181519153929, 0.3579307902323704, 0.23686443276417943]",4,4,0,0,103.9333333333334,125.66999999999871
development_validation,V2,nominal,linear_pose_w2,50,300,298,0,0.01666975287758072,0.030689705693174626,0.01666975287758072,300,297,3,0,1,1.0,0.99,0.99,"{""history_warmup"": 2, ""deadline_miss"": 1}",9.872094999445835,37.2035499985941,40.127905000554165,54.90509999799542,0.0,"[0.07616387198799776, 0.08800968994780177, 0.0852342160195968, 0.07779603596298121, 0.025674748028270425, 0.024955581787411897, 0.03262598184300325, 0.029434345878483738, 0.013722609520734114]","[0.3258454196503028, 0.28925308414292117, 0.31093318062604464, 0.2781737290929328, 0.16380773897101247, 0.16696603802227306, 0.2373068125605417, 0.3984739672336255, 0.25]",4,4,0,1,0.0,0.0
development_validation,V2,nominal,linear_pose_w2,100,300,296,0,0.03742493594542901,0.061313802984849536,0.03742493594542901,300,298,2,0,0,1.0,0.9933333333333333,0.9933333333333333,"{""history_warmup"": 2}",59.872094999445835,37.2035499985941,40.127905000554165,54.90509999799542,0.0,"[0.09256936765494002, 0.08908869844409856, 0.09653350980177669, 0.08020270051793917, 0.04064947740274211, 0.03923846046772572, 0.05384546388677781, 0.04582063054246677, 0.01486760001075413]","[0.45227130652781833, 0.4102668403332297, 0.4411921335898007, 0.4103361228648204, 0.2573989704592502, 0.273453920792214, 0.271638205704943, 0.3800002313972066, 0.25]",4,4,0,1,0.0,0.0
development_validation,V2,nominal,linear_pose_w2,150,300,295,0,0.05119265801863386,0.07697952206067225,0.05119265801863386,300,298,2,0,0,1.0,0.9933333333333333,0.9933333333333333,"{""history_warmup"": 2}",109.87209499944578,37.2035499985941,40.127905000554165,54.90509999799542,0.0,"[0.08223452340841231, 0.09134733216078483, 0.10584417624423183, 0.09720474757174251, 0.052268436146509514, 0.05003683798863721, 0.06300647853428673, 0.06191269598314133, 0.01337555130733598]","[0.5043207576308251, 0.4758803510271281, 0.5084942170296071, 0.5039254194441344, 0.354332019827053, 0.35193691593910176, 0.3894949697085778, 0.5341155167399481, 0.21359427821484556]",4,4,0,1,15.983333333332666,31.9949999999998
development_validation,V2,nominal,linear_pose_w4,50,300,298,0,0.02044927564287741,0.034338381644535544,0.02044927564287741,300,295,5,0,1,1.0,0.9833333333333333,0.9833333333333333,"{""history_warmup"": 4, ""deadline_miss"": 1}",9.20116500055883,37.46339999997872,40.79883499944117,57.664600000862265,0.0,"[0.06786423708283065, 0.0882634747889111, 0.08323333401744284, 0.06593275579682453, 0.01829642232801015, 0.016001795017890518, 0.02162364860079446, 0.025195846893848278, 0.013059902560235356]","[0.29719541312561504, 0.26532426627946404, 0.2975013965419485, 0.2747845003747373, 0.18104969735726842, 0.18542281695022517, 0.25814063570491713, 0.42491710122665627, 0.25]",4,4,0,1,0.0,0.0
development_validation,V2,nominal,linear_pose_w4,100,300,296,0,0.041246707787922596,0.06141093627004585,0.041246707787922596,300,296,4,0,0,1.0,0.9866666666666667,0.9866666666666667,"{""history_warmup"": 4}",59.201165000558824,37.46339999997872,40.79883499944117,57.664600000862265,0.0,"[0.07905628295736458, 0.09265566824583624, 0.08607038711984917, 0.07762061144625686, 0.021921087144559967, 0.021254600562824393, 0.027561629720434664, 0.028364969651816695, 0.012157201242146311]","[0.31093859528290646, 0.3045664971426364, 0.32665608842883953, 0.3436896741434511, 0.3051983624891096, 0.3111576269201996, 0.335034065713558, 0.4474248583504772, 0.22401020109521141]",4,4,0,1,0.0,27.228333333333683
development_validation,V2,nominal,linear_pose_w4,150,300,295,0,0.05739526108238976,0.10989426789713476,0.05739526108238976,300,296,4,0,0,1.0,0.9866666666666667,0.9866666666666667,"{""history_warmup"": 4}",109.20116500055883,37.46339999997872,40.79883499944117,57.664600000862265,0.0,"[0.07433558088406443, 0.0940685126966081, 0.09834208448791533, 0.08162682955601884, 0.026062188327927824, 0.0247671435476529, 0.025474509715008413, 0.024022230022911418, 0.0121000020979234]","[0.3603940565799743, 0.31930987003884814, 0.345839657347213, 0.30977745385243993, 0.34298042811222273, 0.33997731296240025, 0.3882595996857022, 0.516732849972927, 0.2430824071287317]",4,4,0,1,31.883333333333212,59.17166666666552
development_validation,V2,nominal,linear_pose_w8,50,300,298,0,0.023275280631089936,0.04569453920721664,0.023275280631089936,300,294,6,0,1,1.0,0.98,0.98,"{""history_warmup"": 5, ""deadline_miss"": 1}",8.603979998224531,37.52755000095931,41.39602000177547,54.4891000026837,0.0,"[0.08323404372698236, 0.08718694054430463, 0.0918713338195097, 0.07908110675585302, 0.01573122397072994, 0.012536740703105186, 0.022724043748978382, 0.018881730370130648, 0.015380997784378328]","[0.23639711103782635, 0.26720148843042335, 0.2947503685985012, 0.25044568244169707, 0.2515989213180516, 0.26642824852795444, 0.2808516527898117, 0.36108980063185253, 0.2497154881841715]",4,4,0,1,0.0,0.0
development_validation,V2,nominal,linear_pose_w8,100,300,296,0,0.04840865111288035,0.09058318331354584,0.04840865111288035,300,295,5,0,0,1.0,0.9833333333333333,0.9833333333333333,"{""history_warmup"": 5}",58.603979998224524,37.52755000095931,41.39602000177547,54.4891000026837,0.0,"[0.08671118900141904, 0.08805847230438897, 0.09046120927085105, 0.08008060494250475, 0.014792373558746711, 0.014514627749378234, 0.014006293419432122, 0.013178888505413327, 0.014256626023327602]","[0.26836714155166175, 0.2795057331523239, 0.28569573664100467, 0.24695577872734958, 0.29622567422277224, 0.3038515162137454, 0.3196020115313787, 0.43308703996369347, 0.23812098549781935]",4,4,0,1,32.01666666666688,32.06166666666668
development_validation,V2,nominal,linear_pose_w8,150,300,295,0,0.06324071623955514,0.12021708247905566,0.06324071623955514,300,295,5,0,0,1.0,0.9833333333333333,0.9833333333333333,"{""history_warmup"": 5}",108.60397999822453,37.52755000095931,41.39602000177547,54.4891000026837,0.0,"[0.0803926648067999, 0.08402055591081131, 0.08903814648228311, 0.0758404135500984, 0.013028370463405077, 0.012743479467542606, 0.015458899079307264, 0.014360105840560161, 0.011013792577783944]","[0.3071920461562385, 0.27451102755692813, 0.30627491128461865, 0.28279903468617823, 0.340205349219991, 0.3374248976823422, 0.38489458738056936, 0.5044962795984722, 0.25]",4,4,0,1,47.916666666666515,91.14666666666548
development_validation,V2,jitter_drop,hold_channels,50,300,298,17,0.24132072490701803,1.0,0.03550531494248137,283,283,0,17,0,0.9433333333333334,0.9433333333333334,0.9433333333333334,"{""source_drop"": 17}",6.3711999974475475,33.41579999847454,43.62880000255245,45.391699997271644,0.0,"[0.09826666528417868, 0.11102931662264795, 0.10851383685313724, 0.10476113182204333, 0.013837974464322295, 0.013431404447618202, 0.011407265412663287, 0.010703758870472096, 0.015379707767224674]","[0.19486588459491408, 0.23188839695138236, 0.2640845493735399, 0.22298263102510374, 0.22072803554023473, 0.2388240730733407, 0.24202032473715365, 0.3331762851403967, 0.21723827035508428]",4,3,1,18,32.066666666666606,32.09666666666699
development_validation,V2,jitter_drop,hold_channels,100,300,296,17,0.24908594937673809,1.0,0.06994539120209756,283,283,0,17,0,0.9433333333333334,0.9433333333333334,0.9433333333333334,"{""source_drop"": 17}",56.37119999744755,33.41579999847454,43.62880000255245,45.391699997271644,0.0,"[0.09826666528417868, 0.11102931662264795, 0.10851383685313724, 0.10476113182204333, 0.013837974464322295, 0.013431404447618202, 0.011407265412663287, 0.010703758870472096, 0.015379707767224674]","[0.19486588459491408, 0.23188839695138236, 0.2640845493735399, 0.22298263102510374, 0.22072803554023473, 0.2388240730733407, 0.24202032473715365, 0.3331762851403967, 0.21723827035508428]",4,3,1,18,96.10000000000036,110.32000000000053
development_validation,V2,jitter_drop,hold_channels,150,300,295,17,0.254657613402376,1.0,0.08755055104657182,283,283,0,17,0,0.9433333333333334,0.9433333333333334,0.9433333333333334,"{""source_drop"": 17}",106.37119999744755,33.41579999847454,43.62880000255245,45.391699997271644,0.0,"[0.09826666528417868, 0.11102931662264795, 0.10851383685313724, 0.10476113182204333, 0.013837974464322295, 0.013431404447618202, 0.011407265412663287, 0.010703758870472096, 0.015379707767224674]","[0.19486588459491408, 0.23188839695138236, 0.2640845493735399, 0.22298263102510374, 0.22072803554023473, 0.2388240730733407, 0.24202032473715365, 0.3331762851403967, 0.21723827035508428]",4,3,1,18,128.03333333333376,142.22333333333353
development_validation,V2,jitter_drop,hold_pose,50,300,298,17,0.24122488763481012,1.0,0.03480781150819381,283,193,90,17,90,0.9433333333333334,0.6433333333333333,0.6433333333333333,"{""deadline_miss"": 90, ""source_drop"": 17}",-8.54060999910871,47.99149999758811,58.54060999910871,98.82269999754499,0.0,"[0.1107331451951033, 0.12080127635057725, 0.12165831239880423, 0.11171337831447213, 0.013837974464322295, 0.013431404447618202, 0.011407265412663287, 0.010703758870472096, 0.0162531115559128]","[0.2349700455995487, 0.26514512059748585, 0.2640845493735399, 0.22548910882893902, 0.16466431299882034, 0.17310643438304157, 0.2227181519153929, 0.3579307902323704, 0.23686443276417943]",4,4,0,5,15.950000000000273,32.0416666666667
development_validation,V2,jitter_drop,hold_pose,100,300,296,17,0.24941467334072176,1.0,0.07117732579103836,283,283,0,17,0,0.9433333333333334,0.9433333333333334,0.9433333333333334,"{""source_drop"": 17}",41.45939000089129,47.99149999758811,58.54060999910871,98.82269999754499,0.0,"[0.1107331451951033, 0.12080127635057725, 0.11892178669260023, 0.09700498028594218, 0.013837974464322295, 0.013431404447618202, 0.011407265412663287, 0.010703758870472096, 0.0162531115559128]","[0.2349700455995487, 0.26514512059748585, 0.24281462241145865, 0.22548910882893902, 0.16466431299882034, 0.17732499273912725, 0.2227181519153929, 0.3579307902323704, 0.23686443276417943]",4,4,0,0,64.0666666666666,77.61999999999998
development_validation,V2,jitter_drop,hold_pose,150,300,295,17,0.2552615693885573,1.0,0.0893974292272617,283,283,0,17,0,0.9433333333333334,0.9433333333333334,0.9433333333333334,"{""source_drop"": 17}",91.45939000089129,47.99149999758811,58.54060999910871,98.82269999754499,0.0,"[0.1107331451951033, 0.12080127635057725, 0.11892178669260023, 0.09700498028594218, 0.013837974464322295, 0.013431404447618202, 0.011407265412663287, 0.010703758870472096, 0.0162531115559128]","[0.2349700455995487, 0.26514512059748585, 0.24281462241145865, 0.22548910882893902, 0.16466431299882034, 0.17732499273912725, 0.2227181519153929, 0.3579307902323704, 0.23686443276417943]",4,4,0,0,103.9333333333334,125.66999999999871
development_validation,V2,jitter_drop,linear_pose_w2,50,300,298,17,0.23987330180558014,1.0,0.022847309496480527,283,170,113,17,80,0.9433333333333334,0.5666666666666667,0.5666666666666667,"{""history_warmup"": 33, ""deadline_miss"": 80, ""source_drop"": 17}",-8.178720000360045,47.503200001083314,58.178720000360045,65.13030000089202,0.0,"[0.08737121203442588, 0.09436837775635736, 0.09030036405506522, 0.08331420914277579, 0.021410459566257523, 0.019789147593367425, 0.023969114733280943, 0.021357571229009227, 0.015612706272846893]","[0.410808877669805, 0.370340471471162, 0.41857790051775623, 0.39545159155641174, 0.25646064659791207, 0.2705999677363856, 0.2841027601030126, 0.3984739672336255, 0.25]",4,4,0,18,15.950000000000273,32.0416666666667
development_validation,V2,jitter_drop,linear_pose_w2,100,300,296,17,0.24266083222622062,1.0,0.03924679431374955,283,250,33,17,0,0.9433333333333334,0.8333333333333334,0.8333333333333334,"{""history_warmup"": 33, ""source_drop"": 17}",41.82127999963986,47.503200001083314,58.178720000360045,65.13030000089202,0.0,"[0.0969143116979478, 0.09146171335061808, 0.10244434317432072, 0.09369763397466639, 0.046764755505356685, 0.04470087525532128, 0.048749451703221675, 0.03880867506613206, 0.014993921349743084]","[0.45227130652781833, 0.4102668403332297, 0.4411921335898007, 0.4103361228648204, 0.2573989704592502, 0.273453920792214, 0.271638205704943, 0.3800002313972066, 0.25]",4,4,0,18,0.0,0.0
development_validation,V2,jitter_drop,linear_pose_w2,150,300,295,17,0.24610661408703244,1.0,0.05586782067980894,283,250,33,17,0,0.9433333333333334,0.8333333333333334,0.8333333333333334,"{""history_warmup"": 33, ""source_drop"": 17}",91.82127999963987,47.503200001083314,58.178720000360045,65.13030000089202,0.0,"[0.09620345243082729, 0.09171806146853537, 0.10472241498546839, 0.09490646749533549, 0.05660729343224927, 0.05354781017130222, 0.06257678073555287, 0.05520045883256793, 0.015748001978503148]","[0.5043207576308251, 0.4758803510271281, 0.5084942170296071, 0.5039254194441344, 0.354332019827053, 0.35193691593910176, 0.3894949697085778, 0.5341155167399481, 0.21359427821484556]",4,4,0,18,15.983333333332666,31.9949999999998
development_validation,V2,jitter_drop,linear_pose_w4,50,300,298,17,0.2401065018994717,1.0,0.025312102503289018,283,142,141,17,73,0.9433333333333334,0.47333333333333333,0.47333333333333333,"{""history_warmup"": 68, ""deadline_miss"": 73, ""source_drop"": 17}",-8.374139997540624,46.677433331097745,58.374139997540624,64.67400000066846,0.0,"[0.07276952897794761, 0.10492796018030835, 0.12145525454587693, 0.1151204198753724, 0.014682509678025773, 0.013232587382204243, 0.011871906043021414, 0.011774467281184973, 0.016752160118871793]","[0.37383208186407535, 0.3338076696578637, 0.3712875746264112, 0.34250803149637643, 0.3011243723382271, 0.304754581537803, 0.3464716950396423, 0.46805969084405524, 0.25]",4,4,0,18,15.950000000000273,32.0416666666667
development_validation,V2,jitter_drop,linear_pose_w4,100,300,296,17,0.2450910691569466,1.0,0.05289507858436825,283,215,68,17,0,0.9433333333333334,0.7166666666666667,0.7166666666666667,"{""history_warmup"": 68, ""source_drop"": 17}",41.625860002459376,46.677433331097745,58.374139997540624,64.67400000066846,0.0,"[0.06727731288093639, 0.07342616890605255, 0.06238097392030562, 0.05716120575917931, 0.02084394059762563, 0.019973977255600895, 0.01825992806890827, 0.01756078113856489, 0.009443243780955655]","[0.34155912191107907, 0.400491454339388, 0.42855871846782695, 0.41609992446900046, 0.3051983624891096, 0.3111576269201996, 0.335034065713558, 0.4474248583504772, 0.23716976507902132]",4,4,0,18,0.0,27.228333333333683
development_validation,V2,jitter_drop,linear_pose_w4,150,300,295,17,0.24935211253817463,1.0,0.06948061237887013,283,215,68,17,0,0.9433333333333334,0.7166666666666667,0.7166666666666667,"{""history_warmup"": 68, ""source_drop"": 17}",91.62586000245938,46.677433331097745,58.374139997540624,64.67400000066846,0.0,"[0.051192389569897745, 0.04586913279974999, 0.051336021169338886, 0.048466616453344484, 0.025524497905269863, 0.024345833224529104, 0.020792662493282866, 0.02140360802989663, 0.00570748306013276]","[0.3603940565799743, 0.31930987003884814, 0.345839657347213, 0.32131796024733905, 0.34298042811222273, 0.33997731296240025, 0.3882595996857022, 0.5193800902821689, 0.24665607198384526]",4,4,0,18,31.949999999999818,59.17166666666552
development_validation,V2,jitter_drop,linear_pose_w8,50,300,298,17,0.24060748374607988,1.0,0.02993495011083259,283,106,177,17,46,0.9433333333333334,0.35333333333333333,0.35333333333333333,"{""history_warmup"": 131, ""deadline_miss"": 46, ""source_drop"": 17}",-7.787649997699191,42.76060000076541,57.78764999769919,65.47390000152518,0.0,"[0.1107331451951033, 0.13869214863004128, 0.11963839924714705, 0.1105241102770349, 0.01601123236150073, 0.015084289053309245, 0.014729168900243332, 0.013721015143045832, 0.01990199185253301]","[0.24798050367337235, 0.23188839695138236, 0.2640845493735399, 0.22864361526277593, 0.2510937257460281, 0.2664958517908273, 0.2749635878610222, 0.35971502884713485, 0.2497154881841715]",4,4,0,18,15.950000000000273,32.0416666666667
development_validation,V2,jitter_drop,linear_pose_w8,100,300,296,17,0.24679954954143038,1.0,0.06074109889627568,283,152,131,17,0,0.9433333333333334,0.5066666666666667,0.5066666666666667,"{""history_warmup"": 131, ""source_drop"": 17}",42.21235000230081,42.76060000076541,57.78764999769919,65.47390000152518,0.0,"[0.08541674988840126, 0.08662255333885986, 0.08858276213964612, 0.08174596834248415, 0.014898471151791373, 0.014675896788033906, 0.01607551467990059, 0.013110342818067488, 0.015273189374147395]","[0.35709074966866927, 0.31692069695770847, 0.34008734404289787, 0.30520119577075766, 0.29622567422277224, 0.3038515162137454, 0.3196020115313787, 0.43308703996369347, 0.23812098549781935]",4,4,0,18,64.05000000000018,109.52000000000052
development_validation,V2,jitter_drop,linear_pose_w8,150,300,295,17,0.25187212011476057,1.0,0.07853587465271429,283,152,131,17,0,0.9433333333333334,0.5066666666666667,0.5066666666666667,"{""history_warmup"": 131, ""source_drop"": 17}",92.21235000230081,42.76060000076541,57.78764999769919,65.47390000152518,0.0,"[0.06797047204496531, 0.08815040929741051, 0.09740851323922335, 0.08463381241054946, 0.01770063806095943, 0.017360924522032455, 0.017172770999925858, 0.014311672880139889, 0.015094180159657834]","[0.46624779359414337, 0.41346930986382746, 0.4441822111363638, 0.398188480155794, 0.340205349219991, 0.3374248976823422, 0.38489458738056936, 0.5044962795984722, 0.25]",4,4,0,18,111.99999999999955,141.4350000000002
development_validation,V2,compute_load,hold_channels,50,300,298,286,0.9796663356801795,1.0,0.01903181761098365,12,0,12,288,209,0.04,0.0,0.0,"{""deadline_miss"": 209, ""baseline_queue_replaced"": 91}",-65.05326665775132,99.60343333109824,115.05326665775132,130.14799999815273,0.0,"[0.0, 0.0, 0.0, 0.0, 0.0, 0.0, 0.0, 0.0, 0.0]","[0.0, 0.0, 0.0, 0.0, 0.0, 0.0, 0.0, 0.0, 0.0]",4,0,4,0,,
development_validation,V2,compute_load,hold_channels,100,300,296,90,0.5542016483498796,1.0,0.06658384895499081,209,105,104,91,104,0.6966666666666667,0.35,0.35,"{""deadline_miss"": 104, ""baseline_queue_replaced"": 91}",-15.053266657751328,99.60343333109824,115.05326665775132,130.14799999815273,0.0,"[0.06764078947631531, 0.11964786179128517, 0.1369942349866369, 0.10187198362239047, 0.029795230805809203, 0.0246789676077247, 0.041961738741845736, 0.06923616446343493, 0.020192433878899838]","[0.23359550282820518, 0.3284857874467819, 0.27065727314227805, 0.2570183831804926, 0.11612468213392971, 0.13477200270230996, 0.14203390985202421, 0.2677773861138417, 0.16885635022548498]",4,0,4,88,,
development_validation,V2,compute_load,hold_channels,150,300,295,90,0.5567581642412962,1.0,0.08392789493992805,209,209,0,91,0,0.6966666666666667,0.6966666666666667,0.6966666666666667,"{""baseline_queue_replaced"": 91}",34.94673334224867,99.60343333109824,115.05326665775132,130.14799999815273,0.0,"[0.06764078947631531, 0.11964786179128517, 0.1369942349866369, 0.10187198362239047, 0.029795230805809203, 0.0246789676077247, 0.041961738741845736, 0.06923616446343493, 0.020192433878899838]","[0.23359550282820518, 0.3284857874467819, 0.27065727314227805, 0.2570183831804926, 0.11612468213392971, 0.13477200270230996, 0.14203390985202421, 0.2677773861138417, 0.16885635022548498]",4,0,4,88,,
development_validation,V2,compute_load,hold_pose,50,300,298,286,0.9796663356801795,1.0,0.01903181761098365,12,0,12,288,209,0.04,0.0,0.0,"{""deadline_miss"": 112, ""history_reset_before_ready"": 91, ""baseline_queue_replaced"": 91, ""prediction_queue_replaced"": 6}",-117.21682002383959,139.40276669238028,167.21682002383957,201.4329000233265,45.66073004777717,"[0.0, 0.0, 0.0, 0.0, 0.0, 0.0, 0.0, 0.0, 0.0]","[0.0, 0.0, 0.0, 0.0, 0.0, 0.0, 0.0, 0.0, 0.0]",4,0,4,0,,
development_validation,V2,compute_load,hold_pose,100,300,296,90,0.5542016483498796,1.0,0.06658384895499081,209,1,208,91,202,0.6966666666666667,0.0033333333333333335,0.0033333333333333335,"{""deadline_miss"": 111, ""history_reset_before_ready"": 91, ""baseline_queue_replaced"": 91, ""prediction_queue_replaced"": 6}",-67.21682002383959,139.40276669238028,167.21682002383957,201.4329000233265,45.66073004777717,"[0.06764078947631531, 0.11964786179128517, 0.1369942349866369, 0.10187198362239047, 0.029795230805809203, 0.0246789676077247, 0.041961738741845736, 0.06923616446343493, 0.020192433878899838]","[0.23359550282820518, 0.3284857874467819, 0.27065727314227805, 0.2570183831804926, 0.11612468213392971, 0.13477200270230996, 0.14203390985202421, 0.2677773861138417, 0.16885635022548498]",4,0,4,88,,
development_validation,V2,compute_load,hold_pose,150,300,295,90,0.5569499499977657,1.0,0.0857394751200475,209,99,110,91,51,0.6966666666666667,0.33,0.33,"{""history_reset_before_ready"": 91, ""baseline_queue_replaced"": 91, ""deadline_miss"": 13, ""prediction_queue_replaced"": 6}",-17.216820023839592,139.40276669238028,167.21682002383957,201.4329000233265,45.66073004777717,"[0.09811649774882457, 0.0915139433136734, 0.09642220307163432, 0.08890693542383439, 0.009523111944149705, 0.009282469924549182, 0.010072852862173517, 0.007643954506867341, 0.015676111661978426]","[0.1627425196936462, 0.18731507277922235, 0.21837211190470884, 0.22548910882893902, 0.16466431299882034, 0.17310643438304157, 0.2227181519153929, 0.3579307902323704, 0.23686443276417943]",4,1,3,13,111.89999999999964,111.89999999999964
development_validation,V2,compute_load,linear_pose_w2,50,300,298,286,0.9796663356801795,1.0,0.01903181761098365,12,0,12,288,199,0.04,0.0,0.0,"{""history_warmup"": 173, ""baseline_queue_replaced"": 91, ""deadline_miss"": 11, ""history_reset_before_ready"": 25}",-78.65349331933467,102.20339998803593,128.65349331933467,143.9195999971705,2.346200000436509,"[0.0, 0.0, 0.0, 0.0, 0.0, 0.0, 0.0, 0.0, 0.0]","[0.0, 0.0, 0.0, 0.0, 0.0, 0.0, 0.0, 0.0, 0.0]",4,0,4,0,,
development_validation,V2,compute_load,linear_pose_w2,100,300,296,90,0.5542016483498796,1.0,0.06658384895499081,209,2,207,91,34,0.6966666666666667,0.006666666666666667,0.006666666666666667,"{""history_warmup"": 173, ""baseline_queue_replaced"": 91, ""history_reset_before_ready"": 25, ""deadline_miss"": 9}",-28.653493319334665,102.20339998803593,128.65349331933467,143.9195999971705,2.346200000436509,"[0.06764078947631531, 0.11964786179128517, 0.1369942349866369, 0.10187198362239047, 0.029795230805809203, 0.0246789676077247, 0.041961738741845736, 0.06923616446343493, 0.020192433878899838]","[0.23359550282820518, 0.3284857874467819, 0.27065727314227805, 0.2570183831804926, 0.11612468213392971, 0.13477200270230996, 0.14203390985202421, 0.2677773861138417, 0.16885635022548498]",4,0,4,88,,
development_validation,V2,compute_load,linear_pose_w2,150,300,295,90,0.5567049674157923,1.0,0.08341854855730176,209,11,198,91,0,0.6966666666666667,0.03666666666666667,0.03666666666666667,"{""history_warmup"": 173, ""baseline_queue_replaced"": 91, ""history_reset_before_ready"": 25}",21.346506680665335,102.20339998803593,128.65349331933467,143.9195999971705,2.346200000436509,"[0.14534143214060044, 0.1210940804761739, 0.13860751205018168, 0.1319279404125415, 0.05170357299915335, 0.04759199353076565, 0.050680799283350376, 0.05644288576066593, 0.02720999942828076]","[0.23359550282820518, 0.3284857874467819, 0.27065727314227805, 0.2570183831804926, 0.13851858622800411, 0.15908507508464081, 0.14203390985202421, 0.2677773861138417, 0.1558905476014919]",4,0,4,88,,
development_validation,V2,compute_load,linear_pose_w4,50,300,298,286,0.9796663356801795,1.0,0.01903181761098365,12,0,12,288,198,0.04,0.0,0.0,"{""history_warmup"": 206, ""baseline_queue_replaced"": 91, ""deadline_miss"": 1, ""history_reset_before_ready"": 2}",-65.64821998988819,100.04136664382258,115.64821998988818,130.20929999925988,0.0,"[0.0, 0.0, 0.0, 0.0, 0.0, 0.0, 0.0, 0.0, 0.0]","[0.0, 0.0, 0.0, 0.0, 0.0, 0.0, 0.0, 0.0, 0.0]",4,0,4,0,,
development_validation,V2,compute_load,linear_pose_w4,100,300,296,90,0.5542016483498796,1.0,0.06658384895499081,209,1,208,91,2,0.6966666666666667,0.0033333333333333335,0.0033333333333333335,"{""history_warmup"": 206, ""baseline_queue_replaced"": 91, ""history_reset_before_ready"": 2}",-15.648219989888185,100.04136664382258,115.64821998988818,130.20929999925988,0.0,"[0.06764078947631531, 0.11964786179128517, 0.1369942349866369, 0.10187198362239047, 0.029795230805809203, 0.0246789676077247, 0.041961738741845736, 0.06923616446343493, 0.020192433878899838]","[0.23359550282820518, 0.3284857874467819, 0.27065727314227805, 0.2570183831804926, 0.11612468213392971, 0.13477200270230996, 0.14203390985202421, 0.2677773861138417, 0.16885635022548498]",4,0,4,88,,
development_validation,V2,compute_load,linear_pose_w4,150,300,295,90,0.5567581642412962,1.0,0.08392789493992805,209,1,208,91,0,0.6966666666666667,0.0033333333333333335,0.0033333333333333335,"{""history_warmup"": 206, ""baseline_queue_replaced"": 91, ""history_reset_before_ready"": 2}",34.35178001011182,100.04136664382258,115.64821998988818,130.20929999925988,0.0,"[0.06764078947631531, 0.11964786179128517, 0.1369942349866369, 0.10187198362239047, 0.029795230805809203, 0.0246789676077247, 0.041961738741845736, 0.06923616446343493, 0.020192433878899838]","[0.23359550282820518, 0.3284857874467819, 0.27065727314227805, 0.2570183831804926, 0.11612468213392971, 0.13477200270230996, 0.14203390985202421, 0.2677773861138417, 0.16885635022548498]",4,0,4,88,,
development_validation,V2,compute_load,linear_pose_w8,50,300,298,286,0.9796663356801795,1.0,0.01903181761098365,12,0,12,288,197,0.04,0.0,0.0,"{""history_warmup"": 209, ""baseline_queue_replaced"": 91}",-65.08649332515702,99.63323333245546,115.08649332515702,130.19129999680422,0.0,"[0.0, 0.0, 0.0, 0.0, 0.0, 0.0, 0.0, 0.0, 0.0]","[0.0, 0.0, 0.0, 0.0, 0.0, 0.0, 0.0, 0.0, 0.0]",4,0,4,0,,
development_validation,V2,compute_load,linear_pose_w8,100,300,296,90,0.5542016483498796,1.0,0.06658384895499081,209,0,209,91,0,0.6966666666666667,0.0,0.0,"{""history_warmup"": 209, ""baseline_queue_replaced"": 91}",-15.086493325157017,99.63323333245546,115.08649332515702,130.19129999680422,0.0,"[0.06764078947631531, 0.11964786179128517, 0.1369942349866369, 0.10187198362239047, 0.029795230805809203, 0.0246789676077247, 0.041961738741845736, 0.06923616446343493, 0.020192433878899838]","[0.23359550282820518, 0.3284857874467819, 0.27065727314227805, 0.2570183831804926, 0.11612468213392971, 0.13477200270230996, 0.14203390985202421, 0.2677773861138417, 0.16885635022548498]",4,0,4,88,,
development_validation,V2,compute_load,linear_pose_w8,150,300,295,90,0.5567581642412962,1.0,0.08392789493992805,209,0,209,91,0,0.6966666666666667,0.0,0.0,"{""history_warmup"": 209, ""baseline_queue_replaced"": 91}",34.913506674842985,99.63323333245546,115.08649332515702,130.19129999680422,0.0,"[0.06764078947631531, 0.11964786179128517, 0.1369942349866369, 0.10187198362239047, 0.029795230805809203, 0.0246789676077247, 0.041961738741845736, 0.06923616446343493, 0.020192433878899838]","[0.23359550282820518, 0.3284857874467819, 0.27065727314227805, 0.2570183831804926, 0.11612468213392971, 0.13477200270230996, 0.14203390985202421, 0.2677773861138417, 0.16885635022548498]",4,0,4,88,,
development_validation,V3,algorithm_only,hold_channels,50,300,298,0,0.01496370972096954,0.03485775437647493,0.01496370972096954,300,300,0,0,0,1.0,1.0,1.0,{},50.0,0.0,0.0,0.0,0.0,"[0.019411682808678613, 0.017424425562222498, 0.04016975029297864, 0.037116935517408196, 0.03211713280673584, 0.03092989096390315, 0.01997269032263319, 0.0037174047698594424, 0.004130449744288281]","[0.050965458091449145, 0.04224281358459858, 0.07817814456458239, 0.08849885387480028, 0.08152923611039209, 0.06747061292704304, 0.05846255345515583, 0.009049546030295619, 0.010055051144772842]",6,6,0,0,32.083333333333485,56.40833333333325
development_validation,V3,algorithm_only,hold_channels,100,300,296,0,0.02709508949951166,0.06540289318198282,0.02709508949951166,300,300,0,0,0,1.0,1.0,1.0,{},100.0,0.0,0.0,0.0,0.0,"[0.019411682808678613, 0.017424425562222498, 0.04016975029297864, 0.037116935517408196, 0.03211713280673584, 0.03092989096390315, 0.01997269032263319, 0.0037174047698594424, 0.004130449744288281]","[0.050965458091449145, 0.04224281358459858, 0.07817814456458239, 0.08849885387480028, 0.08152923611039209, 0.06747061292704304, 0.05846255345515583, 0.009049546030295619, 0.010055051144772842]",6,6,0,0,103.91666666666697,125.075
development_validation,V3,algorithm_only,hold_channels,150,300,295,0,0.03843767588551681,0.09272488673180355,0.03843767588551681,300,300,0,0,0,1.0,1.0,1.0,{},150.0,0.0,0.0,0.0,0.0,"[0.019411682808678613, 0.017424425562222498, 0.04016975029297864, 0.037116935517408196, 0.03211713280673584, 0.03092989096390315, 0.01997269032263319, 0.0037174047698594424, 0.004130449744288281]","[0.050965458091449145, 0.04224281358459858, 0.07817814456458239, 0.08849885387480028, 0.08152923611039209, 0.06747061292704304, 0.05846255345515583, 0.009049546030295619, 0.010055051144772842]",5,5,0,1,129.4333333333343,144.00000000000017
development_validation,V3,algorithm_only,hold_pose,50,300,298,0,0.01496370972096954,0.03485775437647493,0.01496370972096954,300,300,0,0,0,1.0,1.0,1.0,{},50.0,0.0,0.0,0.0,0.0,"[0.019411682808678613, 0.017424425562222498, 0.04016975029297864, 0.037116935517408196, 0.03211713280673584, 0.03092989096390315, 0.01997269032263319, 0.0037174047698594424, 0.004130449744288281]","[0.050965458091449145, 0.04224281358459858, 0.07817814456458239, 0.08849885387480028, 0.08152923611039209, 0.06747061292704304, 0.05846255345515583, 0.009049546030295619, 0.010055051144772842]",6,6,0,0,15.933333333333394,33.016666666666424
development_validation,V3,algorithm_only,hold_pose,100,300,296,0,0.02709508949951166,0.06540289318198282,0.02709508949951166,300,300,0,0,0,1.0,1.0,1.0,{},100.0,0.0,0.0,0.0,0.0,"[0.019411682808678613, 0.017424425562222498, 0.04016975029297864, 0.037116935517408196, 0.03211713280673584, 0.03092989096390315, 0.01997269032263319, 0.0037174047698594424, 0.004130449744288281]","[0.050965458091449145, 0.04224281358459858, 0.07817814456458239, 0.08849885387480028, 0.08152923611039209, 0.06747061292704304, 0.05846255345515583, 0.009049546030295619, 0.010055051144772842]",6,6,0,0,80.63333333333291,111.93333333333317
development_validation,V3,algorithm_only,hold_pose,150,300,295,0,0.03843767588551681,0.09272488673180355,0.03843767588551681,300,300,0,0,0,1.0,1.0,1.0,{},150.0,0.0,0.0,0.0,0.0,"[0.019411682808678613, 0.017424425562222498, 0.04016975029297864, 0.037116935517408196, 0.03211713280673584, 0.03092989096390315, 0.01997269032263319, 0.0037174047698594424, 0.004130449744288281]","[0.050965458091449145, 0.04224281358459858, 0.07817814456458239, 0.08849885387480028, 0.08152923611039209, 0.06747061292704304, 0.05846255345515583, 0.009049546030295619, 0.010055051144772842]",5,5,0,1,127.96666666666715,144.00000000000017
development_validation,V3,algorithm_only,linear_pose_w2,50,300,298,0,0.017723637252633765,0.03403453025034565,0.017723637252633765,300,299,1,0,0,1.0,0.9966666666666667,0.9966666666666667,"{""history_warmup"": 1}",50.0,0.0,0.0,0.0,0.0,"[0.030860006283460133, 0.028024435433526652, 0.07141288853100032, 0.07150314480537513, 0.0716612031212282, 0.06708385328809376, 0.06001293856027893, 0.006768428468074189, 0.00752047607563804]","[0.10761947554280693, 0.08133478356236024, 0.22908639961987054, 0.19892639423568959, 0.20956667871078344, 0.23737312903014762, 0.13012490665761245, 0.019520348054966385, 0.02168927561662938]",6,6,0,2,0.0,34.97499999999991
development_validation,V3,algorithm_only,linear_pose_w2,100,300,296,0,0.06016381555128781,0.09063919399743994,0.06016381555128781,300,299,1,0,0,1.0,0.9966666666666667,0.9966666666666667,"{""history_warmup"": 1}",100.0,0.0,0.0,0.0,0.0,"[0.09183580463577641, 0.07963735465180896, 0.14389922769290076, 0.14704381896376845, 0.123864113082861, 0.14298321505113848, 0.12529664049703895, 0.08240161342156592, 0.02134667585958194]","[0.5142706540894282, 0.4937677313425166, 0.4894660289947757, 0.5160352361399083, 0.680182916510938, 0.6750474008903302, 0.744436567608421, 0.774504255522204, 0.25]",6,6,0,20,-16.01666666666688,88.21666666666624
development_validation,V3,algorithm_only,linear_pose_w2,150,300,295,0,0.09541057022317699,0.1766637612839924,0.09541057022317699,300,299,1,0,0,1.0,0.9966666666666667,0.9966666666666667,"{""history_warmup"": 1}",150.0,0.0,0.0,0.0,0.0,"[0.1666069890716595, 0.17950515123247768, 0.18878125118444772, 0.20379923402101943, 0.17777036374106744, 0.1674409514276678, 0.14784523464014382, 0.1528018567776485, 0.033258494226862924]","[0.5168767307315388, 0.49873510165219953, 0.5361291181537403, 0.5539889731507825, 0.6695084831721243, 0.6614792036014433, 0.6819840179603329, 0.7703691280994115, 0.1541476368122687]",5,5,0,31,0.0,89.69333333333378
development_validation,V3,algorithm_only,linear_pose_w4,50,300,298,0,0.016709327343181826,0.032159795271879184,0.016709327343181826,300,297,3,0,0,1.0,0.99,0.99,"{""history_warmup"": 3}",50.0,0.0,0.0,0.0,0.0,"[0.02397521887230142, 0.024186116851334656, 0.054265683326025875, 0.05352140683205577, 0.04150044483707603, 0.04534890936659637, 0.041846323866417914, 0.004698210582377358, 0.0052202339804193676]","[0.0729880879956436, 0.05547673371517853, 0.10378408719814058, 0.11420124295873019, 0.20305303752497994, 0.21271490243633073, 0.09856865488802291, 0.013236690344448743, 0.01470743371605418]",6,6,0,0,0.0,66.82499999999982
development_validation,V3,algorithm_only,linear_pose_w4,100,300,296,0,0.05686920168821468,0.07898416211882284,0.05686920168821468,300,297,3,0,0,1.0,0.99,0.99,"{""history_warmup"": 3}",100.0,0.0,0.0,0.0,0.0,"[0.04547290109739594, 0.03570567663430404, 0.10348322826716598, 0.09932807423124322, 0.06564989221253126, 0.06263985043643602, 0.06304236956510763, 0.011167928707263798, 0.009471399851387561]","[0.36380258898714485, 0.49345309295479106, 0.2624181823707386, 0.2854351456558241, 0.39862652347301575, 0.4347444198994619, 0.41942173456015797, 0.5234206828204273, 0.07559112040457436]",6,6,0,4,64.71666666666731,96.22499999999991
development_validation,V3,algorithm_only,linear_pose_w4,150,300,295,0,0.09920887554883488,0.2081987664795514,0.09920887554883488,300,297,3,0,0,1.0,0.99,0.99,"{""history_warmup"": 3}",150.0,0.0,0.0,0.0,0.0,"[0.06411213229310564, 0.052170343360482214, 0.10004370995605552, 0.11063557852120175, 0.09215633872326977, 0.09338738073168246, 0.0991014709878436, 0.022616213673997347, 0.013333096278677029]","[0.435030005417791, 0.4635158344238802, 0.41565834631502147, 0.42166702348307106, 0.34403664310450655, 0.3451501735515929, 0.5031802426594354, 0.6708176949411888, 0.10377713850737669]",5,5,0,13,0.0,140.87999999999917
development_validation,V3,algorithm_only,linear_pose_w8,50,300,298,0,0.020777529061048957,0.05149569910241072,0.020777529061048957,300,294,6,0,0,1.0,0.98,0.98,"{""history_warmup"": 6}",50.0,0.0,0.0,0.0,0.0,"[0.022853345409365566, 0.02075231373542389, 0.04450445590614137, 0.041541060703794694, 0.03945055175660226, 0.03954281403965773, 0.029878314030093275, 0.005133175164673568, 0.0049636760055492635]","[0.05978280952082127, 0.05329939781812887, 0.09656719324189239, 0.1088141906030003, 0.14689473143452425, 0.15460142143133648, 0.07691430849569425, 0.019279183644147158, 0.011958141103409342]",6,6,0,2,16.033333333333303,74.82499999999973
development_validation,V3,algorithm_only,linear_pose_w8,100,300,296,0,0.09177830203029443,0.14594678440508516,0.09177830203029443,300,294,6,0,0,1.0,0.98,0.98,"{""history_warmup"": 6}",100.0,0.0,0.0,0.0,0.0,"[0.03488579841937342, 0.02918261801733661, 0.07223302699549304, 0.07040106211455036, 0.05584409442931602, 0.05378555892372977, 0.0481807105719215, 0.009366414508936808, 0.008550388397668895]","[0.34326275841031295, 0.40204505077681696, 0.20164081670756637, 0.20557102353474166, 0.3764748322281512, 0.3983090950895143, 0.48609070809766475, 0.5738795373646913, 0.08920657280481009]",6,6,0,2,88.05000000000064,152.38333333333298
development_validation,V3,algorithm_only,linear_pose_w8,150,300,295,0,0.1216453576010322,0.35518026060462027,0.1216453576010322,300,294,6,0,0,1.0,0.98,0.98,"{""history_warmup"": 6}",150.0,0.0,0.0,0.0,0.0,"[0.043479631755124204, 0.03593106424382565, 0.08878070275433834, 0.0855126824755836, 0.0734394186014772, 0.07055064039247648, 0.06146135392208657, 0.017186342010609285, 0.010204556191761038]","[0.3690101871542169, 0.44831316966824164, 0.2706368534319327, 0.28717178951430256, 0.2954237351526232, 0.29131807445107266, 0.5113537393114889, 0.7332352622590634, 0.09776092694314115]",5,5,0,7,96.10000000000127,183.50000000000017
development_validation,V3,nominal,hold_channels,50,300,298,0,0.01496370972096954,0.03485775437647493,0.01496370972096954,300,300,0,0,0,1.0,1.0,1.0,{},25.33815000042523,23.151850000431295,24.66184999957477,31.364700000267476,0.0,"[0.019411682808678613, 0.017424425562222498, 0.04016975029297864, 0.037116935517408196, 0.03211713280673584, 0.03092989096390315, 0.01997269032263319, 0.0037174047698594424, 0.004130449744288281]","[0.050965458091449145, 0.04224281358459858, 0.07817814456458239, 0.08849885387480028, 0.08152923611039209, 0.06747061292704304, 0.05846255345515583, 0.009049546030295619, 0.010055051144772842]",6,6,0,0,32.083333333333485,56.40833333333325
development_validation,V3,nominal,hold_channels,100,300,296,0,0.02709508949951166,0.06540289318198282,0.02709508949951166,300,300,0,0,0,1.0,1.0,1.0,{},75.33815000042523,23.151850000431295,24.66184999957477,31.364700000267476,0.0,"[0.019411682808678613, 0.017424425562222498, 0.04016975029297864, 0.037116935517408196, 0.03211713280673584, 0.03092989096390315, 0.01997269032263319, 0.0037174047698594424, 0.004130449744288281]","[0.050965458091449145, 0.04224281358459858, 0.07817814456458239, 0.08849885387480028, 0.08152923611039209, 0.06747061292704304, 0.05846255345515583, 0.009049546030295619, 0.010055051144772842]",6,6,0,0,103.91666666666697,125.075
development_validation,V3,nominal,hold_channels,150,300,295,0,0.03843767588551681,0.09272488673180355,0.03843767588551681,300,300,0,0,0,1.0,1.0,1.0,{},125.33815000042523,23.151850000431295,24.66184999957477,31.364700000267476,0.0,"[0.019411682808678613, 0.017424425562222498, 0.04016975029297864, 0.037116935517408196, 0.03211713280673584, 0.03092989096390315, 0.01997269032263319, 0.0037174047698594424, 0.004130449744288281]","[0.050965458091449145, 0.04224281358459858, 0.07817814456458239, 0.08849885387480028, 0.08152923611039209, 0.06747061292704304, 0.05846255345515583, 0.009049546030295619, 0.010055051144772842]",5,5,0,1,129.4333333333343,144.00000000000017
development_validation,V3,nominal,hold_pose,50,300,298,0,0.01496370972096954,0.03485775437647493,0.01496370972096954,300,296,4,0,3,1.0,0.9866666666666667,0.9866666666666667,"{""deadline_miss"": 3, ""prediction_queue_replaced"": 1}",6.135060000087833,37.68829999899026,43.86493999991217,97.69510000114678,0.0,"[0.019411682808678613, 0.017424425562222498, 0.04016975029297864, 0.037116935517408196, 0.03211713280673584, 0.03092989096390315, 0.01997269032263319, 0.0037174047698594424, 0.004130449744288281]","[0.050965458091449145, 0.04224281358459858, 0.07817814456458239, 0.08849885387480028, 0.08152923611039209, 0.06747061292704304, 0.05846255345515583, 0.009049546030295619, 0.010055051144772842]",6,6,0,0,15.933333333333394,33.016666666666424
development_validation,V3,nominal,hold_pose,100,300,296,0,0.02709508949951166,0.06540289318198282,0.02709508949951166,300,299,1,0,0,1.0,0.9966666666666667,0.9966666666666667,"{""prediction_queue_replaced"": 1}",56.13506000008783,37.68829999899026,43.86493999991217,97.69510000114678,0.0,"[0.019411682808678613, 0.017424425562222498, 0.04016975029297864, 0.037116935517408196, 0.03211713280673584, 0.03092989096390315, 0.01997269032263319, 0.0037174047698594424, 0.004130449744288281]","[0.050965458091449145, 0.04224281358459858, 0.07817814456458239, 0.08849885387480028, 0.08152923611039209, 0.06747061292704304, 0.05846255345515583, 0.009049546030295619, 0.010055051144772842]",6,6,0,0,80.63333333333291,111.93333333333317
development_validation,V3,nominal,hold_pose,150,300,295,0,0.03843767588551681,0.09272488673180355,0.03843767588551681,300,299,1,0,0,1.0,0.9966666666666667,0.9966666666666667,"{""prediction_queue_replaced"": 1}",106.13506000008783,37.68829999899026,43.86493999991217,97.69510000114678,0.0,"[0.019411682808678613, 0.017424425562222498, 0.04016975029297864, 0.037116935517408196, 0.03211713280673584, 0.03092989096390315, 0.01997269032263319, 0.0037174047698594424, 0.004130449744288281]","[0.050965458091449145, 0.04224281358459858, 0.07817814456458239, 0.08849885387480028, 0.08152923611039209, 0.06747061292704304, 0.05846255345515583, 0.009049546030295619, 0.010055051144772842]",5,5,0,1,127.96666666666715,144.00000000000017
development_validation,V3,nominal,linear_pose_w2,50,300,298,0,0.017723637252633765,0.03403453025034565,0.017723637252633765,300,299,1,0,0,1.0,0.9966666666666667,0.9966666666666667,"{""history_warmup"": 1}",6.813395002791367,37.4826999996003,43.18660499720864,47.314100000221515,0.0,"[0.030860006283460133, 0.028024435433526652, 0.07141288853100032, 0.07150314480537513, 0.0716612031212282, 0.06708385328809376, 0.06001293856027893, 0.006768428468074189, 0.00752047607563804]","[0.10761947554280693, 0.08133478356236024, 0.22908639961987054, 0.19892639423568959, 0.20956667871078344, 0.23737312903014762, 0.13012490665761245, 0.019520348054966385, 0.02168927561662938]",6,6,0,2,0.0,34.97499999999991
development_validation,V3,nominal,linear_pose_w2,100,300,296,0,0.06016381555128781,0.09063919399743994,0.06016381555128781,300,299,1,0,0,1.0,0.9966666666666667,0.9966666666666667,"{""history_warmup"": 1}",56.81339500279137,37.4826999996003,43.18660499720864,47.314100000221515,0.0,"[0.09183580463577641, 0.07963735465180896, 0.14389922769290076, 0.14704381896376845, 0.123864113082861, 0.14298321505113848, 0.12529664049703895, 0.08240161342156592, 0.02134667585958194]","[0.5142706540894282, 0.4937677313425166, 0.4894660289947757, 0.5160352361399083, 0.680182916510938, 0.6750474008903302, 0.744436567608421, 0.774504255522204, 0.25]",6,6,0,20,-16.01666666666688,88.21666666666624
development_validation,V3,nominal,linear_pose_w2,150,300,295,0,0.09541057022317699,0.1766637612839924,0.09541057022317699,300,299,1,0,0,1.0,0.9966666666666667,0.9966666666666667,"{""history_warmup"": 1}",106.81339500279137,37.4826999996003,43.18660499720864,47.314100000221515,0.0,"[0.1666069890716595, 0.17950515123247768, 0.18878125118444772, 0.20379923402101943, 0.17777036374106744, 0.1674409514276678, 0.14784523464014382, 0.1528018567776485, 0.033258494226862924]","[0.5168767307315388, 0.49873510165219953, 0.5361291181537403, 0.5539889731507825, 0.6695084831721243, 0.6614792036014433, 0.6819840179603329, 0.7703691280994115, 0.1541476368122687]",5,5,0,31,0.0,89.69333333333378
development_validation,V3,nominal,linear_pose_w4,50,300,298,0,0.016709325585482986,0.032159795271879184,0.016709325585482986,300,296,4,0,1,1.0,0.9866666666666667,0.9866666666666667,"{""history_warmup"": 3, ""deadline_miss"": 1}",6.623330002730654,37.54455000307644,43.376669997269346,51.913200000853976,0.0,"[0.02397521887230142, 0.024186116851334656, 0.054265683326025875, 0.05352140683205577, 0.04150044483707603, 0.04534890936659637, 0.041846323866417914, 0.004698210582377358, 0.0052202339804193676]","[0.0729880879956436, 0.05547673371517853, 0.10378408719814058, 0.11420124295873019, 0.20305303752497994, 0.21271490243633073, 0.09856865488802291, 0.013236690344448743, 0.01470743371605418]",6,6,0,0,0.0,66.82499999999982
development_validation,V3,nominal,linear_pose_w4,100,300,296,0,0.05686920168821468,0.07898416211882284,0.05686920168821468,300,297,3,0,0,1.0,0.99,0.99,"{""history_warmup"": 3}",56.623330002730654,37.54455000307644,43.376669997269346,51.913200000853976,0.0,"[0.04547290109739594, 0.03570567663430404, 0.10348322826716598, 0.09932807423124322, 0.06564989221253126, 0.06263985043643602, 0.06304236956510763, 0.011167928707263798, 0.009471399851387561]","[0.36380258898714485, 0.49345309295479106, 0.2624181823707386, 0.2854351456558241, 0.39862652347301575, 0.4347444198994619, 0.41942173456015797, 0.5234206828204273, 0.07559112040457436]",6,6,0,4,64.71666666666731,96.22499999999991
development_validation,V3,nominal,linear_pose_w4,150,300,295,0,0.09920887554883488,0.2081987664795514,0.09920887554883488,300,297,3,0,0,1.0,0.99,0.99,"{""history_warmup"": 3}",106.62333000273065,37.54455000307644,43.376669997269346,51.913200000853976,0.0,"[0.06411213229310564, 0.052170343360482214, 0.10004370995605552, 0.11063557852120175, 0.09215633872326977, 0.09338738073168246, 0.0991014709878436, 0.022616213673997347, 0.013333096278677029]","[0.435030005417791, 0.4635158344238802, 0.41565834631502147, 0.42166702348307106, 0.34403664310450655, 0.3451501735515929, 0.5031802426594354, 0.6708176949411888, 0.10377713850737669]",5,5,0,13,0.0,140.87999999999917
development_validation,V3,nominal,linear_pose_w8,50,300,298,0,0.020777522404505276,0.05149569910241072,0.020777522404505276,300,293,7,0,1,1.0,0.9766666666666667,0.9766666666666667,"{""history_warmup"": 6, ""deadline_miss"": 1}",6.434235001688672,37.686050000047544,43.56576499831135,51.52060000182246,0.0,"[0.022853345409365566, 0.02075231373542389, 0.04450445590614137, 0.041541060703794694, 0.03945055175660226, 0.03954281403965773, 0.029878314030093275, 0.005133175164673568, 0.0049636760055492635]","[0.05978280952082127, 0.05329939781812887, 0.09656719324189239, 0.1088141906030003, 0.14689473143452425, 0.15460142143133648, 0.07691430849569425, 0.019279183644147158, 0.011958141103409342]",6,6,0,2,16.033333333333303,74.82499999999973
development_validation,V3,nominal,linear_pose_w8,100,300,296,0,0.09177830203029443,0.14594678440508516,0.09177830203029443,300,294,6,0,0,1.0,0.98,0.98,"{""history_warmup"": 6}",56.43423500168867,37.686050000047544,43.56576499831135,51.52060000182246,0.0,"[0.03488579841937342, 0.02918261801733661, 0.07223302699549304, 0.07040106211455036, 0.05584409442931602, 0.05378555892372977, 0.0481807105719215, 0.009366414508936808, 0.008550388397668895]","[0.34326275841031295, 0.40204505077681696, 0.20164081670756637, 0.20557102353474166, 0.3764748322281512, 0.3983090950895143, 0.48609070809766475, 0.5738795373646913, 0.08920657280481009]",6,6,0,2,88.05000000000064,152.38333333333298
development_validation,V3,nominal,linear_pose_w8,150,300,295,0,0.1216453576010322,0.35518026060462027,0.1216453576010322,300,294,6,0,0,1.0,0.98,0.98,"{""history_warmup"": 6}",106.43423500168868,37.686050000047544,43.56576499831135,51.52060000182246,0.0,"[0.043479631755124204, 0.03593106424382565, 0.08878070275433834, 0.0855126824755836, 0.0734394186014772, 0.07055064039247648, 0.06146135392208657, 0.017186342010609285, 0.010204556191761038]","[0.3690101871542169, 0.44831316966824164, 0.2706368534319327, 0.28717178951430256, 0.2954237351526232, 0.29131807445107266, 0.5113537393114889, 0.7332352622590634, 0.09776092694314115]",5,5,0,7,96.10000000000127,183.50000000000017
development_validation,V3,jitter_drop,hold_channels,50,300,298,18,0.24619229922576777,1.0,0.014877255294198602,282,282,0,18,1,0.94,0.94,0.94,"{""source_drop"": 17, ""deadline_miss"": 1}",6.0031900004833005,33.79409999775817,43.9968099995167,51.36459999950603,0.0,"[0.019396355370426815, 0.017284626144914973, 0.03867670227072756, 0.035545346538947545, 0.03212962381090062, 0.03303305228373482, 0.02130348852231921, 0.003708181398178067, 0.0041202015535311935]","[0.050965458091449145, 0.04224281358459858, 0.07817814456458239, 0.08849885387480028, 0.08152923611039209, 0.06747061292704304, 0.05846255345515583, 0.009049546030295619, 0.010055051144772842]",6,6,0,11,32.083333333333485,56.40833333333325
development_validation,V3,jitter_drop,hold_channels,100,300,296,17,0.24109276109522162,1.0,0.027120662145600688,283,283,0,17,0,0.9433333333333334,0.9433333333333334,0.9433333333333334,"{""source_drop"": 17}",56.0031900004833,33.79409999775817,43.9968099995167,51.36459999950603,0.0,"[0.019389016578874728, 0.017241782610171588, 0.03853984835711914, 0.03548808162421568, 0.03212806243538002, 0.03279226403196141, 0.02113713874735847, 0.0037061873463308578, 0.0041179859403676295]","[0.050965458091449145, 0.04224281358459858, 0.07817814456458239, 0.08849885387480028, 0.08152923611039209, 0.06747061292704304, 0.05846255345515583, 0.009049546030295619, 0.010055051144772842]",6,6,0,11,103.91666666666697,125.075
development_validation,V3,jitter_drop,hold_channels,150,300,295,17,0.2429561589788422,1.0,0.038551566876356747,283,283,0,17,0,0.9433333333333334,0.9433333333333334,0.9433333333333334,"{""source_drop"": 17}",106.0031900004833,33.79409999775817,43.9968099995167,51.36459999950603,0.0,"[0.019389016578874728, 0.017241782610171588, 0.03853984835711914, 0.03548808162421568, 0.03212806243538002, 0.03279226403196141, 0.02113713874735847, 0.0037061873463308578, 0.0041179859403676295]","[0.050965458091449145, 0.04224281358459858, 0.07817814456458239, 0.08849885387480028, 0.08152923611039209, 0.06747061292704304, 0.05846255345515583, 0.009049546030295619, 0.010055051144772842]",5,5,0,12,129.4333333333343,144.00000000000017
development_validation,V3,jitter_drop,hold_pose,50,300,298,18,0.24619229922576777,1.0,0.014877255294198602,282,204,78,18,79,0.94,0.68,0.68,"{""deadline_miss"": 79, ""source_drop"": 17}",-8.052799996512476,46.869399998977315,58.05279999651247,82.00809999994817,0.0,"[0.019396355370426815, 0.017284626144914973, 0.03867670227072756, 0.035545346538947545, 0.03212962381090062, 0.03303305228373482, 0.02130348852231921, 0.003708181398178067, 0.0041202015535311935]","[0.050965458091449145, 0.04224281358459858, 0.07817814456458239, 0.08849885387480028, 0.08152923611039209, 0.06747061292704304, 0.05846255345515583, 0.009049546030295619, 0.010055051144772842]",6,6,0,3,15.933333333333394,33.016666666666424
development_validation,V3,jitter_drop,hold_pose,100,300,296,17,0.24109276109522162,1.0,0.027120662145600688,283,283,0,17,0,0.9433333333333334,0.9433333333333334,0.9433333333333334,"{""source_drop"": 17}",41.947200003487524,46.869399998977315,58.05279999651247,82.00809999994817,0.0,"[0.019389016578874728, 0.017241782610171588, 0.03853984835711914, 0.03548808162421568, 0.03212806243538002, 0.03279226403196141, 0.02113713874735847, 0.0037061873463308578, 0.0041179859403676295]","[0.050965458091449145, 0.04224281358459858, 0.07817814456458239, 0.08849885387480028, 0.08152923611039209, 0.06747061292704304, 0.05846255345515583, 0.009049546030295619, 0.010055051144772842]",6,6,0,0,80.63333333333291,111.93333333333317
development_validation,V3,jitter_drop,hold_pose,150,300,295,17,0.2429561589788422,1.0,0.038551566876356747,283,283,0,17,0,0.9433333333333334,0.9433333333333334,0.9433333333333334,"{""source_drop"": 17}",91.94720000348752,46.869399998977315,58.05279999651247,82.00809999994817,0.0,"[0.019389016578874728, 0.017241782610171588, 0.03853984835711914, 0.03548808162421568, 0.03212806243538002, 0.03279226403196141, 0.02113713874735847, 0.0037061873463308578, 0.0041179859403676295]","[0.050965458091449145, 0.04224281358459858, 0.07817814456458239, 0.08849885387480028, 0.08152923611039209, 0.06747061292704304, 0.05846255345515583, 0.009049546030295619, 0.010055051144772842]",5,5,0,1,127.96666666666715,144.00000000000017
development_validation,V3,jitter_drop,linear_pose_w2,50,300,298,18,0.24620292395180954,1.0,0.01506322024968075,282,181,101,18,69,0.94,0.6033333333333334,0.6033333333333334,"{""history_warmup"": 33, ""deadline_miss"": 69, ""source_drop"": 17}",-7.422569999762345,46.627499997848645,57.422569999762345,63.95989999829908,0.0,"[0.03302536120698872, 0.029152511753963918, 0.06633771544341364, 0.06612284390380949, 0.07518050980865561, 0.07689369147501124, 0.05806633447796595, 0.0065116179120341166, 0.007235131013371285]","[0.10761947554280693, 0.08133478356236024, 0.22908639961987054, 0.19892639423568959, 0.19057610146012854, 0.16269531780677604, 0.13012490665761245, 0.019520348054966385, 0.02168927561662938]",6,6,0,11,0.0,42.97499999999991
development_validation,V3,jitter_drop,linear_pose_w2,100,300,296,17,0.2468287099738734,1.0,0.06086667879554726,283,250,33,17,0,0.9433333333333334,0.8333333333333334,0.8333333333333334,"{""history_warmup"": 33, ""source_drop"": 17}",42.577430000237655,46.627499997848645,57.422569999762345,63.95989999829908,0.0,"[0.08885119795258213, 0.08599230762718542, 0.14588949464787512, 0.148410701554184, 0.12328499393207402, 0.13886533257078737, 0.14161240716894857, 0.15944004936852102, 0.02843122420795448]","[0.5142706540894282, 0.4937677313425166, 0.4894660289947757, 0.5160352361399083, 0.680182916510938, 0.6750474008903302, 0.744436567608421, 0.774504255522204, 0.25]",6,6,0,26,-32.68333333333385,96.22500000000014
development_validation,V3,jitter_drop,linear_pose_w2,150,300,295,17,0.2564881410453407,1.0,0.09304828012249895,283,250,33,17,0,0.9433333333333334,0.8333333333333334,0.8333333333333334,"{""history_warmup"": 33, ""source_drop"": 17}",92.57743000023765,46.627499997848645,57.422569999762345,63.95989999829908,0.0,"[0.11730958431234463, 0.13201722064695853, 0.18156658569948048, 0.19956479648374165, 0.17507863875148108, 0.1633569345598874, 0.14545984517658478, 0.12004090783766945, 0.024955457806410168]","[0.4971354843039869, 0.4817770009094636, 0.4938587686907072, 0.5193063121290366, 0.6695084831721243, 0.6614792036014433, 0.7284168097305148, 0.7716264802182713, 0.1541476368122687]",5,5,0,37,0.0,121.70000000000108
development_validation,V3,jitter_drop,linear_pose_w4,50,300,298,18,0.24623434897779062,1.0,0.01560032917714502,282,154,128,18,62,0.94,0.5133333333333333,0.5133333333333333,"{""history_warmup"": 67, ""deadline_miss"": 62, ""source_drop"": 17}",-7.18172000371851,45.90990000520833,57.18172000371851,63.92850000294857,0.0,"[0.02911659115553854, 0.025605852149435785, 0.046637017685151154, 0.05006819639551168, 0.053751369971880875, 0.04928043047622129, 0.04420556799211313, 0.00699013263640789, 0.007766814040453238]","[0.0729880879956436, 0.07698343140946218, 0.13500969496595017, 0.14066872131967606, 0.25858323368833036, 0.28348896808401247, 0.1634568400814227, 0.02013507498386502, 0.021009144824209514]",6,6,0,11,16.0,43.0
development_validation,V3,jitter_drop,linear_pose_w4,100,300,296,17,0.24597461052532088,1.0,0.05708067204635923,283,216,67,17,0,0.9433333333333334,0.72,0.72,"{""history_warmup"": 67, ""source_drop"": 17}",42.81827999628149,45.90990000520833,57.18172000371851,63.92850000294857,0.0,"[0.05215898938751761, 0.04040501385968363, 0.07518991940050745, 0.07823053141724035, 0.07156987663658441, 0.07583934229389566, 0.061895348697871805, 0.01308981789537013, 0.010774670362582273]","[0.36380258898714485, 0.49345309295479106, 0.26807594090211734, 0.29153014440732355, 0.39862652347301575, 0.4347444198994619, 0.41942173456015797, 0.5234206828204273, 0.07559112040457436]",6,6,0,13,72.63333333333337,96.22500000000014
development_validation,V3,jitter_drop,linear_pose_w4,150,300,295,17,0.2578593905774712,1.0,0.09698665387216138,283,216,67,17,0,0.9433333333333334,0.72,0.72,"{""history_warmup"": 67, ""source_drop"": 17}",92.81827999628149,45.90990000520833,57.18172000371851,63.92850000294857,0.0,"[0.0706142451575148, 0.08105459747623141, 0.09928478012530877, 0.10997086833863585, 0.12029230693173625, 0.1294207768037706, 0.09717172252860948, 0.02787867088494674, 0.014106508424640049]","[0.47764565657866187, 0.4635158344238802, 0.41314486132535033, 0.44805866003788747, 0.4752923005691232, 0.4985375004915268, 0.6542912425428229, 0.7664287677447301, 0.12269863082747792]",5,5,0,21,32.03333333333376,115.30666666666765
development_validation,V3,jitter_drop,linear_pose_w8,50,300,298,18,0.24644243952065514,1.0,0.018774512270033968,282,107,175,18,44,0.94,0.3566666666666667,0.3566666666666667,"{""history_warmup"": 132, ""deadline_miss"": 44, ""source_drop"": 17}",-6.942050000652671,42.93360000112443,56.94205000065267,64.00899999745889,0.0,"[0.024683928323831886, 0.024189587752297383, 0.041743327322382735, 0.04555285513035688, 0.04407295770952834, 0.03988932918294091, 0.03477644094251345, 0.0058243307968398935, 0.006182096358730023]","[0.07059365480218904, 0.06405257947345533, 0.15101144731443011, 0.168219578419336, 0.20619719336390635, 0.22566188312043312, 0.14714693910378263, 0.03235341437289008, 0.023421346043399682]",6,6,0,11,32.0333333333333,59.7333333333333
development_validation,V3,jitter_drop,linear_pose_w8,100,300,296,17,0.2532787145561514,1.0,0.08442153458936393,283,151,132,17,0,0.9433333333333334,0.5033333333333333,0.5033333333333333,"{""history_warmup"": 132, ""source_drop"": 17}",43.05794999934733,42.93360000112443,56.94205000065267,64.00899999745889,0.0,"[0.02694598575885003, 0.024173097912284804, 0.04883793386924323, 0.05217901878400457, 0.04561788583853959, 0.04712167548374678, 0.04422312219123109, 0.005780869848228317, 0.006423188720253605]","[0.4624546840854387, 0.41609037064983123, 0.3989612911731968, 0.4233762604604113, 0.5245717616929383, 0.5535310604743963, 0.6673561468249143, 0.6655978252431408, 0.11843775767672102]",6,6,0,13,104.05000000000064,152.38333333333298
development_validation,V3,jitter_drop,linear_pose_w8,150,300,295,17,0.2604017238983303,1.0,0.10394506112753871,283,151,132,17,0,0.9433333333333334,0.5033333333333333,0.5033333333333333,"{""history_warmup"": 132, ""source_drop"": 17}",93.05794999934733,42.93360000112443,56.94205000065267,64.00899999745889,0.0,"[0.029794726837573584, 0.026408031689856542, 0.04992891303857432, 0.052013347858100176, 0.0642058218674657, 0.05685459624386116, 0.04778125263548447, 0.006570482392089341, 0.007042141783961749]","[0.5152219835775937, 0.485736586135601, 0.42247611548385966, 0.4410123786934085, 0.5479398557255297, 0.5714007794404956, 0.7237599077487753, 0.7725767806725443, 0.12952975630282693]",5,5,0,14,128.10000000000127,183.50000000000017
development_validation,V3,compute_load,hold_channels,50,300,298,281,0.9710644095930451,1.0,0.015134880496983642,18,0,18,282,208,0.06,0.0,0.0,"{""deadline_miss"": 208, ""baseline_queue_replaced"": 92}",-65.11980666274776,99.78106666935878,115.11980666274776,127.9785333308173,0.0,,,6,0,6,0,,
development_validation,V3,compute_load,hold_channels,100,300,296,91,0.5549165759623789,1.0,0.026868447197223998,208,109,99,92,99,0.6933333333333334,0.36333333333333334,0.36333333333333334,"{""deadline_miss"": 99, ""baseline_queue_replaced"": 92}",-15.11980666274776,99.78106666935878,115.11980666274776,127.9785333308173,0.0,"[0.019598390420480043, 0.01773174221299912, 0.03847684038655203, 0.033677289532848216, 0.03227572837069892, 0.031057756856161453, 0.022404533973659865, 0.0033399798959651275, 0.003711088773294629]","[0.03397198116355482, 0.03318720844065359, 0.04896192364825114, 0.05375234562956177, 0.05655140615493537, 0.05061330201282688, 0.04784795493130822, 0.005901984704838048, 0.006557760783153371]",6,3,3,53,128.1333333333332,129.3033333333333
development_validation,V3,compute_load,hold_channels,150,300,295,91,0.5563263532064402,1.0,0.038489132998627835,208,208,0,92,0,0.6933333333333334,0.6933333333333334,0.6933333333333334,"{""baseline_queue_replaced"": 92}",34.88019333725224,99.78106666935878,115.11980666274776,127.9785333308173,0.0,"[0.019598390420480043, 0.01773174221299912, 0.03847684038655203, 0.033677289532848216, 0.03227572837069892, 0.031057756856161453, 0.022404533973659865, 0.0033399798959651275, 0.003711088773294629]","[0.03397198116355482, 0.03318720844065359, 0.04896192364825114, 0.05375234562956177, 0.05655140615493537, 0.05061330201282688, 0.04784795493130822, 0.005901984704838048, 0.006557760783153371]",5,2,3,54,160.71666666666715,161.39166666666716
development_validation,V3,compute_load,hold_pose,50,300,298,281,0.9710644095930451,1.0,0.015134880496983642,18,0,18,282,208,0.06,0.0,0.0,"{""deadline_miss"": 145, ""baseline_queue_replaced"": 92, ""history_reset_before_ready"": 63}",-91.85139833394814,118.28343332576151,141.85139833394814,163.64963332425214,26.652739998993635,,,6,0,6,0,,
development_validation,V3,compute_load,hold_pose,100,300,296,91,0.5549165759623789,1.0,0.026868447197223998,208,8,200,92,200,0.6933333333333334,0.02666666666666667,0.02666666666666667,"{""deadline_miss"": 137, ""baseline_queue_replaced"": 92, ""history_reset_before_ready"": 63}",-41.85139833394815,118.28343332576151,141.85139833394814,163.64963332425214,26.652739998993635,"[0.019598390420480043, 0.01773174221299912, 0.03847684038655203, 0.033677289532848216, 0.03227572837069892, 0.031057756856161453, 0.022404533973659865, 0.0033399798959651275, 0.003711088773294629]","[0.03397198116355482, 0.03318720844065359, 0.04896192364825114, 0.05375234562956177, 0.05655140615493537, 0.05061330201282688, 0.04784795493130822, 0.005901984704838048, 0.006557760783153371]",6,3,3,46,128.1333333333332,129.3033333333333
development_validation,V3,compute_load,hold_pose,150,300,295,91,0.5563263532064402,1.0,0.038489132998627835,208,145,63,92,2,0.6933333333333334,0.48333333333333334,0.48333333333333334,"{""baseline_queue_replaced"": 92, ""history_reset_before_ready"": 63}",8.148601666051855,118.28343332576151,141.85139833394814,163.64963332425214,26.652739998993635,"[0.019598390420480043, 0.01773174221299912, 0.03847684038655203, 0.033677289532848216, 0.03227572837069892, 0.031057756856161453, 0.022404533973659865, 0.0033399798959651275, 0.003711088773294629]","[0.03397198116355482, 0.03318720844065359, 0.04896192364825114, 0.05375234562956177, 0.05655140615493537, 0.05061330201282688, 0.04784795493130822, 0.005901984704838048, 0.006557760783153371]",5,1,4,1,144.03333333333376,144.03333333333376
development_validation,V3,compute_load,linear_pose_w2,50,300,298,281,0.9710644095930451,1.0,0.015134880496983642,18,0,18,282,190,0.06,0.0,0.0,"{""history_warmup"": 170, ""deadline_miss"": 32, ""baseline_queue_replaced"": 92, ""history_reset_before_ready"": 6}",-77.28783999370785,100.40588332525931,127.28783999370783,141.06893333423795,0.0,,,6,0,6,0,,
development_validation,V3,compute_load,linear_pose_w2,100,300,296,91,0.5549166364050527,1.0,0.026870249601065904,208,2,206,92,36,0.6933333333333334,0.006666666666666667,0.006666666666666667,"{""history_warmup"": 170, ""deadline_miss"": 30, ""baseline_queue_replaced"": 92, ""history_reset_before_ready"": 6}",-27.28783999370785,100.40588332525931,127.28783999370783,141.06893333423795,0.0,"[0.019598390420480043, 0.01773174221299912, 0.03847684038655203, 0.033677289532848216, 0.03227572837069892, 0.031057756856161453, 0.022404533973659865, 0.0033399798959651275, 0.003711088773294629]","[0.03397198116355482, 0.03318720844065359, 0.04896192364825114, 0.05375234562956177, 0.05655140615493537, 0.05061330201282688, 0.04784795493130822, 0.005901984704838048, 0.006557760783153371]",6,3,3,53,128.1333333333332,129.3033333333333
development_validation,V3,compute_load,linear_pose_w2,150,300,295,91,0.5563270622161903,1.0,0.038503949724735455,208,32,176,92,0,0.6933333333333334,0.10666666666666667,0.10666666666666667,"{""history_warmup"": 170, ""baseline_queue_replaced"": 92, ""history_reset_before_ready"": 6}",22.71216000629215,100.40588332525931,127.28783999370783,141.06893333423795,0.0,"[0.037785865078266444, 0.03161814779493557, 0.06546201718958397, 0.06923532847403896, 0.08316977806179138, 0.07453523337730573, 0.04075124425421287, 0.006876507906237625, 0.007640564340264038]","[0.08961688579394467, 0.06335849667469451, 0.24190055088489515, 0.2701101508235051, 0.17341785285887001, 0.19874147594243197, 0.12546924508013368, 0.018043086554306198, 0.02004787394922912]",5,4,1,55,135.25,161.24166666666716
development_validation,V3,compute_load,linear_pose_w4,50,300,298,281,0.9710644095930451,1.0,0.015134880496983642,18,0,18,282,190,0.06,0.0,0.0,"{""history_warmup"": 204, ""deadline_miss"": 4, ""baseline_queue_replaced"": 92}",-68.336716667045,99.80406666623117,118.33671666704498,134.06356666456364,0.0,,,6,0,6,0,,
development_validation,V3,compute_load,linear_pose_w4,100,300,296,91,0.5549165759623789,1.0,0.026868447197223998,208,0,208,92,4,0.6933333333333334,0.0,0.0,"{""history_warmup"": 204, ""deadline_miss"": 4, ""baseline_queue_replaced"": 92}",-18.336716667044993,99.80406666623117,118.33671666704498,134.06356666456364,0.0,"[0.019598390420480043, 0.01773174221299912, 0.03847684038655203, 0.033677289532848216, 0.03227572837069892, 0.031057756856161453, 0.022404533973659865, 0.0033399798959651275, 0.003711088773294629]","[0.03397198116355482, 0.03318720844065359, 0.04896192364825114, 0.05375234562956177, 0.05655140615493537, 0.05061330201282688, 0.04784795493130822, 0.005901984704838048, 0.006557760783153371]",6,3,3,53,128.1333333333332,129.3033333333333
development_validation,V3,compute_load,linear_pose_w4,150,300,295,91,0.5563260581350593,1.0,0.0384829649878052,208,4,204,92,0,0.6933333333333334,0.013333333333333334,0.013333333333333334,"{""history_warmup"": 204, ""baseline_queue_replaced"": 92}",31.663283332955007,99.80406666623117,118.33671666704498,134.06356666456364,0.0,"[0.02103015797238284, 0.019873980721212284, 0.03847684038655203, 0.035051810299838726, 0.03690696769852674, 0.033693585695776705, 0.028486955675260182, 0.0037302240329020945, 0.004144693369891298]","[0.03397198116355482, 0.03318720844065359, 0.04896192364825114, 0.05375234562956177, 0.05655140615493537, 0.05061330201282688, 0.06141851205266624, 0.005901984704838048, 0.006557760783153371]",5,2,3,54,160.71666666666715,161.39166666666716
development_validation,V3,compute_load,linear_pose_w8,50,300,298,281,0.9710644095930451,1.0,0.015134880496983642,18,0,18,282,190,0.06,0.0,0.0,"{""history_warmup"": 208, ""baseline_queue_replaced"": 92}",-65.19108666326811,99.8112166679241,115.19108666326811,128.03213333150052,0.0,,,6,0,6,0,,
development_validation,V3,compute_load,linear_pose_w8,100,300,296,91,0.5549165759623789,1.0,0.026868447197223998,208,0,208,92,0,0.6933333333333334,0.0,0.0,"{""history_warmup"": 208, ""baseline_queue_replaced"": 92}",-15.191086663268106,99.8112166679241,115.19108666326811,128.03213333150052,0.0,"[0.019598390420480043, 0.01773174221299912, 0.03847684038655203, 0.033677289532848216, 0.03227572837069892, 0.031057756856161453, 0.022404533973659865, 0.0033399798959651275, 0.003711088773294629]","[0.03397198116355482, 0.03318720844065359, 0.04896192364825114, 0.05375234562956177, 0.05655140615493537, 0.05061330201282688, 0.04784795493130822, 0.005901984704838048, 0.006557760783153371]",6,3,3,53,128.1333333333332,129.3033333333333
development_validation,V3,compute_load,linear_pose_w8,150,300,295,91,0.5563263532064402,1.0,0.038489132998627835,208,0,208,92,0,0.6933333333333334,0.0,0.0,"{""history_warmup"": 208, ""baseline_queue_replaced"": 92}",34.80891333673189,99.8112166679241,115.19108666326811,128.03213333150052,0.0,"[0.019598390420480043, 0.01773174221299912, 0.03847684038655203, 0.033677289532848216, 0.03227572837069892, 0.031057756856161453, 0.022404533973659865, 0.0033399798959651275, 0.003711088773294629]","[0.03397198116355482, 0.03318720844065359, 0.04896192364825114, 0.05375234562956177, 0.05655140615493537, 0.05061330201282688, 0.04784795493130822, 0.005901984704838048, 0.006557760783153371]",5,2,3,54,160.71666666666715,161.39166666666716
development_validation,V4,algorithm_only,hold_channels,50,300,298,0,0.11437194422317093,0.2665160467050991,0.11437194422317093,300,300,0,0,0,1.0,1.0,1.0,{},50.0,0.0,0.0,0.0,0.0,"[0.19709855733744958, 0.1889400848269451, 0.21476094265340526, 0.21620236597556322, 0.24404138036899534, 0.22526318351396574, 0.2892019302560064, 0.30716314450109433, 0.05331111764456088]","[0.5183225965023033, 0.4950839351468117, 0.5717651306236422, 0.5938518263500023, 0.5755234515867618, 0.5954266191026019, 0.7504408436638464, 0.7748201444352348, 0.13202238270581645]",25,25,0,1,32.03333333333285,33.333333333333755
development_validation,V4,algorithm_only,hold_channels,100,300,297,0,0.22202300689088555,0.612033691980045,0.22202300689088555,300,300,0,0,0,1.0,1.0,1.0,{},100.0,0.0,0.0,0.0,0.0,"[0.19709855733744958, 0.1889400848269451, 0.21476094265340526, 0.21620236597556322, 0.24404138036899534, 0.22526318351396574, 0.2892019302560064, 0.30716314450109433, 0.05331111764456088]","[0.5183225965023033, 0.4950839351468117, 0.5717651306236422, 0.5938518263500023, 0.5755234515867618, 0.5954266191026019, 0.7504408436638464, 0.7748201444352348, 0.13202238270581645]",25,25,0,1,96.0666666666666,124.8066666666663
development_validation,V4,algorithm_only,hold_channels,150,300,295,0,0.28179698493449196,0.7132665793398282,0.28179698493449196,300,300,0,0,0,1.0,1.0,1.0,{},150.0,0.0,0.0,0.0,0.0,"[0.19709855733744958, 0.1889400848269451, 0.21476094265340526, 0.21620236597556322, 0.24404138036899534, 0.22526318351396574, 0.2892019302560064, 0.30716314450109433, 0.05331111764456088]","[0.5183225965023033, 0.4950839351468117, 0.5717651306236422, 0.5938518263500023, 0.5755234515867618, 0.5954266191026019, 0.7504408436638464, 0.7748201444352348, 0.13202238270581645]",25,25,0,1,128.1333333333332,156.81333333333342
development_validation,V4,algorithm_only,hold_pose,50,300,298,0,0.11437194422317093,0.2665160467050991,0.11437194422317093,300,300,0,0,0,1.0,1.0,1.0,{},50.0,0.0,0.0,0.0,0.0,"[0.19709855733744958, 0.1889400848269451, 0.21476094265340526, 0.21620236597556322, 0.24404138036899534, 0.22526318351396574, 0.2892019302560064, 0.30716314450109433, 0.05331111764456088]","[0.5183225965023033, 0.4950839351468117, 0.5717651306236422, 0.5938518263500023, 0.5755234515867618, 0.5954266191026019, 0.7504408436638464, 0.7748201444352348, 0.13202238270581645]",25,25,0,0,0.0,33.33333333333358
development_validation,V4,algorithm_only,hold_pose,100,300,297,0,0.22202300689088555,0.612033691980045,0.22202300689088555,300,300,0,0,0,1.0,1.0,1.0,{},100.0,0.0,0.0,0.0,0.0,"[0.19709855733744958, 0.1889400848269451, 0.21476094265340526, 0.21620236597556322, 0.24404138036899534, 0.22526318351396574, 0.2892019302560064, 0.30716314450109433, 0.05331111764456088]","[0.5183225965023033, 0.4950839351468117, 0.5717651306236422, 0.5938518263500023, 0.5755234515867618, 0.5954266191026019, 0.7504408436638464, 0.7748201444352348, 0.13202238270581645]",25,25,0,0,78.5666666666666,124.8066666666663
development_validation,V4,algorithm_only,hold_pose,150,300,295,0,0.28179698493449196,0.7132665793398282,0.28179698493449196,300,300,0,0,0,1.0,1.0,1.0,{},150.0,0.0,0.0,0.0,0.0,"[0.19709855733744958, 0.1889400848269451, 0.21476094265340526, 0.21620236597556322, 0.24404138036899534, 0.22526318351396574, 0.2892019302560064, 0.30716314450109433, 0.05331111764456088]","[0.5183225965023033, 0.4950839351468117, 0.5717651306236422, 0.5938518263500023, 0.5755234515867618, 0.5954266191026019, 0.7504408436638464, 0.7748201444352348, 0.13202238270581645]",25,25,0,0,111.73333333333267,156.81333333333342
development_validation,V4,algorithm_only,linear_pose_w2,50,300,298,0,0.0734431050171554,0.15775118078710773,0.0734431050171554,300,298,2,0,0,1.0,0.9933333333333333,0.9933333333333333,"{""history_warmup"": 2}",50.0,0.0,0.0,0.0,0.0,"[0.19627634672153918, 0.16972507302613138, 0.28677037410800366, 0.29060640933479126, 0.269200432917668, 0.2631744521437891, 0.2790322541416102, 0.2677772206146462, 0.045540724492714506]","[0.49089121203698527, 0.4917839231471405, 0.5590303251488129, 0.5763526746298797, 0.7166526030972754, 0.7023136135519213, 0.7560000000000001, 0.7740281415553137, 0.13114237950590413]",25,24,1,7,0.0,33.33333333333367
development_validation,V4,algorithm_only,linear_pose_w2,100,300,297,0,0.16884637410820857,0.4356190776440823,0.16884637410820857,300,298,2,0,0,1.0,0.9933333333333333,0.9933333333333333,"{""history_warmup"": 2}",100.0,0.0,0.0,0.0,0.0,"[0.40189431777749157, 0.4066765775656817, 0.41855438658549, 0.42492739404798596, 0.46903846961553464, 0.4871827642950738, 0.5368826121290257, 0.6164126724163408, 0.10852727169384861]","[0.680994299994476, 0.7, 0.7974866196043772, 0.7965441019560187, 0.7979892956835017, 0.7969839435252526, 0.7986176407824075, 0.7904530254178563, 0.1587433098021886]",25,25,0,19,32.03333333333285,96.07999999999974
development_validation,V4,algorithm_only,linear_pose_w2,150,300,295,0,0.23046421763716154,0.6153862718067068,0.23046421763716154,300,291,9,0,0,1.0,0.97,0.97,"{""history_warmup"": 2, ""invalid_future_geometry_or_state"": 7}",150.0,0.0,0.0,0.0,0.0,"[0.4787622435141047, 0.45925869027303434, 0.467406194084992, 0.48556427538242053, 0.5438008151860411, 0.5596325485094301, 0.6316762762602885, 0.7593115187951666, 0.12246898407280915]","[0.634900901702621, 0.7, 0.7685652716565465, 0.7567772485277516, 0.7710440053632042, 0.7565660080448061, 0.7800927536872029, 0.7672048691101101, 0.1442826358282733]",25,23,2,35,64.0,126.42333333333208
development_validation,V4,algorithm_only,linear_pose_w4,50,300,298,0,0.08842384761131712,0.1847093656632049,0.08842384761131712,300,296,4,0,0,1.0,0.9866666666666667,0.9866666666666667,"{""history_warmup"": 4}",50.0,0.0,0.0,0.0,0.0,"[0.17026725722044483, 0.15110491763597497, 0.20954059846177323, 0.21070997204703668, 0.23089364365468124, 0.2157724059986482, 0.2027400894650694, 0.24596315525015033, 0.03932139863055164]","[0.48107821558006575, 0.47261819521041926, 0.607263786489423, 0.6337218128993856, 0.6893006747827148, 0.6753846556841683, 0.7626346705950564, 0.7694283668505006, 0.12603151872277846]",25,25,0,3,0.0,33.07333333333244
development_validation,V4,algorithm_only,linear_pose_w4,100,300,297,0,0.1901657720768358,0.5097063463490813,0.1901657720768358,300,296,4,0,0,1.0,0.9866666666666667,0.9866666666666667,"{""history_warmup"": 4}",100.0,0.0,0.0,0.0,0.0,"[0.2976520644782668, 0.3039959258510726, 0.3766702697699357, 0.38792016250505834, 0.35464870396223264, 0.3617471034622028, 0.4324351660234984, 0.5071975709127357, 0.0824231507154062]","[0.5744732059847928, 0.697971353253751, 0.713397521174459, 0.6919031870264736, 0.7647932334703911, 0.7471898502055865, 0.7757953480108939, 0.7801961938270949, 0.13799577091899437]",25,24,1,18,39.899999999999864,96.08499999999967
development_validation,V4,algorithm_only,linear_pose_w4,150,300,295,0,0.2732614796160997,0.7384526748126666,0.2732614796160997,300,295,5,0,0,1.0,0.9833333333333333,0.9833333333333333,"{""history_warmup"": 4, ""invalid_future_geometry_or_state"": 1}",150.0,0.0,0.0,0.0,0.0,"[0.41238110127423605, 0.4128410317978667, 0.4035420954594951, 0.42009007769187573, 0.4665741078740676, 0.4755043165926249, 0.5045598722898936, 0.599434354576495, 0.1030117371887943]","[0.6775795359756356, 0.7, 0.7953440225729478, 0.7935980310378034, 0.7962752180583583, 0.7944128270875375, 0.7877393860964065, 0.7899685886243325, 0.15767201128647393]",25,25,0,27,65.33333333333348,128.11999999999992
development_validation,V4,algorithm_only,linear_pose_w8,50,300,298,0,0.09061417091214523,0.1702820948458918,0.09061417091214523,300,292,8,0,0,1.0,0.9733333333333334,0.9733333333333334,"{""history_warmup"": 8}",50.0,0.0,0.0,0.0,0.0,"[0.17946981368841677, 0.19065300933971094, 0.23806190405282912, 0.25947002785677903, 0.2675212434263808, 0.2703286718455653, 0.3166241871826496, 0.27785947008490675, 0.050840802490589594]","[0.5292685135110071, 0.5078474438337766, 0.5940048955212389, 0.6147861529188547, 0.7539441063774032, 0.7432086965974306, 0.7729685835245745, 0.7778833865201064, 0.13821084459981647]",25,25,0,1,0.0,33.07333333333244
development_validation,V4,algorithm_only,linear_pose_w8,100,300,297,0,0.1928409058706359,0.5363945525649889,0.1928409058706359,300,292,8,0,0,1.0,0.9733333333333334,0.9733333333333334,"{""history_warmup"": 8}",100.0,0.0,0.0,0.0,0.0,"[0.16819429344640846, 0.1339144386426987, 0.2402857385778559, 0.2601861274712906, 0.21292921332083145, 0.2048222983491516, 0.2049951414610709, 0.19010315218189258, 0.034158598761419676]","[0.48056567971091063, 0.4850360394208803, 0.5790418129776509, 0.6073753045494544, 0.7190556019816721, 0.7020342178042998, 0.7662772382301251, 0.7724086494610113, 0.12934294384556808]",25,25,0,5,64.0,111.89333333333362
development_validation,V4,algorithm_only,linear_pose_w8,150,300,295,0,0.28346934426715065,0.6837401228479223,0.28346934426715065,300,292,8,0,0,1.0,0.9733333333333334,0.9733333333333334,"{""history_warmup"": 8}",150.0,0.0,0.0,0.0,0.0,"[0.3298770887952964, 0.3287453911912283, 0.36024826800046283, 0.3759463619056015, 0.339881843414415, 0.3752769037630408, 0.32195239177872353, 0.3505829059792938, 0.0738962767024871]","[0.4277634635908749, 0.4991029623955462, 0.5731262167434131, 0.6062047443127564, 0.6413406533488717, 0.631613440796196, 0.7560000000000001, 0.764, 0.12]",25,25,0,13,96.0,140.666666666666
development_validation,V4,nominal,hold_channels,50,300,298,0,0.11437194422317093,0.2665160467050991,0.11437194422317093,300,300,0,0,0,1.0,1.0,1.0,{},25.101965000430937,23.234800000864198,24.898034999569063,48.8874000038777,0.0,"[0.19709855733744958, 0.1889400848269451, 0.21476094265340526, 0.21620236597556322, 0.24404138036899534, 0.22526318351396574, 0.2892019302560064, 0.30716314450109433, 0.05331111764456088]","[0.5183225965023033, 0.4950839351468117, 0.5717651306236422, 0.5938518263500023, 0.5755234515867618, 0.5954266191026019, 0.7504408436638464, 0.7748201444352348, 0.13202238270581645]",25,25,0,1,32.03333333333285,33.333333333333755
development_validation,V4,nominal,hold_channels,100,300,297,0,0.22202300689088555,0.612033691980045,0.22202300689088555,300,300,0,0,0,1.0,1.0,1.0,{},75.10196500043094,23.234800000864198,24.898034999569063,48.8874000038777,0.0,"[0.19709855733744958, 0.1889400848269451, 0.21476094265340526, 0.21620236597556322, 0.24404138036899534, 0.22526318351396574, 0.2892019302560064, 0.30716314450109433, 0.05331111764456088]","[0.5183225965023033, 0.4950839351468117, 0.5717651306236422, 0.5938518263500023, 0.5755234515867618, 0.5954266191026019, 0.7504408436638464, 0.7748201444352348, 0.13202238270581645]",25,25,0,1,96.0666666666666,124.8066666666663
development_validation,V4,nominal,hold_channels,150,300,295,0,0.28179698493449196,0.7132665793398282,0.28179698493449196,300,300,0,0,0,1.0,1.0,1.0,{},125.10196500043094,23.234800000864198,24.898034999569063,48.8874000038777,0.0,"[0.19709855733744958, 0.1889400848269451, 0.21476094265340526, 0.21620236597556322, 0.24404138036899534, 0.22526318351396574, 0.2892019302560064, 0.30716314450109433, 0.05331111764456088]","[0.5183225965023033, 0.4950839351468117, 0.5717651306236422, 0.5938518263500023, 0.5755234515867618, 0.5954266191026019, 0.7504408436638464, 0.7748201444352348, 0.13202238270581645]",25,25,0,1,128.1333333333332,156.81333333333342
development_validation,V4,nominal,hold_pose,50,300,298,0,0.11437194422317093,0.2665160467050991,0.11437194422317093,300,295,5,0,5,1.0,0.9833333333333333,0.9833333333333333,"{""deadline_miss"": 5}",11.731050000162213,36.20855000372103,38.26894999983779,71.46210000064457,0.0,"[0.19709855733744958, 0.1889400848269451, 0.21476094265340526, 0.21620236597556322, 0.24404138036899534, 0.22526318351396574, 0.2892019302560064, 0.30716314450109433, 0.05331111764456088]","[0.5183225965023033, 0.4950839351468117, 0.5717651306236422, 0.5938518263500023, 0.5755234515867618, 0.5954266191026019, 0.7504408436638464, 0.7748201444352348, 0.13202238270581645]",25,25,0,1,0.0,33.33333333333358
development_validation,V4,nominal,hold_pose,100,300,297,0,0.22202300689088555,0.612033691980045,0.22202300689088555,300,300,0,0,0,1.0,1.0,1.0,{},61.73105000016221,36.20855000372103,38.26894999983779,71.46210000064457,0.0,"[0.19709855733744958, 0.1889400848269451, 0.21476094265340526, 0.21620236597556322, 0.24404138036899534, 0.22526318351396574, 0.2892019302560064, 0.30716314450109433, 0.05331111764456088]","[0.5183225965023033, 0.4950839351468117, 0.5717651306236422, 0.5938518263500023, 0.5755234515867618, 0.5954266191026019, 0.7504408436638464, 0.7748201444352348, 0.13202238270581645]",25,25,0,0,78.5666666666666,124.8066666666663
development_validation,V4,nominal,hold_pose,150,300,295,0,0.28179698493449196,0.7132665793398282,0.28179698493449196,300,300,0,0,0,1.0,1.0,1.0,{},111.73105000016221,36.20855000372103,38.26894999983779,71.46210000064457,0.0,"[0.19709855733744958, 0.1889400848269451, 0.21476094265340526, 0.21620236597556322, 0.24404138036899534, 0.22526318351396574, 0.2892019302560064, 0.30716314450109433, 0.05331111764456088]","[0.5183225965023033, 0.4950839351468117, 0.5717651306236422, 0.5938518263500023, 0.5755234515867618, 0.5954266191026019, 0.7504408436638464, 0.7748201444352348, 0.13202238270581645]",25,25,0,0,111.73333333333267,156.81333333333342
development_validation,V4,nominal,linear_pose_w2,50,300,298,0,0.07476207233045419,0.161029704970603,0.07476207233045419,300,296,4,0,2,1.0,0.9866666666666667,0.9866666666666667,"{""history_warmup"": 2, ""deadline_miss"": 2}",11.974114999793528,36.22374999758904,38.02588500020647,57.33890000192332,0.0,"[0.19627634672153918, 0.16972507302613138, 0.3048037419051936, 0.3181982157470397, 0.269200432917668, 0.2631744521437891, 0.2790322541416102, 0.2677772206146462, 0.045540724492714506]","[0.47451377314846827, 0.44999999999999996, 0.5590303251488129, 0.5763526746298797, 0.6629940383395785, 0.6481719116714423, 0.7560000000000001, 0.764, 0.12]",25,24,1,7,0.0,33.33333333333367
development_validation,V4,nominal,linear_pose_w2,100,300,297,0,0.16884637410820857,0.4356190776440823,0.16884637410820857,300,298,2,0,0,1.0,0.9933333333333333,0.9933333333333333,"{""history_warmup"": 2}",61.97411499979353,36.22374999758904,38.02588500020647,57.33890000192332,0.0,"[0.40189431777749157, 0.4066765775656817, 0.41855438658549, 0.42492739404798596, 0.46903846961553464, 0.4871827642950738, 0.5368826121290257, 0.6164126724163408, 0.10852727169384861]","[0.680994299994476, 0.7, 0.7974866196043772, 0.7965441019560187, 0.7979892956835017, 0.7969839435252526, 0.7986176407824075, 0.7904530254178563, 0.1587433098021886]",25,25,0,19,32.03333333333285,96.07999999999974
development_validation,V4,nominal,linear_pose_w2,150,300,295,0,0.23046421763716154,0.6153862718067068,0.23046421763716154,300,291,9,0,0,1.0,0.97,0.97,"{""history_warmup"": 2, ""invalid_future_geometry_or_state"": 7}",111.97411499979353,36.22374999758904,38.02588500020647,57.33890000192332,0.0,"[0.4787622435141047, 0.45925869027303434, 0.467406194084992, 0.48556427538242053, 0.5438008151860411, 0.5596325485094301, 0.6316762762602885, 0.7593115187951666, 0.12246898407280915]","[0.634900901702621, 0.7, 0.7685652716565465, 0.7567772485277516, 0.7710440053632042, 0.7565660080448061, 0.7800927536872029, 0.7672048691101101, 0.1442826358282733]",25,23,2,35,64.0,126.42333333333208
development_validation,V4,nominal,linear_pose_w4,50,300,298,0,0.08952236933288005,0.1847093656632049,0.08952236933288005,300,294,6,0,2,1.0,0.98,0.98,"{""history_warmup"": 4, ""deadline_miss"": 2}",11.794274997373577,36.26474999873608,38.20572500262642,61.44700000368175,0.0,"[0.17026725722044483, 0.15110491763597497, 0.2416619390507624, 0.2648065674227935, 0.23089364365468124, 0.2157724059986482, 0.2027400894650694, 0.24596315525015033, 0.03932139863055164]","[0.48107821558006575, 0.47261819521041926, 0.607263786489423, 0.6337218128993856, 0.6893006747827148, 0.6753846556841683, 0.7626346705950564, 0.7694283668505006, 0.12603151872277846]",25,25,0,3,0.0,33.07333333333244
development_validation,V4,nominal,linear_pose_w4,100,300,297,0,0.1901657720768358,0.5097063463490813,0.1901657720768358,300,296,4,0,0,1.0,0.9866666666666667,0.9866666666666667,"{""history_warmup"": 4}",61.79427499737358,36.26474999873608,38.20572500262642,61.44700000368175,0.0,"[0.2976520644782668, 0.3039959258510726, 0.3766702697699357, 0.38792016250505834, 0.35464870396223264, 0.3617471034622028, 0.4324351660234984, 0.5071975709127357, 0.0824231507154062]","[0.5744732059847928, 0.697971353253751, 0.713397521174459, 0.6919031870264736, 0.7647932334703911, 0.7471898502055865, 0.7757953480108939, 0.7801961938270949, 0.13799577091899437]",25,24,1,18,39.899999999999864,96.08499999999967
development_validation,V4,nominal,linear_pose_w4,150,300,295,0,0.2732614796160997,0.7384526748126666,0.2732614796160997,300,295,5,0,0,1.0,0.9833333333333333,0.9833333333333333,"{""history_warmup"": 4, ""invalid_future_geometry_or_state"": 1}",111.79427499737358,36.26474999873608,38.20572500262642,61.44700000368175,0.0,"[0.41238110127423605, 0.4128410317978667, 0.4035420954594951, 0.42009007769187573, 0.4665741078740676, 0.4755043165926249, 0.5045598722898936, 0.599434354576495, 0.1030117371887943]","[0.6775795359756356, 0.7, 0.7953440225729478, 0.7935980310378034, 0.7962752180583583, 0.7944128270875375, 0.7877393860964065, 0.7899685886243325, 0.15767201128647393]",25,25,0,27,65.33333333333348,128.11999999999992
development_validation,V4,nominal,linear_pose_w8,50,300,298,0,0.09421327888176739,0.1856268616842963,0.09421327888176739,300,290,10,0,2,1.0,0.9666666666666667,0.9666666666666667,"{""history_warmup"": 8, ""deadline_miss"": 2}",11.82994499704364,36.32714999912423,38.17005500295636,61.42850000105682,0.0,"[0.1723364593902492, 0.17488265385829616, 0.2414248930183919, 0.2612837671797806, 0.25148744046707516, 0.2549265782032934, 0.30370985271402967, 0.27785947008490675, 0.0466353743622123]","[0.5292685135110071, 0.5078474438337766, 0.5940048955212389, 0.6147861529188547, 0.7539441063774032, 0.7432086965974306, 0.7729685835245745, 0.7778833865201064, 0.13821084459981647]",25,25,0,1,0.0,33.07333333333244
development_validation,V4,nominal,linear_pose_w8,100,300,297,0,0.1928409058706359,0.5363945525649889,0.1928409058706359,300,292,8,0,0,1.0,0.9733333333333334,0.9733333333333334,"{""history_warmup"": 8}",61.82994499704364,36.32714999912423,38.17005500295636,61.42850000105682,0.0,"[0.16819429344640846, 0.1339144386426987, 0.2402857385778559, 0.2601861274712906, 0.21292921332083145, 0.2048222983491516, 0.2049951414610709, 0.19010315218189258, 0.034158598761419676]","[0.48056567971091063, 0.4850360394208803, 0.5790418129776509, 0.6073753045494544, 0.7190556019816721, 0.7020342178042998, 0.7662772382301251, 0.7724086494610113, 0.12934294384556808]",25,25,0,5,64.0,111.89333333333362
development_validation,V4,nominal,linear_pose_w8,150,300,295,0,0.28346934426715065,0.6837401228479223,0.28346934426715065,300,292,8,0,0,1.0,0.9733333333333334,0.9733333333333334,"{""history_warmup"": 8}",111.82994499704364,36.32714999912423,38.17005500295636,61.42850000105682,0.0,"[0.3298770887952964, 0.3287453911912283, 0.36024826800046283, 0.3759463619056015, 0.339881843414415, 0.3752769037630408, 0.32195239177872353, 0.3505829059792938, 0.0738962767024871]","[0.4277634635908749, 0.4991029623955462, 0.5731262167434131, 0.6062047443127564, 0.6413406533488717, 0.631613440796196, 0.7560000000000001, 0.764, 0.12]",25,25,0,13,96.0,140.666666666666
development_validation,V4,jitter_drop,hold_channels,50,300,298,19,0.27456153621886076,1.0,0.11143320285545728,281,281,0,19,2,0.9366666666666666,0.9366666666666666,0.9366666666666666,"{""source_drop"": 17, ""deadline_miss"": 2}",5.394639996738988,33.76860000003944,44.60536000326101,59.816166666665595,0.0,"[0.18631027944424994, 0.1779519279107222, 0.21175072115785437, 0.1965328030066206, 0.2395771778564018, 0.2214714236407839, 0.27828412735957764, 0.26197352550589165, 0.04948604029762961]","[0.5183225965023033, 0.4950839351468117, 0.5717651306236422, 0.5938518263500023, 0.5755234515867618, 0.5954266191026019, 0.7504408436638464, 0.7748201444352348, 0.13202238270581645]",25,21,4,14,32.03333333333285,33.33333333333212
development_validation,V4,jitter_drop,hold_channels,100,300,297,17,0.3214786702458816,1.0,0.22115375243618007,283,283,0,17,0,0.9433333333333334,0.9433333333333334,0.9433333333333334,"{""source_drop"": 17}",55.39463999673899,33.76860000003944,44.60536000326101,59.816166666665595,0.0,"[0.19519456978366306, 0.1865204531701337, 0.2122713608073756, 0.2017125919513363, 0.24240844250083704, 0.22437269779168087, 0.2857934092121298, 0.2978409654817374, 0.05253953138520993]","[0.5183225965023033, 0.4950839351468117, 0.5717651306236422, 0.5938518263500023, 0.5755234515867618, 0.5954266191026019, 0.7504408436638464, 0.7748201444352348, 0.13202238270581645]",25,22,3,14,96.06666666666615,111.898333333333
development_validation,V4,jitter_drop,hold_channels,150,300,295,17,0.3628555965956496,1.0,0.28029361708424777,283,283,0,17,0,0.9433333333333334,0.9433333333333334,0.9433333333333334,"{""source_drop"": 17}",105.39463999673899,33.76860000003944,44.60536000326101,59.816166666665595,0.0,"[0.19519456978366306, 0.1865204531701337, 0.2122713608073756, 0.2017125919513363, 0.24240844250083704, 0.22437269779168087, 0.2857934092121298, 0.2978409654817374, 0.05253953138520993]","[0.5183225965023033, 0.4950839351468117, 0.5717651306236422, 0.5938518263500023, 0.5755234515867618, 0.5954266191026019, 0.7504408436638464, 0.7748201444352348, 0.13202238270581645]",25,22,3,14,128.08333333333326,143.93333333333334
development_validation,V4,jitter_drop,hold_pose,50,300,298,19,0.27456153621886076,1.0,0.11143320285545728,281,200,81,19,83,0.9366666666666666,0.6666666666666666,0.6666666666666666,"{""deadline_miss"": 83, ""source_drop"": 17}",-8.516449998496682,47.072899999592664,58.516449998496675,79.26530000055209,0.0,"[0.18631027944424994, 0.1779519279107222, 0.21175072115785437, 0.1965328030066206, 0.2395771778564018, 0.2214714236407839, 0.27828412735957764, 0.26197352550589165, 0.04948604029762961]","[0.5183225965023033, 0.4950839351468117, 0.5717651306236422, 0.5938518263500023, 0.5755234515867618, 0.5954266191026019, 0.7504408436638464, 0.7748201444352348, 0.13202238270581645]",25,23,2,2,32.0,33.33333333333294
development_validation,V4,jitter_drop,hold_pose,100,300,297,17,0.3214786702458816,1.0,0.22115375243618007,283,283,0,17,0,0.9433333333333334,0.9433333333333334,0.9433333333333334,"{""source_drop"": 17}",41.48355000150332,47.072899999592664,58.516449998496675,79.26530000055209,0.0,"[0.19519456978366306, 0.1865204531701337, 0.2122713608073756, 0.2017125919513363, 0.24240844250083704, 0.22437269779168087, 0.2857934092121298, 0.2978409654817374, 0.05253953138520993]","[0.5183225965023033, 0.4950839351468117, 0.5717651306236422, 0.5938518263500023, 0.5755234515867618, 0.5954266191026019, 0.7504408436638464, 0.7748201444352348, 0.13202238270581645]",25,22,3,0,79.16666666666652,111.89833333333364
development_validation,V4,jitter_drop,hold_pose,150,300,295,17,0.3628555965956496,1.0,0.28029361708424777,283,283,0,17,0,0.9433333333333334,0.9433333333333334,0.9433333333333334,"{""source_drop"": 17}",91.48355000150332,47.072899999592664,58.516449998496675,79.26530000055209,0.0,"[0.19519456978366306, 0.1865204531701337, 0.2122713608073756, 0.2017125919513363, 0.24240844250083704, 0.22437269779168087, 0.2857934092121298, 0.2978409654817374, 0.05253953138520993]","[0.5183225965023033, 0.4950839351468117, 0.5717651306236422, 0.5938518263500023, 0.5755234515867618, 0.5954266191026019, 0.7504408436638464, 0.7748201444352348, 0.13202238270581645]",25,22,3,0,111.79999999999973,143.9266666666669
development_validation,V4,jitter_drop,linear_pose_w2,50,300,298,19,0.2671907356554563,1.0,0.09028995481882963,281,176,105,19,74,0.9366666666666666,0.5866666666666667,0.5866666666666667,"{""history_warmup"": 33, ""deadline_miss"": 74, ""source_drop"": 17}",-7.5219699992157985,46.90480000295793,57.5219699992158,68.26186666784088,0.0,"[0.2723276600767484, 0.22927779273916668, 0.3707257025600878, 0.3500837369234637, 0.24293435016452958, 0.23695142396137409, 0.31593534515448196, 0.4398116443513431, 0.06447442598928109]","[0.571747788041691, 0.5695576527086086, 0.6849385656237894, 0.7042676078632012, 0.7870112651556731, 0.7805168977335095, 0.7910702447945253, 0.7926938366500661, 0.15188204072229564]",25,23,2,19,0.0,45.30333333333358
development_validation,V4,jitter_drop,linear_pose_w2,100,300,297,17,0.2985120402858076,1.0,0.18386236257526106,283,250,33,17,0,0.9433333333333334,0.8333333333333334,0.8333333333333334,"{""history_warmup"": 33, ""source_drop"": 17}",42.4780300007842,46.90480000295793,57.5219699992158,68.26186666784088,0.0,"[0.4298934544253682, 0.4083366460207635, 0.44825233021393834, 0.44787094124829924, 0.5345023978580415, 0.5517899564044807, 0.5849974895378225, 0.6396884048618927, 0.11320772551361902]","[0.680994299994476, 0.7, 0.7974866196043772, 0.7965441019560187, 0.7979892956835017, 0.7969839435252526, 0.7986176407824075, 0.7926938366500661, 0.1587433098021886]",25,22,3,31,32.06666666666683,96.09499999999953
development_validation,V4,jitter_drop,linear_pose_w2,150,300,295,17,0.336777143800999,1.0,0.2433175912074279,283,244,39,17,0,0.9433333333333334,0.8133333333333334,0.8133333333333334,"{""history_warmup"": 33, ""source_drop"": 17, ""invalid_future_geometry_or_state"": 6}",92.4780300007842,46.90480000295793,57.5219699992158,68.26186666784088,0.0,"[0.4750628219696702, 0.45458880564696164, 0.4618531598155156, 0.4752900130608793, 0.5315445322691704, 0.5508600660460692, 0.6107170010583463, 0.7503547957626874, 0.12098417626306054]","[0.634900901702621, 0.7, 0.7685652716565465, 0.7567772485277516, 0.736, 0.7085946886829597, 0.7738622743379034, 0.7672048691101101, 0.1442826358282733]",25,22,3,40,64.14999999999964,128.03333333333367
development_validation,V4,jitter_drop,linear_pose_w4,50,300,298,19,0.2713437294206072,1.0,0.10266993099428079,281,155,126,19,60,0.9366666666666666,0.5166666666666667,0.5166666666666667,"{""history_warmup"": 68, ""deadline_miss"": 60, ""source_drop"": 17}",-7.8456999987975,45.89756666153971,57.84569999879749,72.44886666647835,0.0,"[0.187713763707715, 0.17502490547254454, 0.28870450789273205, 0.32035559226109583, 0.23142807372803917, 0.22117349069834216, 0.2023265749800101, 0.268166900865947, 0.04505214651956148]","[0.50075981633444, 0.46441222926683484, 0.6405587723348248, 0.6550464428172575, 0.628751381425413, 0.6265078341933424, 0.760227587251605, 0.7674589350240404, 0.12384326113782262]",25,21,4,16,32.0,33.33333333333212
development_validation,V4,jitter_drop,linear_pose_w4,100,300,297,17,0.3108087325056279,1.0,0.20433528343597807,283,215,68,17,0,0.9433333333333334,0.7166666666666667,0.7166666666666667,"{""history_warmup"": 68, ""source_drop"": 17}",42.1543000012025,45.89756666153971,57.84569999879749,72.44886666647835,0.0,"[0.29851756588563877, 0.33539179871843444, 0.38203547599842014, 0.40032852696471005, 0.37086390822075077, 0.3687623554197005, 0.4485089187773195, 0.5467924682158058, 0.0835665072047879]","[0.5744732059847928, 0.697971353253751, 0.713397521174459, 0.6919031870264736, 0.6999413310102549, 0.7289338764496613, 0.7061711897085557, 0.764, 0.12861798747629052]",25,23,2,28,63.99999999999977,110.29000000000008
development_validation,V4,jitter_drop,linear_pose_w4,150,300,295,17,0.36379082060343154,1.0,0.281577069077515,283,215,68,17,0,0.9433333333333334,0.7166666666666667,0.7166666666666667,"{""history_warmup"": 68, ""source_drop"": 17}",92.1543000012025,45.89756666153971,57.84569999879749,72.44886666647835,0.0,"[0.43091872482195387, 0.42907806270548987, 0.416710685390085, 0.4204535818814485, 0.46390339873323017, 0.4732746643973513, 0.502258427078516, 0.5950288924080702, 0.10281411379169703]","[0.6649002926102368, 0.7, 0.7873884188926976, 0.7826590759774592, 0.7755578183441745, 0.7708457208157575, 0.7877393860964065, 0.7899685886243325, 0.1536942094463488]",25,24,1,34,87.30000000000001,143.7999999999999
development_validation,V4,jitter_drop,linear_pose_w8,50,300,298,19,0.27295388407332793,1.0,0.10713170140732194,281,104,177,19,45,0.9366666666666666,0.3466666666666667,0.3466666666666667,"{""history_warmup"": 134, ""deadline_miss"": 45, ""source_drop"": 17}",-7.106079996374319,42.87179999984801,57.10607999637432,72.36256666782174,0.0,"[0.1568563927726832, 0.13165508283984242, 0.23070223095942843, 0.23804341798106293, 0.24293435016452958, 0.22493762746352342, 0.19886579755440015, 0.13900206435727927, 0.03510802209062464]","[0.5183225965023033, 0.4950839351468117, 0.5717651306236422, 0.5938518263500023, 0.5755234515867618, 0.5954266191026019, 0.7504408436638464, 0.7748201444352348, 0.13202238270581645]",25,21,4,14,32.03333333333285,33.33333333333212
development_validation,V4,jitter_drop,linear_pose_w8,100,300,297,17,0.3127734516738967,1.0,0.2074908597417607,283,149,134,17,0,0.9433333333333334,0.49666666666666665,0.49666666666666665,"{""history_warmup"": 134, ""source_drop"": 17}",42.89392000362568,42.87179999984801,57.10607999637432,72.36256666782174,0.0,"[0.19584337191364548, 0.17621688238653957, 0.22090665498175965, 0.2129170639130942, 0.24240844250083704, 0.22437269779168087, 0.2724281068553066, 0.327073764688561, 0.05225229955748395]","[0.5390358144340653, 0.5192818344486487, 0.6150772242238047, 0.6344018629840698, 0.7190556019816721, 0.7020342178042998, 0.7763226714382704, 0.7806276402676757, 0.138475155852973]",25,23,2,18,95.96666666666715,111.89666666666635
development_validation,V4,jitter_drop,linear_pose_w8,150,300,295,17,0.3710711320728417,1.0,0.29148384083484097,283,149,134,17,0,0.9433333333333334,0.49666666666666665,0.49666666666666665,"{""history_warmup"": 134, ""source_drop"": 17}",92.89392000362568,42.87179999984801,57.10607999637432,72.36256666782174,0.0,"[0.2771167692426812, 0.31099876838425106, 0.35497920665971316, 0.3737035041832483, 0.3367411624758618, 0.3662021042597361, 0.3293326196275533, 0.36178167089395824, 0.0681670113582095]","[0.5473628688083909, 0.5290802452655896, 0.6347636566045631, 0.6524328242086189, 0.6562621218215552, 0.6678334642213741, 0.779196871944573, 0.7829792588637415, 0.14108806540415722]",25,24,1,22,127.96666666666715,143.9333333333336
development_validation,V4,compute_load,hold_channels,50,300,298,294,0.9933018005109437,1.0,0.07287512553713223,4,0,4,296,207,0.013333333333333334,0.0,0.0,"{""deadline_miss"": 207, ""baseline_queue_replaced"": 93}",-64.91671333890376,100.07843334063728,114.91671333890376,137.6652000099184,0.0,"[0.02347174753481296, 0.015961572825758052, 0.0073058131699803575, 0.010045493108723047, 0.005844650535984264, 0.008766975803976229, 0.004018197243489063, 0.003287615926491072, 0.0036529065849901232]","[0.02347174753481296, 0.015961572825758052, 0.0073058131699803575, 0.010045493108723047, 0.005844650535984264, 0.008766975803976229, 0.004018197243489063, 0.003287615926491072, 0.0036529065849901232]",25,1,24,0,142.66666666666652,142.66666666666652
development_validation,V4,compute_load,hold_channels,100,300,297,94,0.5905237565217144,1.0,0.2171165402242394,206,103,103,94,104,0.6866666666666666,0.3433333333333333,0.3433333333333333,"{""deadline_miss"": 104, ""baseline_queue_replaced"": 93}",-14.916713338903765,100.07843334063728,114.91671333890376,137.6652000099184,0.0,"[0.09767867096361776, 0.10424910379065071, 0.19105461442027108, 0.18211354732920204, 0.20863880113511088, 0.20633477888732146, 0.15050313453873235, 0.05598046701169471, 0.027799761010840206]","[0.42468215897958406, 0.3726394488752893, 0.41235108061560405, 0.44225633784024493, 0.4630361387450707, 0.49850726942259693, 0.5309540202577494, 0.6506903501335608, 0.10576876763265303]",25,12,13,71,119.94999999999982,135.35166666666632
development_validation,V4,compute_load,hold_channels,150,300,295,92,0.603979429081636,1.0,0.2773323793435216,207,207,0,93,0,0.69,0.69,0.69,"{""baseline_queue_replaced"": 93}",35.08328666109624,100.07843334063728,114.91671333890376,137.6652000099184,0.0,"[0.09912904648969795, 0.1082861612350821, 0.19075453218981767, 0.18089758579191145, 0.21721003057481864, 0.2062273765260207, 0.16080062530093145, 0.055513285290943765, 0.028876309662688573]","[0.42468215897958406, 0.3726394488752893, 0.41235108061560405, 0.44225633784024493, 0.4630361387450707, 0.49850726942259693, 0.5309540202577494, 0.6506903501335608, 0.10576876763265303]",25,13,12,71,143.9333333333334,175.18
development_validation,V4,compute_load,hold_pose,50,300,298,294,0.9933018005109437,1.0,0.07287512553713223,4,0,4,296,207,0.013333333333333334,0.0,0.0,"{""deadline_miss"": 150, ""history_reset_before_ready"": 56, ""baseline_queue_replaced"": 93, ""prediction_queue_replaced"": 1}",-107.33835834306205,122.30801666649728,157.33835834306205,188.36356667565815,38.180750005558366,"[0.02347174753481296, 0.015961572825758052, 0.0073058131699803575, 0.010045493108723047, 0.005844650535984264, 0.008766975803976229, 0.004018197243489063, 0.003287615926491072, 0.0036529065849901232]","[0.02347174753481296, 0.015961572825758052, 0.0073058131699803575, 0.010045493108723047, 0.005844650535984264, 0.008766975803976229, 0.004018197243489063, 0.003287615926491072, 0.0036529065849901232]",25,1,24,0,142.66666666666652,142.66666666666652
development_validation,V4,compute_load,hold_pose,100,300,297,94,0.5905237565217144,1.0,0.2171165402242394,206,8,198,94,198,0.6866666666666666,0.02666666666666667,0.02666666666666667,"{""deadline_miss"": 142, ""history_reset_before_ready"": 56, ""baseline_queue_replaced"": 93, ""prediction_queue_replaced"": 1}",-57.338358343062055,122.30801666649728,157.33835834306205,188.36356667565815,38.180750005558366,"[0.09767867096361776, 0.10424910379065071, 0.19105461442027108, 0.18211354732920204, 0.20863880113511088, 0.20633477888732146, 0.15050313453873235, 0.05598046701169471, 0.027799761010840206]","[0.42468215897958406, 0.3726394488752893, 0.41235108061560405, 0.44225633784024493, 0.4630361387450707, 0.49850726942259693, 0.5309540202577494, 0.6506903501335608, 0.10576876763265303]",25,10,15,65,128.0333333333333,169.83666666666605
development_validation,V4,compute_load,hold_pose,150,300,295,92,0.603979429081636,1.0,0.2773323793435216,207,147,60,93,22,0.69,0.49,0.49,"{""history_reset_before_ready"": 56, ""baseline_queue_replaced"": 93, ""deadline_miss"": 3, ""prediction_queue_replaced"": 1}",-7.338358343062055,122.30801666649728,157.33835834306205,188.36356667565815,38.180750005558366,"[0.09912904648969795, 0.1082861612350821, 0.19075453218981767, 0.18089758579191145, 0.21721003057481864, 0.2062273765260207, 0.16080062530093145, 0.055513285290943765, 0.028876309662688573]","[0.42468215897958406, 0.3726394488752893, 0.41235108061560405, 0.44225633784024493, 0.4630361387450707, 0.49850726942259693, 0.5309540202577494, 0.6506903501335608, 0.10576876763265303]",25,5,20,1,111.73333333333267,139.72666666666683
development_validation,V4,compute_load,linear_pose_w2,50,300,298,294,0.9933018005109437,1.0,0.07287512553713223,4,0,4,296,204,0.013333333333333334,0.0,0.0,"{""history_warmup"": 171, ""baseline_queue_replaced"": 93, ""deadline_miss"": 28, ""history_reset_before_ready"": 8}",-76.85273666682197,103.10590000692764,126.85273666682194,145.90050000971496,0.2465699989988906,"[0.02347174753481296, 0.015961572825758052, 0.0073058131699803575, 0.010045493108723047, 0.005844650535984264, 0.008766975803976229, 0.004018197243489063, 0.003287615926491072, 0.0036529065849901232]","[0.02347174753481296, 0.015961572825758052, 0.0073058131699803575, 0.010045493108723047, 0.005844650535984264, 0.008766975803976229, 0.004018197243489063, 0.003287615926491072, 0.0036529065849901232]",25,1,24,0,142.66666666666652,142.66666666666652
development_validation,V4,compute_load,linear_pose_w2,100,300,297,94,0.5905237553381827,1.0,0.21711653551463084,206,1,205,94,35,0.6866666666666666,0.0033333333333333335,0.0033333333333333335,"{""history_warmup"": 171, ""baseline_queue_replaced"": 93, ""deadline_miss"": 27, ""history_reset_before_ready"": 8}",-26.852736666821965,103.10590000692764,126.85273666682194,145.90050000971496,0.2465699989988906,"[0.09767867096361776, 0.10424910379065071, 0.19105461442027108, 0.18211354732920204, 0.20863880113511088, 0.20633477888732146, 0.15050313453873235, 0.05598046701169471, 0.027799761010840206]","[0.42468215897958406, 0.3726394488752893, 0.41235108061560405, 0.44225633784024493, 0.4630361387450707, 0.49850726942259693, 0.5309540202577494, 0.6506903501335608, 0.10576876763265303]",25,12,13,71,119.94999999999982,135.35166666666632
development_validation,V4,compute_load,linear_pose_w2,150,300,295,92,0.6015608957949334,1.0,0.26958530320677315,207,26,181,93,0,0.69,0.08666666666666667,0.08666666666666667,"{""history_warmup"": 171, ""baseline_queue_replaced"": 93, ""history_reset_before_ready"": 8, ""invalid_future_geometry_or_state"": 2}",23.147263333178035,103.10590000692764,126.85273666682194,145.90050000971496,0.2465699989988906,"[0.23480141679347677, 0.19772880214760205, 0.28655785338317735, 0.31018762889857127, 0.2846333494995881, 0.2925349707833093, 0.2195922782681604, 0.2525792167703014, 0.050590777553155414]","[0.6262850223241503, 0.6004692517619193, 0.7375429329112354, 0.7533136169373997, 0.8002002140850857, 0.8003003211276285, 0.8001376471834964, 0.8001126204228607, 0.1601251338031785]",25,12,13,69,136.6833333333334,167.3733333333328
development_validation,V4,compute_load,linear_pose_w4,50,300,298,294,0.9933018005109437,1.0,0.07287512553713223,4,0,4,296,203,0.013333333333333334,0.0,0.0,"{""history_warmup"": 206, ""baseline_queue_replaced"": 93, ""history_reset_before_ready"": 1}",-65.01755667042607,100.1024333378482,115.01755667042607,137.72040001187088,0.0,"[0.02347174753481296, 0.015961572825758052, 0.0073058131699803575, 0.010045493108723047, 0.005844650535984264, 0.008766975803976229, 0.004018197243489063, 0.003287615926491072, 0.0036529065849901232]","[0.02347174753481296, 0.015961572825758052, 0.0073058131699803575, 0.010045493108723047, 0.005844650535984264, 0.008766975803976229, 0.004018197243489063, 0.003287615926491072, 0.0036529065849901232]",25,1,24,0,142.66666666666652,142.66666666666652
development_validation,V4,compute_load,linear_pose_w4,100,300,297,94,0.5905237565217144,1.0,0.2171165402242394,206,0,206,94,2,0.6866666666666666,0.0,0.0,"{""history_warmup"": 206, ""baseline_queue_replaced"": 93, ""history_reset_before_ready"": 1}",-15.017556670426075,100.1024333378482,115.01755667042607,137.72040001187088,0.0,"[0.09767867096361776, 0.10424910379065071, 0.19105461442027108, 0.18211354732920204, 0.20863880113511088, 0.20633477888732146, 0.15050313453873235, 0.05598046701169471, 0.027799761010840206]","[0.42468215897958406, 0.3726394488752893, 0.41235108061560405, 0.44225633784024493, 0.4630361387450707, 0.49850726942259693, 0.5309540202577494, 0.6506903501335608, 0.10576876763265303]",25,12,13,71,119.94999999999982,135.35166666666632
development_validation,V4,compute_load,linear_pose_w4,150,300,295,92,0.603979429081636,1.0,0.2773323793435216,207,0,207,93,0,0.69,0.0,0.0,"{""history_warmup"": 206, ""baseline_queue_replaced"": 93, ""history_reset_before_ready"": 1}",34.982443329573925,100.1024333378482,115.01755667042607,137.72040001187088,0.0,"[0.09912904648969795, 0.1082861612350821, 0.19075453218981767, 0.18089758579191145, 0.21721003057481864, 0.2062273765260207, 0.16080062530093145, 0.055513285290943765, 0.028876309662688573]","[0.42468215897958406, 0.3726394488752893, 0.41235108061560405, 0.44225633784024493, 0.4630361387450707, 0.49850726942259693, 0.5309540202577494, 0.6506903501335608, 0.10576876763265303]",25,13,12,71,143.9333333333334,175.18
development_validation,V4,compute_load,linear_pose_w8,50,300,298,294,0.9933018005109437,1.0,0.07287512553713223,4,0,4,296,203,0.013333333333333334,0.0,0.0,"{""history_warmup"": 207, ""baseline_queue_replaced"": 93}",-64.94765333875516,100.10983333962577,114.94765333875516,137.7128000122084,0.0,"[0.02347174753481296, 0.015961572825758052, 0.0073058131699803575, 0.010045493108723047, 0.005844650535984264, 0.008766975803976229, 0.004018197243489063, 0.003287615926491072, 0.0036529065849901232]","[0.02347174753481296, 0.015961572825758052, 0.0073058131699803575, 0.010045493108723047, 0.005844650535984264, 0.008766975803976229, 0.004018197243489063, 0.003287615926491072, 0.0036529065849901232]",25,1,24,0,142.66666666666652,142.66666666666652
development_validation,V4,compute_load,linear_pose_w8,100,300,297,94,0.5905237565217144,1.0,0.2171165402242394,206,0,206,94,1,0.6866666666666666,0.0,0.0,"{""history_warmup"": 207, ""baseline_queue_replaced"": 93}",-14.947653338755163,100.10983333962577,114.94765333875516,137.7128000122084,0.0,"[0.09767867096361776, 0.10424910379065071, 0.19105461442027108, 0.18211354732920204, 0.20863880113511088, 0.20633477888732146, 0.15050313453873235, 0.05598046701169471, 0.027799761010840206]","[0.42468215897958406, 0.3726394488752893, 0.41235108061560405, 0.44225633784024493, 0.4630361387450707, 0.49850726942259693, 0.5309540202577494, 0.6506903501335608, 0.10576876763265303]",25,12,13,71,119.94999999999982,135.35166666666632
development_validation,V4,compute_load,linear_pose_w8,150,300,295,92,0.603979429081636,1.0,0.2773323793435216,207,0,207,93,0,0.69,0.0,0.0,"{""history_warmup"": 207, ""baseline_queue_replaced"": 93}",35.05234666124484,100.10983333962577,114.94765333875516,137.7128000122084,0.0,"[0.09912904648969795, 0.1082861612350821, 0.19075453218981767, 0.18089758579191145, 0.21721003057481864, 0.2062273765260207, 0.16080062530093145, 0.055513285290943765, 0.028876309662688573]","[0.42468215897958406, 0.3726394488752893, 0.41235108061560405, 0.44225633784024493, 0.4630361387450707, 0.49850726942259693, 0.5309540202577494, 0.6506903501335608, 0.10576876763265303]",25,13,12,71,143.9333333333334,175.18
historical_reevaluation,V5,algorithm_only,hold_channels,50,300,178,0,0.046511414944525764,0.05137687262671026,0.046511414944525764,180,180,0,120,0,0.6,0.6,0.6,"{""no_right_hand"": 120}",50.0,0.0,0.0,0.0,0.0,"[0.03449721632985385, 0.0301879428736826, 0.04984600769260693, 0.04517104905832141, 0.04852477856566006, 0.042533563880417846, 0.024345018694318633, 0.006543784809515615, 0.006750270823341867]","[0.3562897837756623, 0.3383757058306536, 0.344540647106992, 0.36613956121446123, 0.382420909200921, 0.4105157387791065, 0.46829620761424573, 0.5828433285114066, 0.09138330966188468]",4,4,0,1,39.316666666666606,46.633333333333404
historical_reevaluation,V5,algorithm_only,hold_channels,100,300,176,0,0.09568681887803786,0.12526404796432133,0.09568681887803786,180,180,0,120,0,0.6,0.6,0.6,"{""no_right_hand"": 120}",100.0,0.0,0.0,0.0,0.0,"[0.03449721632985385, 0.0301879428736826, 0.04984600769260693, 0.04517104905832141, 0.04852477856566006, 0.042533563880417846, 0.024345018694318633, 0.006543784809515615, 0.006750270823341867]","[0.3562897837756623, 0.3383757058306536, 0.344540647106992, 0.36613956121446123, 0.382420909200921, 0.4105157387791065, 0.46829620761424573, 0.5828433285114066, 0.09138330966188468]",4,4,0,1,103.33333333333337,110.61833333333365
historical_reevaluation,V5,algorithm_only,hold_channels,150,300,175,0,0.12067293965683756,0.21820126541813728,0.12067293965683756,180,180,0,120,0,0.6,0.6,0.6,"{""no_right_hand"": 120}",150.0,0.0,0.0,0.0,0.0,"[0.03449721632985385, 0.0301879428736826, 0.04984600769260693, 0.04517104905832141, 0.04852477856566006, 0.042533563880417846, 0.024345018694318633, 0.006543784809515615, 0.006750270823341867]","[0.3562897837756623, 0.3383757058306536, 0.344540647106992, 0.36613956121446123, 0.382420909200921, 0.4105157387791065, 0.46829620761424573, 0.5828433285114066, 0.09138330966188468]",4,4,0,1,135.3166666666665,142.5333333333335
historical_reevaluation,V5,algorithm_only,hold_pose,50,300,178,0,0.046511414944525764,0.05137687262671026,0.046511414944525764,180,180,0,120,0,0.6,0.6,0.6,"{""no_right_hand"": 120}",50.0,0.0,0.0,0.0,0.0,"[0.03449721632985385, 0.0301879428736826, 0.04984600769260693, 0.04517104905832141, 0.04852477856566006, 0.042533563880417846, 0.024345018694318633, 0.006543784809515615, 0.006750270823341867]","[0.3562897837756623, 0.3383757058306536, 0.344540647106992, 0.36613956121446123, 0.382420909200921, 0.4105157387791065, 0.46829620761424573, 0.5828433285114066, 0.09138330966188468]",4,4,0,0,15.949999999999818,44.42333333333336
historical_reevaluation,V5,algorithm_only,hold_pose,100,300,176,0,0.09568681887803786,0.12526404796432133,0.09568681887803786,180,180,0,120,0,0.6,0.6,0.6,"{""no_right_hand"": 120}",100.0,0.0,0.0,0.0,0.0,"[0.03449721632985385, 0.0301879428736826, 0.04984600769260693, 0.04517104905832141, 0.04852477856566006, 0.042533563880417846, 0.024345018694318633, 0.006543784809515615, 0.006750270823341867]","[0.3562897837756623, 0.3383757058306536, 0.344540647106992, 0.36613956121446123, 0.382420909200921, 0.4105157387791065, 0.46829620761424573, 0.5828433285114066, 0.09138330966188468]",4,4,0,0,80.04999999999973,108.34833333333343
historical_reevaluation,V5,algorithm_only,hold_pose,150,300,175,0,0.12067293965683756,0.21820126541813728,0.12067293965683756,180,180,0,120,0,0.6,0.6,0.6,"{""no_right_hand"": 120}",150.0,0.0,0.0,0.0,0.0,"[0.03449721632985385, 0.0301879428736826, 0.04984600769260693, 0.04517104905832141, 0.04852477856566006, 0.042533563880417846, 0.024345018694318633, 0.006543784809515615, 0.006750270823341867]","[0.3562897837756623, 0.3383757058306536, 0.344540647106992, 0.36613956121446123, 0.382420909200921, 0.4105157387791065, 0.46829620761424573, 0.5828433285114066, 0.09138330966188468]",4,4,0,0,112.03333333333296,140.34833333333344
historical_reevaluation,V5,algorithm_only,linear_pose_w2,50,300,178,0,0.011909371308831624,0.01768836431976669,0.011909371308831624,180,179,1,120,0,0.6,0.5966666666666667,0.5966666666666667,"{""history_warmup"": 1, ""no_right_hand"": 120}",50.0,0.0,0.0,0.0,0.0,"[0.029103214278287524, 0.03678083544788724, 0.06322218987155279, 0.07012083795890287, 0.03939645581812115, 0.035826421304757855, 0.024845884812875262, 0.009099239829441432, 0.006115725212522382]","[0.4488232461633408, 0.4207585842584258, 0.38466109932359155, 0.3923100729418243, 0.46406594611149465, 0.4798642467552776, 0.5662693779719254, 0.6731410583069201, 0.11220228913558022]",4,4,0,1,0.0,0.0
historical_reevaluation,V5,algorithm_only,linear_pose_w2,100,300,176,0,0.04557100877259034,0.04308201474290779,0.04557100877259034,180,179,1,120,0,0.6,0.5966666666666667,0.5966666666666667,"{""history_warmup"": 1, ""no_right_hand"": 120}",100.0,0.0,0.0,0.0,0.0,"[0.03761527674579591, 0.037489863110523186, 0.09807344806368304, 0.10885436217602554, 0.05964575781998782, 0.05743773230851273, 0.021050370209156736, 0.006961645286355941, 0.007557474824581839]","[0.545045294150193, 0.5070146144765992, 0.5899447986310266, 0.6064945364364241, 0.521133906848148, 0.5529009287315524, 0.7251037804175589, 0.774105874973471, 0.13122874997052336]",4,4,0,2,0.0,59.23333333333371
historical_reevaluation,V5,algorithm_only,linear_pose_w2,150,300,175,0,0.06414398961345612,0.06660850571067438,0.06414398961345612,180,179,1,120,0,0.6,0.5966666666666667,0.5966666666666667,"{""history_warmup"": 1, ""no_right_hand"": 120}",150.0,0.0,0.0,0.0,0.0,"[0.05234629217580671, 0.06534570293044548, 0.08436528427381391, 0.09402549367591578, 0.11923523768981582, 0.11225168449449256, 0.05632483367194196, 0.013967221565324966, 0.015519135072583368]","[0.5332868975599634, 0.5222899245487329, 0.5801011618151249, 0.5930030934879242, 0.45812888479189673, 0.4688872936280323, 0.6747476656548059, 0.7431657404901819, 0.12634177770126437]",4,4,0,2,0.0,32.02833333333369
historical_reevaluation,V5,nominal,hold_channels,50,300,178,0,0.046511414944525764,0.05137687262671026,0.046511414944525764,180,180,0,120,0,0.6,0.6,0.6,"{""no_right_hand"": 120}",25.327789999937522,23.23689999866474,24.672210000062478,28.698500002064975,0.0,"[0.03449721632985385, 0.0301879428736826, 0.04984600769260693, 0.04517104905832141, 0.04852477856566006, 0.042533563880417846, 0.024345018694318633, 0.006543784809515615, 0.006750270823341867]","[0.3562897837756623, 0.3383757058306536, 0.344540647106992, 0.36613956121446123, 0.382420909200921, 0.4105157387791065, 0.46829620761424573, 0.5828433285114066, 0.09138330966188468]",4,4,0,1,39.316666666666606,46.633333333333404
historical_reevaluation,V5,nominal,hold_channels,100,300,176,0,0.09568681887803786,0.12526404796432133,0.09568681887803786,180,180,0,120,0,0.6,0.6,0.6,"{""no_right_hand"": 120}",75.32778999993752,23.23689999866474,24.672210000062478,28.698500002064975,0.0,"[0.03449721632985385, 0.0301879428736826, 0.04984600769260693, 0.04517104905832141, 0.04852477856566006, 0.042533563880417846, 0.024345018694318633, 0.006543784809515615, 0.006750270823341867]","[0.3562897837756623, 0.3383757058306536, 0.344540647106992, 0.36613956121446123, 0.382420909200921, 0.4105157387791065, 0.46829620761424573, 0.5828433285114066, 0.09138330966188468]",4,4,0,1,103.33333333333337,110.61833333333365
historical_reevaluation,V5,nominal,hold_channels,150,300,175,0,0.12067293965683756,0.21820126541813728,0.12067293965683756,180,180,0,120,0,0.6,0.6,0.6,"{""no_right_hand"": 120}",125.32778999993752,23.23689999866474,24.672210000062478,28.698500002064975,0.0,"[0.03449721632985385, 0.0301879428736826, 0.04984600769260693, 0.04517104905832141, 0.04852477856566006, 0.042533563880417846, 0.024345018694318633, 0.006543784809515615, 0.006750270823341867]","[0.3562897837756623, 0.3383757058306536, 0.344540647106992, 0.36613956121446123, 0.382420909200921, 0.4105157387791065, 0.46829620761424573, 0.5828433285114066, 0.09138330966188468]",4,4,0,1,135.3166666666665,142.5333333333335
historical_reevaluation,V5,nominal,hold_pose,50,300,178,0,0.046511414944525764,0.05137687262671026,0.046511414944525764,180,179,1,120,1,0.6,0.5966666666666667,0.5966666666666667,"{""deadline_miss"": 1, ""no_right_hand"": 120}",11.194309998427343,36.64914999717439,38.80569000157266,60.70200000249315,0.0,"[0.03449721632985385, 0.0301879428736826, 0.04984600769260693, 0.04517104905832141, 0.04852477856566006, 0.042533563880417846, 0.024345018694318633, 0.006543784809515615, 0.006750270823341867]","[0.3562897837756623, 0.3383757058306536, 0.344540647106992, 0.36613956121446123, 0.382420909200921, 0.4105157387791065, 0.46829620761424573, 0.5828433285114066, 0.09138330966188468]",4,4,0,0,15.949999999999818,44.42333333333336
historical_reevaluation,V5,nominal,hold_pose,100,300,176,0,0.09568681887803786,0.12526404796432133,0.09568681887803786,180,180,0,120,0,0.6,0.6,0.6,"{""no_right_hand"": 120}",61.19430999842734,36.64914999717439,38.80569000157266,60.70200000249315,0.0,"[0.03449721632985385, 0.0301879428736826, 0.04984600769260693, 0.04517104905832141, 0.04852477856566006, 0.042533563880417846, 0.024345018694318633, 0.006543784809515615, 0.006750270823341867]","[0.3562897837756623, 0.3383757058306536, 0.344540647106992, 0.36613956121446123, 0.382420909200921, 0.4105157387791065, 0.46829620761424573, 0.5828433285114066, 0.09138330966188468]",4,4,0,0,80.04999999999973,108.34833333333343
historical_reevaluation,V5,nominal,hold_pose,150,300,175,0,0.12067293965683756,0.21820126541813728,0.12067293965683756,180,180,0,120,0,0.6,0.6,0.6,"{""no_right_hand"": 120}",111.19430999842734,36.64914999717439,38.80569000157266,60.70200000249315,0.0,"[0.03449721632985385, 0.0301879428736826, 0.04984600769260693, 0.04517104905832141, 0.04852477856566006, 0.042533563880417846, 0.024345018694318633, 0.006543784809515615, 0.006750270823341867]","[0.3562897837756623, 0.3383757058306536, 0.344540647106992, 0.36613956121446123, 0.382420909200921, 0.4105157387791065, 0.46829620761424573, 0.5828433285114066, 0.09138330966188468]",4,4,0,0,112.03333333333296,140.34833333333344
historical_reevaluation,V5,nominal,linear_pose_w2,50,300,178,0,0.011909371308831624,0.01768836431976669,0.011909371308831624,180,179,1,120,0,0.6,0.5966666666666667,0.5966666666666667,"{""history_warmup"": 1, ""no_right_hand"": 120}",11.232805001236557,36.651500002335524,38.76719499876344,39.34790000130312,0.0,"[0.029103214278287524, 0.03678083544788724, 0.06322218987155279, 0.07012083795890287, 0.03939645581812115, 0.035826421304757855, 0.024845884812875262, 0.009099239829441432, 0.006115725212522382]","[0.4488232461633408, 0.4207585842584258, 0.38466109932359155, 0.3923100729418243, 0.46406594611149465, 0.4798642467552776, 0.5662693779719254, 0.6731410583069201, 0.11220228913558022]",4,4,0,1,0.0,0.0
historical_reevaluation,V5,nominal,linear_pose_w2,100,300,176,0,0.04557100877259034,0.04308201474290779,0.04557100877259034,180,179,1,120,0,0.6,0.5966666666666667,0.5966666666666667,"{""history_warmup"": 1, ""no_right_hand"": 120}",61.23280500123656,36.651500002335524,38.76719499876344,39.34790000130312,0.0,"[0.03761527674579591, 0.037489863110523186, 0.09807344806368304, 0.10885436217602554, 0.05964575781998782, 0.05743773230851273, 0.021050370209156736, 0.006961645286355941, 0.007557474824581839]","[0.545045294150193, 0.5070146144765992, 0.5899447986310266, 0.6064945364364241, 0.521133906848148, 0.5529009287315524, 0.7251037804175589, 0.774105874973471, 0.13122874997052336]",4,4,0,2,0.0,59.23333333333371
historical_reevaluation,V5,nominal,linear_pose_w2,150,300,175,0,0.06414398961345612,0.06660850571067438,0.06414398961345612,180,179,1,120,0,0.6,0.5966666666666667,0.5966666666666667,"{""history_warmup"": 1, ""no_right_hand"": 120}",111.23280500123656,36.651500002335524,38.76719499876344,39.34790000130312,0.0,"[0.05234629217580671, 0.06534570293044548, 0.08436528427381391, 0.09402549367591578, 0.11923523768981582, 0.11225168449449256, 0.05632483367194196, 0.013967221565324966, 0.015519135072583368]","[0.5332868975599634, 0.5222899245487329, 0.5801011618151249, 0.5930030934879242, 0.45812888479189673, 0.4688872936280323, 0.6747476656548059, 0.7431657404901819, 0.12634177770126437]",4,4,0,2,0.0,32.02833333333369
historical_reevaluation,V5,jitter_drop,hold_channels,50,300,178,10,0.24131599871668608,1.0,0.04664628807518378,170,170,0,130,0,0.5666666666666667,0.5666666666666667,0.5666666666666667,"{""source_drop"": 17, ""no_right_hand"": 113}",5.962120000258437,33.847266666289215,44.037879999741556,45.05309999833116,0.0,"[0.027164295683680523, 0.02531351558753201, 0.04845784237471039, 0.03822683738887124, 0.0272623975155805, 0.024229366870108616, 0.013752534858388222, 0.005169729270333509, 0.0057441436337038925]","[0.3562897837756623, 0.3383757058306536, 0.344540647106992, 0.36613956121446123, 0.382420909200921, 0.4105157387791065, 0.46829620761424573, 0.5828433285114066, 0.09138330966188468]",4,3,1,9,46.63333333333321,46.63333333333342
historical_reevaluation,V5,jitter_drop,hold_channels,100,300,176,10,0.2536138459194456,1.0,0.08918361255410105,170,170,0,130,0,0.5666666666666667,0.5666666666666667,0.5666666666666667,"{""source_drop"": 17, ""no_right_hand"": 113}",55.96212000025844,33.847266666289215,44.037879999741556,45.05309999833116,0.0,"[0.027164295683680523, 0.02531351558753201, 0.04845784237471039, 0.03822683738887124, 0.0272623975155805, 0.024229366870108616, 0.013752534858388222, 0.005169729270333509, 0.0057441436337038925]","[0.3562897837756623, 0.3383757058306536, 0.344540647106992, 0.36613956121446123, 0.382420909200921, 0.4105157387791065, 0.46829620761424573, 0.5828433285114066, 0.09138330966188468]",4,3,1,9,110.53333333333353,110.62333333333365
historical_reevaluation,V5,jitter_drop,hold_channels,150,300,175,10,0.264596613021603,1.0,0.11682645336432149,170,170,0,130,0,0.5666666666666667,0.5666666666666667,0.5666666666666667,"{""source_drop"": 17, ""no_right_hand"": 113}",105.96212000025844,33.847266666289215,44.037879999741556,45.05309999833116,0.0,"[0.027164295683680523, 0.02531351558753201, 0.04845784237471039, 0.03822683738887124, 0.0272623975155805, 0.024229366870108616, 0.013752534858388222, 0.005169729270333509, 0.0057441436337038925]","[0.3562897837756623, 0.3383757058306536, 0.344540647106992, 0.36613956121446123, 0.382420909200921, 0.4105157387791065, 0.46829620761424573, 0.5828433285114066, 0.09138330966188468]",4,3,1,9,142.5333333333333,142.5333333333335
historical_reevaluation,V5,jitter_drop,hold_pose,50,300,178,10,0.24131599871668608,1.0,0.04664628807518378,170,124,46,130,46,0.5666666666666667,0.41333333333333333,0.41333333333333333,"{""deadline_miss"": 46, ""source_drop"": 17, ""no_right_hand"": 113}",-6.921904999326216,46.625950000598095,56.921904999326216,71.51699999463744,0.0,"[0.027164295683680523, 0.02531351558753201, 0.04845784237471039, 0.03822683738887124, 0.0272623975155805, 0.024229366870108616, 0.013752534858388222, 0.005169729270333509, 0.0057441436337038925]","[0.3562897837756623, 0.3383757058306536, 0.344540647106992, 0.36613956121446123, 0.382420909200921, 0.4105157387791065, 0.46829620761424573, 0.5828433285114066, 0.09138330966188468]",4,3,1,3,0.0,41.97000000000009
historical_reevaluation,V5,jitter_drop,hold_pose,100,300,176,10,0.2536138459194456,1.0,0.08918361255410105,170,170,0,130,0,0.5666666666666667,0.5666666666666667,0.5666666666666667,"{""source_drop"": 17, ""no_right_hand"": 113}",43.078095000673784,46.625950000598095,56.921904999326216,71.51699999463744,0.0,"[0.027164295683680523, 0.02531351558753201, 0.04845784237471039, 0.03822683738887124, 0.0272623975155805, 0.024229366870108616, 0.013752534858388222, 0.005169729270333509, 0.0057441436337038925]","[0.3562897837756623, 0.3383757058306536, 0.344540647106992, 0.36613956121446123, 0.382420909200921, 0.4105157387791065, 0.46829620761424573, 0.5828433285114066, 0.09138330966188468]",4,3,1,0,64.13333333333321,105.89333333333349
historical_reevaluation,V5,jitter_drop,hold_pose,150,300,175,10,0.264596613021603,1.0,0.11682645336432149,170,170,0,130,0,0.5666666666666667,0.5666666666666667,0.5666666666666667,"{""source_drop"": 17, ""no_right_hand"": 113}",93.07809500067378,46.625950000598095,56.921904999326216,71.51699999463744,0.0,"[0.027164295683680523, 0.02531351558753201, 0.04845784237471039, 0.03822683738887124, 0.0272623975155805, 0.024229366870108616, 0.013752534858388222, 0.005169729270333509, 0.0057441436337038925]","[0.3562897837756623, 0.3383757058306536, 0.344540647106992, 0.36613956121446123, 0.382420909200921, 0.4105157387791065, 0.46829620761424573, 0.5828433285114066, 0.09138330966188468]",4,3,1,0,96.09999999999968,137.89000000000013
historical_reevaluation,V5,jitter_drop,linear_pose_w2,50,300,178,10,0.23927154395175185,1.0,0.03368756752973254,170,112,58,130,38,0.5666666666666667,0.37333333333333335,0.37333333333333335,"{""history_warmup"": 20, ""deadline_miss"": 38, ""source_drop"": 17, ""no_right_hand"": 113}",-6.925539999720058,46.26165000241599,56.92553999972006,59.184900000691414,0.0,"[0.040322231253686336, 0.03791349928933943, 0.07144978448317073, 0.06314882713420947, 0.0569616203147818, 0.04764913252678906, 0.024792712322107262, 0.0077921733001792655, 0.008643683815327123]","[0.4488232461633408, 0.4207585842584258, 0.38466109932359155, 0.3923100729418243, 0.46406594611149465, 0.4798642467552776, 0.5662693779719254, 0.6731410583069201, 0.11220228913558022]",4,4,0,9,0.0,39.638333333333215
historical_reevaluation,V5,jitter_drop,linear_pose_w2,100,300,176,10,0.24527259586312575,1.0,0.05951216062491451,170,150,20,130,0,0.5666666666666667,0.5,0.5,"{""history_warmup"": 20, ""source_drop"": 17, ""no_right_hand"": 113}",43.07446000027994,46.26165000241599,56.92553999972006,59.184900000691414,0.0,"[0.05670914429220154, 0.051398166211408435, 0.12542132892249425, 0.11218012507489879, 0.0690530334079448, 0.07734155607470203, 0.0643629021576285, 0.01314279328204387, 0.011002101733078026]","[0.545045294150193, 0.5070146144765992, 0.5899447986310266, 0.6064945364364241, 0.521133906848148, 0.5529009287315524, 0.7251037804175589, 0.774105874973471, 0.13122874997052336]",4,4,0,10,48.08333333333337,103.65833333333359
historical_reevaluation,V5,jitter_drop,linear_pose_w2,150,300,175,10,0.25007743308850056,1.0,0.07564976895249459,170,150,20,130,0,0.5666666666666667,0.5,0.5,"{""history_warmup"": 20, ""source_drop"": 17, ""no_right_hand"": 113}",93.07446000027994,46.26165000241599,56.92553999972006,59.184900000691414,0.0,"[0.09230005452430573, 0.0797463714971384, 0.1297152422261774, 0.11867905393845724, 0.13457151524530103, 0.11903573530494801, 0.09878712352436543, 0.05407933834369851, 0.021161030350349767]","[0.5332868975599634, 0.5222899245487329, 0.5801011618151249, 0.5930030934879242, 0.45812888479189673, 0.4688872936280323, 0.6747476656548059, 0.7431657404901819, 0.12634177770126437]",4,4,0,11,16.0,86.48999999999977
historical_reevaluation,V5,compute_load,hold_channels,50,300,178,171,0.9801398920409936,1.0,0.0011350697446554595,7,0,7,293,124,0.023333333333333334,0.0,0.0,"{""deadline_miss"": 124, ""baseline_queue_replaced"": 90, ""no_right_hand"": 86}",-65.23260499550375,100.21084999461868,115.23260499550375,129.00016665752446,0.0,,,4,0,4,0,,
historical_reevaluation,V5,compute_load,hold_channels,100,300,176,54,0.559212147149159,1.0,0.09225799940324138,124,60,64,176,64,0.41333333333333333,0.2,0.2,"{""deadline_miss"": 64, ""baseline_queue_replaced"": 90, ""no_right_hand"": 86}",-15.232604995503744,100.21084999461868,115.23260499550375,129.00016665752446,0.0,"[0.03609243707459941, 0.05275774792014367, 0.05034827435551625, 0.04643032527998439, 0.07033777875505211, 0.059853768892275096, 0.041776513822477435, 0.03717253098515573, 0.00924220003291948]","[0.3562897837756623, 0.3383757058306536, 0.3404670675492255, 0.36308437654613634, 0.37765500419527787, 0.4068712231865559, 0.46829620761424573, 0.5828433285114066, 0.09138330966188468]",4,2,2,51,135.3666666666669,157.6266666666668
historical_reevaluation,V5,compute_load,hold_channels,150,300,175,54,0.5647785259842814,1.0,0.12266284831851985,124,124,0,176,0,0.41333333333333333,0.41333333333333333,0.41333333333333333,"{""baseline_queue_replaced"": 90, ""no_right_hand"": 86}",34.76739500449626,100.21084999461868,115.23260499550375,129.00016665752446,0.0,"[0.03609243707459941, 0.05275774792014367, 0.05034827435551625, 0.04643032527998439, 0.07033777875505211, 0.059853768892275096, 0.041776513822477435, 0.03717253098515573, 0.00924220003291948]","[0.3562897837756623, 0.3383757058306536, 0.3404670675492255, 0.36308437654613634, 0.37765500419527787, 0.4068712231865559, 0.46829620761424573, 0.5828433285114066, 0.09138330966188468]",4,2,2,51,167.29999999999995,189.58999999999995
historical_reevaluation,V5,compute_load,hold_pose,50,300,178,171,0.9801398920409936,1.0,0.0011350697446554595,7,0,7,293,124,0.023333333333333334,0.0,0.0,"{""deadline_miss"": 70, ""history_reset_before_ready"": 53, ""baseline_queue_replaced"": 90, ""prediction_queue_replaced"": 1, ""no_right_hand"": 86}",-94.10168666415602,122.97086665385723,144.101686664156,179.43636666525617,26.76287001688615,,,4,0,4,0,,
historical_reevaluation,V5,compute_load,hold_pose,100,300,176,54,0.559212147149159,1.0,0.09225799940324138,124,1,123,176,122,0.41333333333333333,0.0033333333333333335,0.0033333333333333335,"{""deadline_miss"": 69, ""history_reset_before_ready"": 53, ""baseline_queue_replaced"": 90, ""prediction_queue_replaced"": 1, ""no_right_hand"": 86}",-44.10168666415602,122.97086665385723,144.101686664156,179.43636666525617,26.76287001688615,"[0.03609243707459941, 0.05275774792014367, 0.05034827435551625, 0.04643032527998439, 0.07033777875505211, 0.059853768892275096, 0.041776513822477435, 0.03717253098515573, 0.00924220003291948]","[0.3562897837756623, 0.3383757058306536, 0.3404670675492255, 0.36308437654613634, 0.37765500419527787, 0.4068712231865559, 0.46829620761424573, 0.5828433285114066, 0.09138330966188468]",4,2,2,50,135.3666666666669,157.6266666666668
historical_reevaluation,V5,compute_load,hold_pose,150,300,175,54,0.5647785259842814,1.0,0.12266284831851985,124,70,54,176,4,0.41333333333333333,0.23333333333333334,0.23333333333333334,"{""history_reset_before_ready"": 53, ""baseline_queue_replaced"": 90, ""prediction_queue_replaced"": 1, ""no_right_hand"": 86}",5.898313335843977,122.97086665385723,144.101686664156,179.43636666525617,26.76287001688615,"[0.03609243707459941, 0.05275774792014367, 0.05034827435551625, 0.04643032527998439, 0.07033777875505211, 0.059853768892275096, 0.041776513822477435, 0.03717253098515573, 0.00924220003291948]","[0.3562897837756623, 0.3383757058306536, 0.3404670675492255, 0.36308437654613634, 0.37765500419527787, 0.4068712231865559, 0.46829620761424573, 0.5828433285114066, 0.09138330966188468]",4,2,2,0,142.53333333333342,142.53333333333353
historical_reevaluation,V5,compute_load,linear_pose_w2,50,300,178,171,0.9801398920409936,1.0,0.0011350697446554595,7,0,7,293,117,0.023333333333333334,0.0,0.0,"{""history_warmup"": 106, ""deadline_miss"": 9, ""history_reset_before_ready"": 9, ""baseline_queue_replaced"": 90, ""no_right_hand"": 86}",-75.15480332200005,101.49559998944733,125.15480332200005,143.1640666569274,0.5653400013761707,,,4,0,4,0,,
historical_reevaluation,V5,compute_load,linear_pose_w2,100,300,176,54,0.559212147149159,1.0,0.09225799940324138,124,0,124,176,18,0.41333333333333333,0.0,0.0,"{""history_warmup"": 106, ""deadline_miss"": 9, ""history_reset_before_ready"": 9, ""baseline_queue_replaced"": 90, ""no_right_hand"": 86}",-25.154803322000056,101.49559998944733,125.15480332200005,143.1640666569274,0.5653400013761707,"[0.03609243707459941, 0.05275774792014367, 0.05034827435551625, 0.04643032527998439, 0.07033777875505211, 0.059853768892275096, 0.041776513822477435, 0.03717253098515573, 0.00924220003291948]","[0.3562897837756623, 0.3383757058306536, 0.3404670675492255, 0.36308437654613634, 0.37765500419527787, 0.4068712231865559, 0.46829620761424573, 0.5828433285114066, 0.09138330966188468]",4,2,2,51,135.3666666666669,157.6266666666668
historical_reevaluation,V5,compute_load,linear_pose_w2,150,300,175,54,0.5646134342439508,1.0,0.12155867108842804,124,9,115,176,0,0.41333333333333333,0.03,0.03,"{""history_warmup"": 106, ""history_reset_before_ready"": 9, ""baseline_queue_replaced"": 90, ""no_right_hand"": 86}",24.845196677999944,101.49559998944733,125.15480332200005,143.1640666569274,0.5653400013761707,"[0.03748713219251461, 0.06534570293044548, 0.05034827435551625, 0.04643032527998439, 0.07033777875505211, 0.059853768892275096, 0.06836114366323529, 0.05407933834369851, 0.009140320029864774]","[0.42329246072435145, 0.38830267074842617, 0.49762603744662315, 0.5374742864854403, 0.5586863197001373, 0.5818234288534911, 0.589420954120758, 0.631296613555265, 0.10762338926679943]",4,2,2,52,71.26666666666665,135.40666666666664
historical_reevaluation,V6,algorithm_only,hold_channels,50,300,227,0,0.07131562136302468,0.13349319909496057,0.07131562136302468,231,231,0,69,0,0.77,0.77,0.77,"{""no_right_hand"": 69}",50.0,0.0,0.0,0.0,0.0,"[0.10828125430255867, 0.13183410042358057, 0.09808527262333293, 0.10065664649668205, 0.1009216505962981, 0.08915814421159944, 0.11469709439646746, 0.14676480459816016, 0.024693888691182657]","[0.5276209367608184, 0.7, 0.44432999607984713, 0.4560537363149827, 0.4660438250445259, 0.49909779228300327, 0.5144659597588548, 0.7263554807838546, 0.11062617623868815]",10,10,0,2,31.999999999999773,40.61166666666702
historical_reevaluation,V6,algorithm_only,hold_channels,100,300,224,0,0.1330586207597559,0.41509491656746245,0.1330586207597559,231,231,0,69,0,0.77,0.77,0.77,"{""no_right_hand"": 69}",100.0,0.0,0.0,0.0,0.0,"[0.10828125430255867, 0.13183410042358057, 0.09808527262333293, 0.10065664649668205, 0.1009216505962981, 0.08915814421159944, 0.11469709439646746, 0.14676480459816016, 0.024693888691182657]","[0.5276209367608184, 0.7, 0.44432999607984713, 0.4560537363149827, 0.4660438250445259, 0.49909779228300327, 0.5144659597588548, 0.7263554807838546, 0.11062617623868815]",10,10,0,2,96.01666666666642,128.10333333333324
historical_reevaluation,V6,algorithm_only,hold_channels,150,300,221,0,0.1664563988274528,0.47649877097902565,0.1664563988274528,231,231,0,69,0,0.77,0.77,0.77,"{""no_right_hand"": 69}",150.0,0.0,0.0,0.0,0.0,"[0.10828125430255867, 0.13183410042358057, 0.09808527262333293, 0.10065664649668205, 0.1009216505962981, 0.08915814421159944, 0.11469709439646746, 0.14676480459816016, 0.024693888691182657]","[0.5276209367608184, 0.7, 0.44432999607984713, 0.4560537363149827, 0.4660438250445259, 0.49909779228300327, 0.5144659597588548, 0.7263554807838546, 0.11062617623868815]",10,10,0,2,128.0,160.10333333333352
historical_reevaluation,V6,algorithm_only,hold_pose,50,300,227,0,0.07131562136302468,0.13349319909496057,0.07131562136302468,231,231,0,69,0,0.77,0.77,0.77,"{""no_right_hand"": 69}",50.0,0.0,0.0,0.0,0.0,"[0.10828125430255867, 0.13183410042358057, 0.09808527262333293, 0.10065664649668205, 0.1009216505962981, 0.08915814421159944, 0.11469709439646746, 0.14676480459816016, 0.024693888691182657]","[0.5276209367608184, 0.7, 0.44432999607984713, 0.4560537363149827, 0.4660438250445259, 0.49909779228300327, 0.5144659597588548, 0.7263554807838546, 0.11062617623868815]",10,10,0,2,15.983333333333348,31.999999999999794
historical_reevaluation,V6,algorithm_only,hold_pose,100,300,224,0,0.1330586207597559,0.41509491656746245,0.1330586207597559,231,231,0,69,0,0.77,0.77,0.77,"{""no_right_hand"": 69}",100.0,0.0,0.0,0.0,0.0,"[0.10828125430255867, 0.13183410042358057, 0.09808527262333293, 0.10065664649668205, 0.1009216505962981, 0.08915814421159944, 0.11469709439646746, 0.14676480459816016, 0.024693888691182657]","[0.5276209367608184, 0.7, 0.44432999607984713, 0.4560537363149827, 0.4660438250445259, 0.49909779228300327, 0.5144659597588548, 0.7263554807838546, 0.11062617623868815]",10,10,0,2,80.63333333333344,104.80833333333325
historical_reevaluation,V6,algorithm_only,hold_pose,150,300,221,0,0.1664563988274528,0.47649877097902565,0.1664563988274528,231,231,0,69,0,0.77,0.77,0.77,"{""no_right_hand"": 69}",150.0,0.0,0.0,0.0,0.0,"[0.10828125430255867, 0.13183410042358057, 0.09808527262333293, 0.10065664649668205, 0.1009216505962981, 0.08915814421159944, 0.11469709439646746, 0.14676480459816016, 0.024693888691182657]","[0.5276209367608184, 0.7, 0.44432999607984713, 0.4560537363149827, 0.4660438250445259, 0.49909779228300327, 0.5144659597588548, 0.7263554807838546, 0.11062617623868815]",10,10,0,2,112.00000000000023,136.69833333333315
historical_reevaluation,V6,algorithm_only,linear_pose_w2,50,300,227,0,0.08952774329698047,0.14836764541987374,0.08952774329698047,231,227,4,69,0,0.77,0.7566666666666667,0.7566666666666667,"{""history_warmup"": 3, ""invalid_future_geometry_or_state"": 1, ""no_right_hand"": 69}",50.0,0.0,0.0,0.0,0.0,"[0.2695239678441072, 0.33854969107761657, 0.3268536707366643, 0.35514579693809883, 0.21817501869547481, 0.22674959249662746, 0.30537335541528776, 0.31093680868770573, 0.0594130994676893]","[0.6493074733064449, 0.7, 0.6872761200746735, 0.7014600207644149, 0.5880764392816339, 0.6247670942350468, 0.7186307662596583, 0.7899221101100551, 0.14880234456672783]",10,10,0,10,0.0,31.96666666666715
historical_reevaluation,V6,algorithm_only,linear_pose_w2,100,300,224,0,0.11721511113692615,0.2753906559607094,0.11721511113692615,231,226,5,69,0,0.77,0.7533333333333333,0.7533333333333333,"{""history_warmup"": 3, ""invalid_future_geometry_or_state"": 2, ""no_right_hand"": 69}",100.0,0.0,0.0,0.0,0.0,"[0.35428200549051864, 0.39883455812157637, 0.42832088667519286, 0.46315223791816024, 0.29372888735968095, 0.313355781971903, 0.3911854397938533, 0.42066343324888555, 0.11469645272484995]","[0.6906478605509367, 0.7, 0.8007703280236729, 0.8027925932926319, 0.7714063586816302, 0.7571095380224452, 0.8019490656018919, 0.8015946900379116, 0.23772564724524248]",10,10,0,16,0.0,141.70333333333346
historical_reevaluation,V6,algorithm_only,linear_pose_w2,150,300,221,0,0.1391537872813782,0.4452396998929551,0.1391537872813782,231,222,9,69,0,0.77,0.74,0.74,"{""history_warmup"": 3, ""invalid_future_geometry_or_state"": 6, ""no_right_hand"": 69}",150.0,0.0,0.0,0.0,0.0,"[0.42818010379416194, 0.45489238935604104, 0.48121704166752305, 0.4997101570170576, 0.35670256042125387, 0.36800941143902643, 0.48349228597056726, 0.48335216161445055, 0.10834879804667744]","[0.7151412646656119, 0.7, 0.8189121660646976, 0.8260042283389595, 0.7676385017663053, 0.7863777755064085, 0.8104016913355838, 0.808510474729114, 0.25]",10,10,0,23,-31.983333333333576,105.77000000000093
historical_reevaluation,V6,nominal,hold_channels,50,300,227,0,0.07131562136302468,0.13349319909496057,0.07131562136302468,231,231,0,69,0,0.77,0.77,0.77,"{""no_right_hand"": 69}",24.78025000054913,23.257400000147754,25.21974999945087,39.53200000250945,0.0,"[0.10828125430255867, 0.13183410042358057, 0.09808527262333293, 0.10065664649668205, 0.1009216505962981, 0.08915814421159944, 0.11469709439646746, 0.14676480459816016, 0.024693888691182657]","[0.5276209367608184, 0.7, 0.44432999607984713, 0.4560537363149827, 0.4660438250445259, 0.49909779228300327, 0.5144659597588548, 0.7263554807838546, 0.11062617623868815]",10,10,0,2,31.999999999999773,40.61166666666702
historical_reevaluation,V6,nominal,hold_channels,100,300,224,0,0.1330586207597559,0.41509491656746245,0.1330586207597559,231,231,0,69,0,0.77,0.77,0.77,"{""no_right_hand"": 69}",74.78025000054913,23.257400000147754,25.21974999945087,39.53200000250945,0.0,"[0.10828125430255867, 0.13183410042358057, 0.09808527262333293, 0.10065664649668205, 0.1009216505962981, 0.08915814421159944, 0.11469709439646746, 0.14676480459816016, 0.024693888691182657]","[0.5276209367608184, 0.7, 0.44432999607984713, 0.4560537363149827, 0.4660438250445259, 0.49909779228300327, 0.5144659597588548, 0.7263554807838546, 0.11062617623868815]",10,10,0,2,96.01666666666642,128.10333333333324
historical_reevaluation,V6,nominal,hold_channels,150,300,221,0,0.1664563988274528,0.47649877097902565,0.1664563988274528,231,231,0,69,0,0.77,0.77,0.77,"{""no_right_hand"": 69}",124.78025000054913,23.257400000147754,25.21974999945087,39.53200000250945,0.0,"[0.10828125430255867, 0.13183410042358057, 0.09808527262333293, 0.10065664649668205, 0.1009216505962981, 0.08915814421159944, 0.11469709439646746, 0.14676480459816016, 0.024693888691182657]","[0.5276209367608184, 0.7, 0.44432999607984713, 0.4560537363149827, 0.4660438250445259, 0.49909779228300327, 0.5144659597588548, 0.7263554807838546, 0.11062617623868815]",10,10,0,2,128.0,160.10333333333352
historical_reevaluation,V6,nominal,hold_pose,50,300,227,0,0.07131562136302468,0.13349319909496057,0.07131562136302468,231,229,2,69,2,0.77,0.7633333333333333,0.7633333333333333,"{""deadline_miss"": 2, ""no_right_hand"": 69}",9.79739999749313,36.755000004632166,40.20260000250687,61.34039999960805,0.0,"[0.10828125430255867, 0.13183410042358057, 0.09808527262333293, 0.10065664649668205, 0.1009216505962981, 0.08915814421159944, 0.11469709439646746, 0.14676480459816016, 0.024693888691182657]","[0.5276209367608184, 0.7, 0.44432999607984713, 0.4560537363149827, 0.4660438250445259, 0.49909779228300327, 0.5144659597588548, 0.7263554807838546, 0.11062617623868815]",10,10,0,2,15.983333333333348,31.999999999999794
historical_reevaluation,V6,nominal,hold_pose,100,300,224,0,0.1330586207597559,0.41509491656746245,0.1330586207597559,231,231,0,69,0,0.77,0.77,0.77,"{""no_right_hand"": 69}",59.79739999749313,36.755000004632166,40.20260000250687,61.34039999960805,0.0,"[0.10828125430255867, 0.13183410042358057, 0.09808527262333293, 0.10065664649668205, 0.1009216505962981, 0.08915814421159944, 0.11469709439646746, 0.14676480459816016, 0.024693888691182657]","[0.5276209367608184, 0.7, 0.44432999607984713, 0.4560537363149827, 0.4660438250445259, 0.49909779228300327, 0.5144659597588548, 0.7263554807838546, 0.11062617623868815]",10,10,0,2,80.63333333333344,104.80833333333325
historical_reevaluation,V6,nominal,hold_pose,150,300,221,0,0.1664563988274528,0.47649877097902565,0.1664563988274528,231,231,0,69,0,0.77,0.77,0.77,"{""no_right_hand"": 69}",109.79739999749313,36.755000004632166,40.20260000250687,61.34039999960805,0.0,"[0.10828125430255867, 0.13183410042358057, 0.09808527262333293, 0.10065664649668205, 0.1009216505962981, 0.08915814421159944, 0.11469709439646746, 0.14676480459816016, 0.024693888691182657]","[0.5276209367608184, 0.7, 0.44432999607984713, 0.4560537363149827, 0.4660438250445259, 0.49909779228300327, 0.5144659597588548, 0.7263554807838546, 0.11062617623868815]",10,10,0,2,112.00000000000023,136.69833333333315
historical_reevaluation,V6,nominal,linear_pose_w2,50,300,227,0,0.0894339741889911,0.14836764541987374,0.0894339741889911,231,226,5,69,1,0.77,0.7533333333333333,0.7533333333333333,"{""history_warmup"": 3, ""deadline_miss"": 1, ""invalid_future_geometry_or_state"": 1, ""no_right_hand"": 69}",11.624849998770515,36.65209999962826,38.375150001229485,52.73820000002161,0.0,"[0.2695239678441072, 0.33854969107761657, 0.3268536707366643, 0.35514579693809883, 0.23991281762429756, 0.22674959249662746, 0.30537335541528776, 0.31093680868770573, 0.0594130994676893]","[0.6493074733064449, 0.7, 0.6872761200746735, 0.7014600207644149, 0.5880764392816339, 0.6247670942350468, 0.7186307662596583, 0.7899221101100551, 0.14880234456672783]",10,10,0,10,0.0,31.96666666666715
historical_reevaluation,V6,nominal,linear_pose_w2,100,300,224,0,0.11721511113692615,0.2753906559607094,0.11721511113692615,231,226,5,69,0,0.77,0.7533333333333333,0.7533333333333333,"{""history_warmup"": 3, ""invalid_future_geometry_or_state"": 2, ""no_right_hand"": 69}",61.624849998770515,36.65209999962826,38.375150001229485,52.73820000002161,0.0,"[0.35428200549051864, 0.39883455812157637, 0.42832088667519286, 0.46315223791816024, 0.29372888735968095, 0.313355781971903, 0.3911854397938533, 0.42066343324888555, 0.11469645272484995]","[0.6906478605509367, 0.7, 0.8007703280236729, 0.8027925932926319, 0.7714063586816302, 0.7571095380224452, 0.8019490656018919, 0.8015946900379116, 0.23772564724524248]",10,10,0,16,0.0,141.70333333333346
historical_reevaluation,V6,nominal,linear_pose_w2,150,300,221,0,0.1391537872813782,0.4452396998929551,0.1391537872813782,231,222,9,69,0,0.77,0.74,0.74,"{""history_warmup"": 3, ""invalid_future_geometry_or_state"": 6, ""no_right_hand"": 69}",111.62484999877051,36.65209999962826,38.375150001229485,52.73820000002161,0.0,"[0.42818010379416194, 0.45489238935604104, 0.48121704166752305, 0.4997101570170576, 0.35670256042125387, 0.36800941143902643, 0.48349228597056726, 0.48335216161445055, 0.10834879804667744]","[0.7151412646656119, 0.7, 0.8189121660646976, 0.8260042283389595, 0.7676385017663053, 0.7863777755064085, 0.8104016913355838, 0.808510474729114, 0.25]",10,10,0,23,-31.983333333333576,105.77000000000093
historical_reevaluation,V6,jitter_drop,hold_channels,50,300,227,14,0.2582933848549019,1.0,0.07329957483032157,217,217,0,83,1,0.7233333333333334,0.7233333333333334,0.7233333333333334,"{""source_drop"": 17, ""no_right_hand"": 65, ""deadline_miss"": 1}",6.0989750024236855,33.88681666828779,43.901024997576314,51.26469999915571,0.0,"[0.12379363928628735, 0.13487176525782665, 0.10708424020414073, 0.11461552977384105, 0.11685471380682934, 0.09714027483423907, 0.1277788811262025, 0.15349931393740684, 0.028787481562110553]","[0.5276209367608184, 0.7, 0.44432999607984713, 0.4560537363149827, 0.4660438250445259, 0.49909779228300327, 0.5144659597588548, 0.7263554807838546, 0.11062617623868815]",10,10,0,11,31.999999999999773,81.82166666666659
historical_reevaluation,V6,jitter_drop,hold_channels,100,300,224,12,0.2667286073377774,0.9467993049141266,0.1362622608955615,218,218,0,82,0,0.7266666666666667,0.7266666666666667,0.7266666666666667,"{""source_drop"": 17, ""no_right_hand"": 65}",56.098975002423686,33.88681666828779,43.901024997576314,51.26469999915571,0.0,"[0.12318050015035903, 0.1348506092187611, 0.1067666507300416, 0.1139056160084905, 0.11667663304008692, 0.09708707852294292, 0.12709731125571605, 0.1533966346422755, 0.028575232661218496]","[0.5276209367608184, 0.7, 0.44432999607984713, 0.4560537363149827, 0.4660438250445259, 0.49909779228300327, 0.5144659597588548, 0.7263554807838546, 0.11062617623868815]",10,10,0,12,96.01666666666642,171.31499999999954
historical_reevaluation,V6,jitter_drop,hold_channels,150,300,221,12,0.2854556662143416,1.0,0.16955008236162214,218,218,0,82,0,0.7266666666666667,0.7266666666666667,0.7266666666666667,"{""source_drop"": 17, ""no_right_hand"": 65}",106.09897500242369,33.88681666828779,43.901024997576314,51.26469999915571,0.0,"[0.12318050015035903, 0.1348506092187611, 0.1067666507300416, 0.1139056160084905, 0.11667663304008692, 0.09708707852294292, 0.12709731125571605, 0.1533966346422755, 0.028575232661218496]","[0.5276209367608184, 0.7, 0.44432999607984713, 0.4560537363149827, 0.4660438250445259, 0.49909779228300327, 0.5144659597588548, 0.7263554807838546, 0.11062617623868815]",10,10,0,12,128.0,203.3149999999996
historical_reevaluation,V6,jitter_drop,hold_pose,50,300,227,14,0.2582933848549019,1.0,0.07329957483032157,217,157,60,83,61,0.7233333333333334,0.5233333333333333,0.5233333333333333,"{""deadline_miss"": 61, ""source_drop"": 17, ""no_right_hand"": 65}",-7.565895000807359,46.99541666435107,57.56589500080735,81.70259999998962,0.0,"[0.12379363928628735, 0.13487176525782665, 0.10708424020414073, 0.11461552977384105, 0.11685471380682934, 0.09714027483423907, 0.1277788811262025, 0.15349931393740684, 0.028787481562110553]","[0.5276209367608184, 0.7, 0.44432999607984713, 0.4560537363149827, 0.4660438250445259, 0.49909779228300327, 0.5144659597588548, 0.7263554807838546, 0.11062617623868815]",10,10,0,3,15.983333333333348,31.999999999999794
historical_reevaluation,V6,jitter_drop,hold_pose,100,300,224,12,0.2667286073377774,0.9467993049141266,0.1362622608955615,218,218,0,82,0,0.7266666666666667,0.7266666666666667,0.7266666666666667,"{""source_drop"": 17, ""no_right_hand"": 65}",42.43410499919264,46.99541666435107,57.56589500080735,81.70259999998962,0.0,"[0.12318050015035903, 0.1348506092187611, 0.1067666507300416, 0.1139056160084905, 0.11667663304008692, 0.09708707852294292, 0.12709731125571605, 0.1533966346422755, 0.028575232661218496]","[0.5276209367608184, 0.7, 0.44432999607984713, 0.4560537363149827, 0.4660438250445259, 0.49909779228300327, 0.5144659597588548, 0.7263554807838546, 0.11062617623868815]",10,10,0,2,80.63333333333344,104.80833333333325
historical_reevaluation,V6,jitter_drop,hold_pose,150,300,221,12,0.2854556662143416,1.0,0.16955008236162214,218,218,0,82,0,0.7266666666666667,0.7266666666666667,0.7266666666666667,"{""source_drop"": 17, ""no_right_hand"": 65}",92.43410499919264,46.99541666435107,57.56589500080735,81.70259999998962,0.0,"[0.12318050015035903, 0.1348506092187611, 0.1067666507300416, 0.1139056160084905, 0.11667663304008692, 0.09708707852294292, 0.12709731125571605, 0.1533966346422755, 0.028575232661218496]","[0.5276209367608184, 0.7, 0.44432999607984713, 0.4560537363149827, 0.4660438250445259, 0.49909779228300327, 0.5144659597588548, 0.7263554807838546, 0.11062617623868815]",10,10,0,2,112.00000000000023,136.69833333333315
historical_reevaluation,V6,jitter_drop,linear_pose_w2,50,300,227,14,0.26252983082104536,1.0,0.08788794722871182,217,140,77,83,51,0.7233333333333334,0.4666666666666667,0.4666666666666667,"{""history_warmup"": 27, ""deadline_miss"": 50, ""source_drop"": 17, ""invalid_future_geometry_or_state"": 1, ""no_right_hand"": 65}",-6.899169996650016,46.60949999903096,56.899169996650016,62.09130000002915,0.0,"[0.3054846290667144, 0.32310977706809874, 0.3359632071924476, 0.3714807116725728, 0.2543166796663796, 0.24024061717641063, 0.3351222297083889, 0.38586306827289546, 0.07049637170186346]","[0.6493074733064449, 0.7, 0.6872761200746735, 0.7014600207644149, 0.7776950233708374, 0.766542535056256, 0.7846653285674507, 0.7899221101100551, 0.14880234456672783]",10,10,0,18,0.0,39.99666666666696
historical_reevaluation,V6,jitter_drop,linear_pose_w2,100,300,224,12,0.25950610623292497,0.9336817686232781,0.12062975270854041,218,190,28,82,0,0.7266666666666667,0.6333333333333333,0.6333333333333333,"{""history_warmup"": 27, ""source_drop"": 17, ""invalid_future_geometry_or_state"": 1, ""no_right_hand"": 65}",43.100830003350175,46.60949999903096,56.899169996650016,62.09130000002915,0.0,"[0.3688042798191125, 0.40160771997585537, 0.57319582021254, 0.580614039677684, 0.3282163560879594, 0.36839284018907764, 0.48516194802099416, 0.43993715865878114, 0.11845589921117136]","[0.6906478605509367, 0.7, 0.8007703280236729, 0.8027925932926319, 0.7952091336804727, 0.7928137005207091, 0.8019490656018919, 0.8015946900379116, 0.23772564724524248]",10,10,0,24,16.0,156.11833333333337
historical_reevaluation,V6,jitter_drop,linear_pose_w2,150,300,221,12,0.2725571149630821,1.0,0.14538368939429974,218,186,32,82,0,0.7266666666666667,0.62,0.62,"{""history_warmup"": 27, ""source_drop"": 17, ""invalid_future_geometry_or_state"": 5, ""no_right_hand"": 65}",93.10083000335018,46.60949999903096,56.899169996650016,62.09130000002915,0.0,"[0.45952061537543115, 0.4916009221601084, 0.5083108434429975, 0.5166691301405949, 0.363222241129375, 0.3892657448518144, 0.49358016045161074, 0.614078649664092, 0.10834879804667744]","[0.7151412646656119, 0.7, 0.8189121660646976, 0.8260042283389595, 0.7952091336804727, 0.7928137005207091, 0.8104016913355838, 0.808510474729114, 0.25]",10,10,0,30,-31.983333333333576,136.03000000000006
historical_reevaluation,V6,compute_load,hold_channels,50,300,227,222,0.98893657973105,1.0,0.03159693574845226,5,0,5,295,159,0.016666666666666666,0.0,0.0,"{""deadline_miss"": 159, ""baseline_queue_replaced"": 82, ""no_right_hand"": 59}",-70.03786666944015,101.33429999031932,120.03786666944015,131.45360000431538,0.0,,,10,0,10,0,,
historical_reevaluation,V6,compute_load,hold_channels,100,300,224,70,0.5703756285162503,1.0,0.13659952139039086,159,74,85,141,85,0.53,0.24666666666666667,0.24666666666666667,"{""deadline_miss"": 85, ""baseline_queue_replaced"": 82, ""no_right_hand"": 59}",-20.037866669440156,101.33429999031932,120.03786666944015,131.45360000431538,0.0,"[0.14019085628612205, 0.19374341782942409, 0.09882646451656445, 0.10541924547179883, 0.10655216349129815, 0.08822411527551768, 0.16585331523226718, 0.16244991174858828, 0.030643189149322937]","[0.40343782040529474, 0.5674157858442603, 0.2984753884159719, 0.31645006373669715, 0.3123422492572242, 0.33434577045974434, 0.40387388513043077, 0.5411388960429679, 0.08206552908054265]",10,6,4,54,111.98333333333358,187.05833333333317
historical_reevaluation,V6,compute_load,hold_channels,150,300,221,68,0.572316732115451,1.0,0.1693463722575107,159,159,0,141,0,0.53,0.53,0.53,"{""baseline_queue_replaced"": 82, ""no_right_hand"": 59}",29.962133330559844,101.33429999031932,120.03786666944015,131.45360000431538,0.0,"[0.14019085628612205, 0.19374341782942409, 0.09882646451656445, 0.10541924547179883, 0.10655216349129815, 0.08822411527551768, 0.16585331523226718, 0.16244991174858828, 0.030643189149322937]","[0.40343782040529474, 0.5674157858442603, 0.2984753884159719, 0.31645006373669715, 0.3123422492572242, 0.33434577045974434, 0.40387388513043077, 0.5411388960429679, 0.08206552908054265]",10,6,4,54,143.9666666666676,219.05833333333305
historical_reevaluation,V6,compute_load,hold_pose,50,300,227,222,0.98893657973105,1.0,0.03159693574845226,5,0,5,295,159,0.016666666666666666,0.0,0.0,"{""deadline_miss"": 120, ""baseline_queue_replaced"": 82, ""history_reset_before_ready"": 39, ""no_right_hand"": 59}",-99.1383000106021,123.67426666959454,149.1383000106021,164.5945000105712,24.431030005987843,,,10,0,10,0,,
historical_reevaluation,V6,compute_load,hold_pose,100,300,224,70,0.5703756285162503,1.0,0.13659952139039086,159,7,152,141,152,0.53,0.023333333333333334,0.023333333333333334,"{""deadline_miss"": 113, ""baseline_queue_replaced"": 82, ""history_reset_before_ready"": 39, ""no_right_hand"": 59}",-49.138300010602094,123.67426666959454,149.1383000106021,164.5945000105712,24.431030005987843,"[0.14019085628612205, 0.19374341782942409, 0.09882646451656445, 0.10541924547179883, 0.10655216349129815, 0.08822411527551768, 0.16585331523226718, 0.16244991174858828, 0.030643189149322937]","[0.40343782040529474, 0.5674157858442603, 0.2984753884159719, 0.31645006373669715, 0.3123422492572242, 0.33434577045974434, 0.40387388513043077, 0.5411388960429679, 0.08206552908054265]",10,5,5,50,112.00000000000182,190.98666666666648
historical_reevaluation,V6,compute_load,hold_pose,150,300,221,68,0.572316732115451,1.0,0.1693463722575107,159,120,39,141,7,0.53,0.4,0.4,"{""baseline_queue_replaced"": 82, ""history_reset_before_ready"": 39, ""no_right_hand"": 59}",0.8616999893979028,123.67426666959454,149.1383000106021,164.5945000105712,24.431030005987843,"[0.14019085628612205, 0.19374341782942409, 0.09882646451656445, 0.10541924547179883, 0.10655216349129815, 0.08822411527551768, 0.16585331523226718, 0.16244991174858828, 0.030643189149322937]","[0.40343782040529474, 0.5674157858442603, 0.2984753884159719, 0.31645006373669715, 0.3123422492572242, 0.33434577045974434, 0.40387388513043077, 0.5411388960429679, 0.08206552908054265]",10,5,5,0,127.96666666666715,128.0
historical_reevaluation,V6,compute_load,linear_pose_w2,50,300,227,222,0.98893657973105,1.0,0.03159693574845226,5,0,5,295,154,0.016666666666666666,0.0,0.0,"{""history_warmup"": 132, ""deadline_miss"": 22, ""baseline_queue_replaced"": 82, ""history_reset_before_ready"": 5, ""no_right_hand"": 59}",-79.36162665385554,103.62356667303538,129.3616266538555,142.9542999984924,0.0,,,10,0,10,0,,
historical_reevaluation,V6,compute_load,linear_pose_w2,100,300,224,70,0.5703756285162503,1.0,0.13659952139039086,159,0,159,141,26,0.53,0.0,0.0,"{""history_warmup"": 132, ""deadline_miss"": 21, ""baseline_queue_replaced"": 82, ""history_reset_before_ready"": 5, ""invalid_future_geometry_or_state"": 1, ""no_right_hand"": 59}",-29.361626653855534,103.62356667303538,129.3616266538555,142.9542999984924,0.0,"[0.14019085628612205, 0.19374341782942409, 0.09882646451656445, 0.10541924547179883, 0.10655216349129815, 0.08822411527551768, 0.16585331523226718, 0.16244991174858828, 0.030643189149322937]","[0.40343782040529474, 0.5674157858442603, 0.2984753884159719, 0.31645006373669715, 0.3123422492572242, 0.33434577045974434, 0.40387388513043077, 0.5411388960429679, 0.08206552908054265]",10,6,4,54,111.98333333333358,187.05833333333317
historical_reevaluation,V6,compute_load,linear_pose_w2,150,300,221,68,0.5724826384654789,1.0,0.1701544486234493,159,20,139,141,0,0.53,0.06666666666666667,0.06666666666666667,"{""history_warmup"": 132, ""baseline_queue_replaced"": 82, ""history_reset_before_ready"": 5, ""invalid_future_geometry_or_state"": 2, ""no_right_hand"": 59}",20.638373346144466,103.62356667303538,129.3616266538555,142.9542999984924,0.0,"[0.32582875364425323, 0.3317902941368824, 0.2674721648772636, 0.25531229647352877, 0.2375007545439601, 0.2194559472187114, 0.3477658686392058, 0.48092089382509895, 0.07642204115071903]","[0.48496378972221293, 0.5674157858442603, 0.5083108434429975, 0.5166691301405949, 0.363222241129375, 0.36800941143902643, 0.5150022630241168, 0.6280804819927823, 0.10834879804667744]",10,7,3,55,142.60000000000014,210.28000000000017
historical_reevaluation,V7,algorithm_only,hold_channels,50,300,298,0,0.08167358299399843,0.13330274840087178,0.08167358299399843,300,300,0,0,0,1.0,1.0,1.0,{},50.0,0.0,0.0,0.0,0.0,"[0.07652118969622954, 0.08379922614489106, 0.14615545117430281, 0.14245274131594934, 0.08423035124049649, 0.08614841888383025, 0.08620856379499726, 0.06401084457935194, 0.025091831057809617]","[0.5125843815825748, 0.4894362369874361, 0.4766091308211579, 0.4972728837377245, 0.6078169186815172, 0.6146198785862873, 0.68570269850218, 0.7706113096898223, 0.25]",14,14,0,1,32.03333333333421,46.566666666666016
historical_reevaluation,V7,algorithm_only,hold_channels,100,300,296,0,0.15145648120204905,0.448437847794636,0.15145648120204905,300,300,0,0,0,1.0,1.0,1.0,{},100.0,0.0,0.0,0.0,0.0,"[0.07652118969622954, 0.08379922614489106, 0.14615545117430281, 0.14245274131594934, 0.08423035124049649, 0.08614841888383025, 0.08620856379499726, 0.06401084457935194, 0.025091831057809617]","[0.5125843815825748, 0.4894362369874361, 0.4766091308211579, 0.4972728837377245, 0.6078169186815172, 0.6146198785862873, 0.68570269850218, 0.7706113096898223, 0.25]",14,14,0,1,96.08333333333309,111.9333333333334
historical_reevaluation,V7,algorithm_only,hold_channels,150,300,295,0,0.1896953873108916,0.5515200965265928,0.1896953873108916,300,300,0,0,0,1.0,1.0,1.0,{},150.0,0.0,0.0,0.0,0.0,"[0.07652118969622954, 0.08379922614489106, 0.14615545117430281, 0.14245274131594934, 0.08423035124049649, 0.08614841888383025, 0.08620856379499726, 0.06401084457935194, 0.025091831057809617]","[0.5125843815825748, 0.4894362369874361, 0.4766091308211579, 0.4972728837377245, 0.6078169186815172, 0.6146198785862873, 0.68570269850218, 0.7706113096898223, 0.25]",14,14,0,1,128.06666666666752,143.9333333333334
historical_reevaluation,V7,algorithm_only,hold_pose,50,300,298,0,0.08178122034694749,0.1429036354151632,0.08178122034694749,300,300,0,0,0,1.0,1.0,1.0,{},50.0,0.0,0.0,0.0,0.0,"[0.07168626043445606, 0.08379922614489106, 0.14615545117430281, 0.14245274131594934, 0.08423035124049649, 0.08614841888383025, 0.10565557445837846, 0.05952809137904698, 0.0172668324975157]","[0.5125843815825748, 0.4894362369874361, 0.4766091308211579, 0.4972728837377245, 0.6078169186815172, 0.6146198785862873, 0.68570269850218, 0.7706113096898223, 0.2107001334381574]",14,14,0,0,0.0,32.48833333333319
historical_reevaluation,V7,algorithm_only,hold_pose,100,300,296,0,0.15162684988627123,0.448437847794636,0.15162684988627123,300,300,0,0,0,1.0,1.0,1.0,{},100.0,0.0,0.0,0.0,0.0,"[0.07168626043445606, 0.08379922614489106, 0.14615545117430281, 0.14245274131594934, 0.08423035124049649, 0.08614841888383025, 0.10565557445837846, 0.05952809137904698, 0.0172668324975157]","[0.5125843815825748, 0.4894362369874361, 0.4766091308211579, 0.4972728837377245, 0.6078169186815172, 0.6146198785862873, 0.68570269850218, 0.7706113096898223, 0.2107001334381574]",14,14,0,0,78.59999999999991,101.60666666666636
historical_reevaluation,V7,algorithm_only,hold_pose,150,300,295,0,0.18984403746492717,0.5515200965265928,0.18984403746492717,300,300,0,0,0,1.0,1.0,1.0,{},150.0,0.0,0.0,0.0,0.0,"[0.07168626043445606, 0.08379922614489106, 0.14615545117430281, 0.14245274131594934, 0.08423035124049649, 0.08614841888383025, 0.10565557445837846, 0.05952809137904698, 0.0172668324975157]","[0.5125843815825748, 0.4894362369874361, 0.4766091308211579, 0.4972728837377245, 0.6078169186815172, 0.6146198785862873, 0.68570269850218, 0.7706113096898223, 0.2107001334381574]",14,14,0,0,110.59999999999991,133.6200000000004
historical_reevaluation,V7,algorithm_only,linear_pose_w2,50,300,298,0,0.03952676760001347,0.049982918861881415,0.03952676760001347,300,298,2,0,0,1.0,0.9933333333333333,0.9933333333333333,"{""history_warmup"": 2}",50.0,0.0,0.0,0.0,0.0,"[0.09022746088106755, 0.07933678229357359, 0.11217130583824467, 0.1244840330466107, 0.0715337212404156, 0.07085727023315327, 0.0758319462676676, 0.03442703192852687, 0.020146129785437204]","[0.535906601702461, 0.5678875077893017, 0.5627723479320723, 0.6069323058067454, 0.7220986864962861, 0.7071546150431905, 0.7688890042205389, 0.7745455489077135, 0.25]",14,14,0,1,0.0,32.46666666666624
historical_reevaluation,V7,algorithm_only,linear_pose_w2,100,300,296,0,0.1036820155177292,0.257787248362179,0.1036820155177292,300,297,3,0,0,1.0,0.99,0.99,"{""history_warmup"": 2, ""invalid_future_geometry_or_state"": 1}",100.0,0.0,0.0,0.0,0.0,"[0.19463739220493292, 0.15528279540415815, 0.25468794762037866, 0.24359114928080808, 0.22643328313708197, 0.20533441015725637, 0.1464367094214371, 0.23212376805432408, 0.036019992052270626]","[0.539948290505489, 0.5089200966366171, 0.54302617328325, 0.535283180071475, 0.6078169186815172, 0.6146198785862873, 0.7405276292633902, 0.7706113096898223, 0.19414878402932]",14,14,0,5,31.999999999999773,64.49833333333248
historical_reevaluation,V7,algorithm_only,linear_pose_w2,150,300,295,0,0.1370933663050907,0.40956886315012847,0.1370933663050907,300,295,5,0,0,1.0,0.9833333333333333,0.9833333333333333,"{""history_warmup"": 2, ""invalid_future_geometry_or_state"": 3}",150.0,0.0,0.0,0.0,0.0,"[0.33706524057564663, 0.374670048901612, 0.3053975586074546, 0.2850561455730549, 0.25056280130334, 0.23160899766209872, 0.2794685239559412, 0.4731279983514179, 0.09999488463414817]","[0.5319276074972898, 0.67078720444312, 0.6136589492319069, 0.5655807859862181, 0.6078169186815172, 0.6146198785862873, 0.68570269850218, 0.7706113096898223, 0.19581447659766768]",14,14,0,15,48.649999999999636,96.50999999999961
historical_reevaluation,V7,nominal,hold_channels,50,300,298,0,0.08167358299399843,0.13330274840087178,0.08167358299399843,300,300,0,0,0,1.0,1.0,1.0,{},25.545979999333213,23.022800000035204,24.454020000666787,31.247099999745842,0.0,"[0.07652118969622954, 0.08379922614489106, 0.14615545117430281, 0.14245274131594934, 0.08423035124049649, 0.08614841888383025, 0.08620856379499726, 0.06401084457935194, 0.025091831057809617]","[0.5125843815825748, 0.4894362369874361, 0.4766091308211579, 0.4972728837377245, 0.6078169186815172, 0.6146198785862873, 0.68570269850218, 0.7706113096898223, 0.25]",14,14,0,1,32.03333333333421,46.566666666666016
historical_reevaluation,V7,nominal,hold_channels,100,300,296,0,0.15145648120204905,0.448437847794636,0.15145648120204905,300,300,0,0,0,1.0,1.0,1.0,{},75.54597999933321,23.022800000035204,24.454020000666787,31.247099999745842,0.0,"[0.07652118969622954, 0.08379922614489106, 0.14615545117430281, 0.14245274131594934, 0.08423035124049649, 0.08614841888383025, 0.08620856379499726, 0.06401084457935194, 0.025091831057809617]","[0.5125843815825748, 0.4894362369874361, 0.4766091308211579, 0.4972728837377245, 0.6078169186815172, 0.6146198785862873, 0.68570269850218, 0.7706113096898223, 0.25]",14,14,0,1,96.08333333333309,111.9333333333334
historical_reevaluation,V7,nominal,hold_channels,150,300,295,0,0.1896953873108916,0.5515200965265928,0.1896953873108916,300,300,0,0,0,1.0,1.0,1.0,{},125.54597999933321,23.022800000035204,24.454020000666787,31.247099999745842,0.0,"[0.07652118969622954, 0.08379922614489106, 0.14615545117430281, 0.14245274131594934, 0.08423035124049649, 0.08614841888383025, 0.08620856379499726, 0.06401084457935194, 0.025091831057809617]","[0.5125843815825748, 0.4894362369874361, 0.4766091308211579, 0.4972728837377245, 0.6078169186815172, 0.6146198785862873, 0.68570269850218, 0.7706113096898223, 0.25]",14,14,0,1,128.06666666666752,143.9333333333334
historical_reevaluation,V7,nominal,hold_pose,50,300,298,0,0.08178122034694749,0.1429036354151632,0.08178122034694749,300,299,1,0,1,1.0,0.9966666666666667,0.9966666666666667,"{""deadline_miss"": 1}",12.046654999357997,36.32400000242342,37.953345000642,71.38820000182022,0.0,"[0.07168626043445606, 0.08379922614489106, 0.14615545117430281, 0.14245274131594934, 0.08423035124049649, 0.08614841888383025, 0.10565557445837846, 0.05952809137904698, 0.0172668324975157]","[0.5125843815825748, 0.4894362369874361, 0.4766091308211579, 0.4972728837377245, 0.6078169186815172, 0.6146198785862873, 0.68570269850218, 0.7706113096898223, 0.2107001334381574]",14,14,0,0,0.0,32.48833333333319
historical_reevaluation,V7,nominal,hold_pose,100,300,296,0,0.15162684988627123,0.448437847794636,0.15162684988627123,300,300,0,0,0,1.0,1.0,1.0,{},62.046654999358,36.32400000242342,37.953345000642,71.38820000182022,0.0,"[0.07168626043445606, 0.08379922614489106, 0.14615545117430281, 0.14245274131594934, 0.08423035124049649, 0.08614841888383025, 0.10565557445837846, 0.05952809137904698, 0.0172668324975157]","[0.5125843815825748, 0.4894362369874361, 0.4766091308211579, 0.4972728837377245, 0.6078169186815172, 0.6146198785862873, 0.68570269850218, 0.7706113096898223, 0.2107001334381574]",14,14,0,0,78.59999999999991,101.60666666666636
historical_reevaluation,V7,nominal,hold_pose,150,300,295,0,0.18984403746492717,0.5515200965265928,0.18984403746492717,300,300,0,0,0,1.0,1.0,1.0,{},112.046654999358,36.32400000242342,37.953345000642,71.38820000182022,0.0,"[0.07168626043445606, 0.08379922614489106, 0.14615545117430281, 0.14245274131594934, 0.08423035124049649, 0.08614841888383025, 0.10565557445837846, 0.05952809137904698, 0.0172668324975157]","[0.5125843815825748, 0.4894362369874361, 0.4766091308211579, 0.4972728837377245, 0.6078169186815172, 0.6146198785862873, 0.68570269850218, 0.7706113096898223, 0.2107001334381574]",14,14,0,0,110.59999999999991,133.6200000000004
historical_reevaluation,V7,nominal,linear_pose_w2,50,300,298,0,0.03952676760001347,0.049982918861881415,0.03952676760001347,300,298,2,0,0,1.0,0.9933333333333333,0.9933333333333333,"{""history_warmup"": 2}",12.069029998929182,36.3310500015359,37.93097000107082,39.93070000069565,0.0,"[0.09022746088106755, 0.07933678229357359, 0.11217130583824467, 0.1244840330466107, 0.0715337212404156, 0.07085727023315327, 0.0758319462676676, 0.03442703192852687, 0.020146129785437204]","[0.535906601702461, 0.5678875077893017, 0.5627723479320723, 0.6069323058067454, 0.7220986864962861, 0.7071546150431905, 0.7688890042205389, 0.7745455489077135, 0.25]",14,14,0,1,0.0,32.46666666666624
historical_reevaluation,V7,nominal,linear_pose_w2,100,300,296,0,0.1036820155177292,0.257787248362179,0.1036820155177292,300,297,3,0,0,1.0,0.99,0.99,"{""history_warmup"": 2, ""invalid_future_geometry_or_state"": 1}",62.06902999892918,36.3310500015359,37.93097000107082,39.93070000069565,0.0,"[0.19463739220493292, 0.15528279540415815, 0.25468794762037866, 0.24359114928080808, 0.22643328313708197, 0.20533441015725637, 0.1464367094214371, 0.23212376805432408, 0.036019992052270626]","[0.539948290505489, 0.5089200966366171, 0.54302617328325, 0.535283180071475, 0.6078169186815172, 0.6146198785862873, 0.7405276292633902, 0.7706113096898223, 0.19414878402932]",14,14,0,5,31.999999999999773,64.49833333333248
historical_reevaluation,V7,nominal,linear_pose_w2,150,300,295,0,0.1370933663050907,0.40956886315012847,0.1370933663050907,300,295,5,0,0,1.0,0.9833333333333333,0.9833333333333333,"{""history_warmup"": 2, ""invalid_future_geometry_or_state"": 3}",112.06902999892918,36.3310500015359,37.93097000107082,39.93070000069565,0.0,"[0.33706524057564663, 0.374670048901612, 0.3053975586074546, 0.2850561455730549, 0.25056280130334, 0.23160899766209872, 0.2794685239559412, 0.4731279983514179, 0.09999488463414817]","[0.5319276074972898, 0.67078720444312, 0.6136589492319069, 0.5655807859862181, 0.6078169186815172, 0.6146198785862873, 0.68570269850218, 0.7706113096898223, 0.19581447659766768]",14,14,0,15,48.649999999999636,96.50999999999961
historical_reevaluation,V7,jitter_drop,hold_channels,50,300,298,17,0.2524081795112023,1.0,0.08405952278230956,283,283,0,17,0,0.9433333333333334,0.9433333333333334,0.9433333333333334,"{""source_drop"": 17}",6.273179997224361,33.38740000050166,43.72682000277564,44.79540000058478,0.0,"[0.0930759626358488, 0.08660185448638187, 0.14947897493963913, 0.15443626082933162, 0.09500676129520971, 0.0903485715755621, 0.10101984362394027, 0.07981832997506719, 0.02601568845030038]","[0.5125843815825748, 0.4894362369874361, 0.4766091308211579, 0.4972728837377245, 0.6078169186815172, 0.6146198785862873, 0.68570269850218, 0.7706113096898223, 0.25]",14,14,0,16,32.03333333333421,91.08833333333313
historical_reevaluation,V7,jitter_drop,hold_channels,100,300,296,17,0.28327487519032823,1.0,0.1555706094753044,283,283,0,17,0,0.9433333333333334,0.9433333333333334,0.9433333333333334,"{""source_drop"": 17}",56.27317999722436,33.38740000050166,43.72682000277564,44.79540000058478,0.0,"[0.0930759626358488, 0.08660185448638187, 0.14947897493963913, 0.15443626082933162, 0.09500676129520971, 0.0903485715755621, 0.10101984362394027, 0.07981832997506719, 0.02601568845030038]","[0.5125843815825748, 0.4894362369874361, 0.4766091308211579, 0.4972728837377245, 0.6078169186815172, 0.6146198785862873, 0.68570269850218, 0.7706113096898223, 0.25]",14,14,0,16,96.08333333333309,155.11999999999992
historical_reevaluation,V7,jitter_drop,hold_channels,150,300,295,17,0.3028288080888906,1.0,0.19016331174798026,283,283,0,17,0,0.9433333333333334,0.9433333333333334,0.9433333333333334,"{""source_drop"": 17}",106.27317999722436,33.38740000050166,43.72682000277564,44.79540000058478,0.0,"[0.0930759626358488, 0.08660185448638187, 0.14947897493963913, 0.15443626082933162, 0.09500676129520971, 0.0903485715755621, 0.10101984362394027, 0.07981832997506719, 0.02601568845030038]","[0.5125843815825748, 0.4894362369874361, 0.4766091308211579, 0.4972728837377245, 0.6078169186815172, 0.6146198785862873, 0.68570269850218, 0.7706113096898223, 0.25]",14,14,0,16,128.06666666666752,187.1549999999994
historical_reevaluation,V7,jitter_drop,hold_pose,50,300,298,17,0.2524081795112023,1.0,0.08405952278230956,283,208,75,17,75,0.9433333333333334,0.6933333333333334,0.6933333333333334,"{""deadline_miss"": 75, ""source_drop"": 17}",-6.954429998877458,46.49980000045616,56.95442999887746,80.53509999605012,0.0,"[0.0930759626358488, 0.08660185448638187, 0.14947897493963913, 0.15443626082933162, 0.09500676129520971, 0.0903485715755621, 0.10101984362394027, 0.07981832997506719, 0.02601568845030038]","[0.5125843815825748, 0.4894362369874361, 0.4766091308211579, 0.4972728837377245, 0.6078169186815172, 0.6146198785862873, 0.68570269850218, 0.7706113096898223, 0.25]",14,14,0,3,31.98333333333335,49.631666666666916
historical_reevaluation,V7,jitter_drop,hold_pose,100,300,296,17,0.2833660015288059,1.0,0.1557465785011952,283,283,0,17,0,0.9433333333333334,0.9433333333333334,0.9433333333333334,"{""source_drop"": 17}",43.04557000112254,46.49980000045616,56.95442999887746,80.53509999605012,0.0,"[0.07360734175587838, 0.08660185448638187, 0.14947897493963913, 0.15443626082933162, 0.09500676129520971, 0.0903485715755621, 0.10848313064155901, 0.059574061717196036, 0.02080728074270866]","[0.5125843815825748, 0.4894362369874361, 0.4766091308211579, 0.4972728837377245, 0.6078169186815172, 0.6146198785862873, 0.68570269850218, 0.7706113096898223, 0.2107001334381574]",14,13,1,0,78.60000000000036,102.39333333333305
historical_reevaluation,V7,jitter_drop,hold_pose,150,300,295,17,0.3029219463863483,1.0,0.19032066043080764,283,283,0,17,0,0.9433333333333334,0.9433333333333334,0.9433333333333334,"{""source_drop"": 17}",93.04557000112254,46.49980000045616,56.95442999887746,80.53509999605012,0.0,"[0.07360734175587838, 0.08660185448638187, 0.14947897493963913, 0.15443626082933162, 0.09500676129520971, 0.0903485715755621, 0.10848313064155901, 0.059574061717196036, 0.02080728074270866]","[0.5125843815825748, 0.4894362369874361, 0.4766091308211579, 0.4972728837377245, 0.6078169186815172, 0.6146198785862873, 0.68570269850218, 0.7706113096898223, 0.2107001334381574]",14,13,1,0,110.60000000000036,134.41333333333367
historical_reevaluation,V7,jitter_drop,linear_pose_w2,50,300,298,17,0.24368815132983207,1.0,0.04978268430001273,283,185,98,17,65,0.9433333333333334,0.6166666666666667,0.6166666666666667,"{""history_warmup"": 33, ""deadline_miss"": 65, ""source_drop"": 17}",-7.099989999842364,46.2663000014436,57.099989999842364,58.5487000021385,0.0,"[0.10178815437809807, 0.09546131240326923, 0.13509802754323075, 0.1284314720215175, 0.08015228965185928, 0.07107287474590011, 0.07099262055476156, 0.03698706452434051, 0.02275113241755139]","[0.5910975381806621, 0.5829330761554548, 0.6021500425168742, 0.6459235572728074, 0.7927181124929941, 0.7890771687394911, 0.7949937023389335, 0.7959039382773092, 0.25]",14,14,0,17,31.98333333333312,49.631666666666916
historical_reevaluation,V7,jitter_drop,linear_pose_w2,100,300,296,17,0.26018771605106206,1.0,0.10435848892563622,283,249,34,17,0,0.9433333333333334,0.83,0.83,"{""history_warmup"": 33, ""source_drop"": 17, ""invalid_future_geometry_or_state"": 1}",42.900010000157636,46.2663000014436,57.099989999842364,58.5487000021385,0.0,"[0.18481226226351516, 0.14970726573390397, 0.2517374944382538, 0.23831429968834006, 0.15095217635230287, 0.1617560706238964, 0.1456957348313235, 0.2216457392955076, 0.03554774407285466]","[0.5765778856839415, 0.5444925112655243, 0.5837301002154364, 0.5797029699998747, 0.6078169186815172, 0.6146198785862873, 0.7405276292633902, 0.7706113096898223, 0.19082156393534405]",14,14,0,20,31.999999999999773,64.49833333333248
historical_reevaluation,V7,jitter_drop,linear_pose_w2,150,300,295,17,0.27229933160784314,1.0,0.13240094937950286,283,247,36,17,0,0.9433333333333334,0.8233333333333334,0.8233333333333334,"{""history_warmup"": 33, ""source_drop"": 17, ""invalid_future_geometry_or_state"": 3}",92.90001000015764,46.2663000014436,57.099989999842364,58.5487000021385,0.0,"[0.3347660699157406, 0.37300890614945187, 0.30326222646913525, 0.2828098654697708, 0.25353312720629617, 0.24279877352272464, 0.2794685239559412, 0.47649614638868887, 0.09946904163985382]","[0.5765778856839415, 0.67078720444312, 0.6012686149864405, 0.5797029699998747, 0.6078169186815172, 0.6146198785862873, 0.68570269850218, 0.7706113096898223, 0.19082156393534405]",14,14,0,29,48.649999999999636,96.50999999999961
historical_reevaluation,V7,compute_load,hold_channels,50,300,298,280,0.9694217048958214,1.0,0.054759927101041675,18,0,18,282,209,0.06,0.0,0.0,"{""deadline_miss"": 209, ""baseline_queue_replaced"": 91}",-65.52727997734874,100.08336664537637,115.52727997734874,126.26763330675476,0.0,,,14,0,14,0,,
historical_reevaluation,V7,compute_load,hold_channels,100,300,296,90,0.5647703827357519,1.0,0.14637717644961254,209,104,105,91,105,0.6966666666666667,0.3466666666666667,0.3466666666666667,"{""deadline_miss"": 105, ""baseline_queue_replaced"": 91}",-15.527279977348735,100.08336664537637,115.52727997734874,126.26763330675476,0.0,"[0.13773801297554414, 0.18849487152979516, 0.20372093056006102, 0.18203130855673486, 0.10456216443658686, 0.11480325848095797, 0.12149047546915537, 0.1457507322284459, 0.03156338595462486]","[0.49329164041920753, 0.4775471237075928, 0.456469380451905, 0.4775450055289539, 0.6078169186815172, 0.6146198785862873, 0.68570269850218, 0.7706113096898223, 0.1452629485000828]",14,7,7,78,128.03333333333376,160.9799999999986
historical_reevaluation,V7,compute_load,hold_channels,150,300,295,90,0.5730865940163165,1.0,0.18328083277909327,209,209,0,91,0,0.6966666666666667,0.6966666666666667,0.6966666666666667,"{""baseline_queue_replaced"": 91}",34.472720022651266,100.08336664537637,115.52727997734874,126.26763330675476,0.0,"[0.13773801297554414, 0.18849487152979516, 0.20372093056006102, 0.18203130855673486, 0.10456216443658686, 0.11480325848095797, 0.12149047546915537, 0.1457507322284459, 0.03156338595462486]","[0.49329164041920753, 0.4775471237075928, 0.456469380451905, 0.4775450055289539, 0.6078169186815172, 0.6146198785862873, 0.68570269850218, 0.7706113096898223, 0.1452629485000828]",14,7,7,78,160.0,187.72333333333347
historical_reevaluation,V7,compute_load,hold_pose,50,300,298,280,0.9694217048958214,1.0,0.054759927101041675,18,0,18,282,209,0.06,0.0,0.0,"{""deadline_miss"": 121, ""history_reset_before_ready"": 87, ""baseline_queue_replaced"": 91, ""prediction_queue_replaced"": 1}",-110.88532665384253,130.27509998217874,160.88532665384253,176.51749998495143,41.94044501752795,,,14,0,14,0,,
historical_reevaluation,V7,compute_load,hold_pose,100,300,296,90,0.5647703827357519,1.0,0.14637717644961254,209,6,203,91,202,0.6966666666666667,0.02,0.02,"{""deadline_miss"": 115, ""history_reset_before_ready"": 87, ""baseline_queue_replaced"": 91, ""prediction_queue_replaced"": 1}",-60.885326653842526,130.27509998217874,160.88532665384253,176.51749998495143,41.94044501752795,"[0.13773801297554414, 0.18849487152979516, 0.20372093056006102, 0.18203130855673486, 0.10456216443658686, 0.11480325848095797, 0.12149047546915537, 0.1457507322284459, 0.03156338595462486]","[0.49329164041920753, 0.4775471237075928, 0.456469380451905, 0.4775450055289539, 0.6078169186815172, 0.6146198785862873, 0.68570269850218, 0.7706113096898223, 0.1452629485000828]",14,7,7,72,128.03333333333376,160.9799999999986
historical_reevaluation,V7,compute_load,hold_pose,150,300,295,90,0.5731563304834902,1.0,0.18359436805384313,209,113,96,91,31,0.6966666666666667,0.37666666666666665,0.37666666666666665,"{""history_reset_before_ready"": 87, ""baseline_queue_replaced"": 91, ""deadline_miss"": 8, ""prediction_queue_replaced"": 1}",-10.885326653842526,130.27509998217874,160.88532665384253,176.51749998495143,41.94044501752795,"[0.17655592449749405, 0.1816161935845107, 0.18642802529364066, 0.17193458104386755, 0.11321586161216417, 0.12247643045335987, 0.1407018689480245, 0.19580691370436307, 0.03156338595462486]","[0.49329164041920753, 0.4775471237075928, 0.456469380451905, 0.4775450055289539, 0.6078169186815172, 0.6146198785862873, 0.68570269850218, 0.7706113096898223, 0.19336143358957297]",14,4,10,4,103.33333333333303,125.44666666666663
historical_reevaluation,V7,compute_load,linear_pose_w2,50,300,298,280,0.9694217048958214,1.0,0.054759927101041675,18,0,18,282,191,0.06,0.0,0.0,"{""history_warmup"": 172, ""deadline_miss"": 22, ""history_reset_before_ready"": 15, ""baseline_queue_replaced"": 91}",-79.35432664028959,100.56279997167803,129.35432664028957,139.0316333095443,1.06580000006943,,,14,0,14,0,,
historical_reevaluation,V7,compute_load,linear_pose_w2,100,300,296,90,0.5647703827357519,1.0,0.14637717644961254,209,1,208,91,36,0.6966666666666667,0.0033333333333333335,0.0033333333333333335,"{""history_warmup"": 172, ""deadline_miss"": 21, ""history_reset_before_ready"": 15, ""baseline_queue_replaced"": 91}",-29.35432664028958,100.56279997167803,129.35432664028957,139.0316333095443,1.06580000006943,"[0.13773801297554414, 0.18849487152979516, 0.20372093056006102, 0.18203130855673486, 0.10456216443658686, 0.11480325848095797, 0.12149047546915537, 0.1457507322284459, 0.03156338595462486]","[0.49329164041920753, 0.4775471237075928, 0.456469380451905, 0.4775450055289539, 0.6078169186815172, 0.6146198785862873, 0.68570269850218, 0.7706113096898223, 0.1452629485000828]",14,7,7,78,128.03333333333376,160.9799999999986
historical_reevaluation,V7,compute_load,linear_pose_w2,150,300,295,90,0.5717130982814287,1.0,0.17700049180353922,209,22,187,91,0,0.6966666666666667,0.07333333333333333,0.07333333333333333,"{""history_warmup"": 172, ""history_reset_before_ready"": 15, ""baseline_queue_replaced"": 91}",20.64567335971042,100.56279997167803,129.35432664028957,139.0316333095443,1.06580000006943,"[0.32587509948360255, 0.2935917046195067, 0.2926459795974425, 0.28542105817308555, 0.22940218252928168, 0.2167501171489337, 0.17717426252530052, 0.19580691370436307, 0.06310066554995268]","[0.5765778856839415, 0.5444925112655243, 0.5837301002154364, 0.5797029699998747, 0.6078169186815172, 0.6146198785862873, 0.68570269850218, 0.7706113096898223, 0.19082156393534405]",14,9,5,78,142.6333333333332,185.85333333333347
