delay_ms,jitter_ms,loss_rate,sequence_id,subject,source_packets,lost_packets,evaluated_ticks,prediction_available_fraction,horizon_clamped_fraction,hold_rmse,raw_rmse,gated_rmse,gated_rmse_improvement_percent
0.0,0.0,0.0,subject4_h1_0_cam4_segment000,subject4,467,0,467,1.0,0.0,0.0,0.0,0.0,
0.0,0.0,0.0,subject4_h1_1_cam4_segment000,subject4,970,0,970,1.0,0.0,0.0,0.0,0.0,
0.0,0.0,0.0,subject4_h1_2_cam4_segment000,subject4,530,0,530,1.0,0.0,0.0,0.0,0.0,
0.0,0.0,0.0,subject4_h1_3_cam4_segment000,subject4,753,0,753,1.0,0.0,0.0,0.0,0.0,
0.0,0.0,0.0,subject4_h1_4_cam4_segment000,subject4,234,0,234,1.0,0.0,0.0,0.0,0.0,
0.0,0.0,0.0,subject4_h1_4_cam4_segment001,subject4,371,0,371,1.0,0.0,0.0,0.0,0.0,
0.0,0.0,0.0,subject4_h1_5_cam4_segment000,subject4,437,0,437,1.0,0.0,0.0,0.0,0.0,
0.0,0.0,0.0,subject4_h1_6_cam4_segment000,subject4,658,0,658,1.0,0.0,0.0,0.0,0.0,
0.0,0.0,0.0,subject4_h1_7_cam4_segment000,subject4,550,0,550,1.0,0.0,0.0,0.0,0.0,
0.0,0.0,0.0,subject4_h2_0_cam4_segment000,subject4,464,0,464,1.0,0.0,0.0,0.0,0.0,
0.0,0.0,0.0,subject4_h2_1_cam4_segment000,subject4,806,0,806,1.0,0.0,0.0,0.0,0.0,
0.0,0.0,0.0,subject4_h2_2_cam4_segment000,subject4,544,0,544,1.0,0.0,0.0,0.0,0.0,
0.0,0.0,0.0,subject4_h2_3_cam4_segment000,subject4,794,0,794,1.0,0.0,0.0,0.0,0.0,
0.0,0.0,0.0,subject4_h2_4_cam4_segment000,subject4,266,0,266,1.0,0.0,0.0,0.0,0.0,
0.0,0.0,0.0,subject4_h2_4_cam4_segment001,subject4,213,0,213,1.0,0.0,0.0,0.0,0.0,
0.0,0.0,0.0,subject4_h2_5_cam4_segment000,subject4,608,0,608,1.0,0.0,0.0,0.0,0.0,
0.0,0.0,0.0,subject4_h2_6_cam4_segment000,subject4,527,0,527,1.0,0.0,0.0,0.0,0.0,
0.0,0.0,0.0,subject4_h2_7_cam4_segment000,subject4,731,0,731,1.0,0.0,0.0,0.0,0.0,
0.0,0.0,0.0,subject4_k1_0_cam4_segment000,subject4,514,0,514,1.0,0.0,0.0,0.0,0.0,
0.0,0.0,0.0,subject4_k1_1_cam4_segment000,subject4,802,0,802,1.0,0.0,0.0,0.0,0.0,
0.0,0.0,0.0,subject4_k1_2_cam4_segment000,subject4,810,0,810,1.0,0.0,0.0,0.0,0.0,
0.0,0.0,0.0,subject4_k1_3_cam4_segment000,subject4,304,0,304,1.0,0.0,0.0,0.0,0.0,
0.0,0.0,0.0,subject4_k1_3_cam4_segment001,subject4,176,0,176,1.0,0.0,0.0,0.0,0.0,
0.0,0.0,0.0,subject4_k1_4_cam4_segment000,subject4,659,0,659,1.0,0.0,0.0,0.0,0.0,
0.0,0.0,0.0,subject4_k1_5_cam4_segment000,subject4,427,0,427,1.0,0.0,0.0,0.0,0.0,
0.0,0.0,0.0,subject4_k1_6_cam4_segment000,subject4,609,0,609,1.0,0.0,0.0,0.0,0.0,
0.0,0.0,0.0,subject4_k2_0_cam4_segment000,subject4,410,0,410,1.0,0.0,0.0,0.0,0.0,
0.0,0.0,0.0,subject4_k2_1_cam4_segment000,subject4,991,0,991,1.0,0.0,0.0,0.0,0.0,
0.0,0.0,0.0,subject4_k2_2_cam4_segment000,subject4,690,0,690,1.0,0.0,0.0,0.0,0.0,
0.0,0.0,0.0,subject4_k2_3_cam4_segment000,subject4,876,0,876,1.0,0.0,0.0,0.0,0.0,
0.0,0.0,0.0,subject4_k2_4_cam4_segment000,subject4,391,0,391,1.0,0.0,0.0,0.0,0.0,
0.0,0.0,0.0,subject4_k2_4_cam4_segment001,subject4,187,0,187,1.0,0.0,0.0,0.0,0.0,
0.0,0.0,0.0,subject4_k2_5_cam4_segment000,subject4,736,0,736,1.0,0.0,0.0,0.0,0.0,
0.0,0.0,0.0,subject4_k2_6_cam4_segment000,subject4,506,0,506,1.0,0.0,0.0,0.0,0.0,
0.0,0.0,0.0,subject4_k2_7_cam4_segment000,subject4,469,0,469,1.0,0.0,0.0,0.0,0.0,
0.0,0.0,0.0,subject4_o1_0_cam4_segment000,subject4,427,0,427,1.0,0.0,0.0,0.0,0.0,
0.0,0.0,0.0,subject4_o1_1_cam4_segment000,subject4,775,0,775,1.0,0.0,0.0,0.0,0.0,
0.0,0.0,0.0,subject4_o1_2_cam4_segment000,subject4,586,0,586,1.0,0.0,0.0,0.0,0.0,
0.0,0.0,0.0,subject4_o1_3_cam4_segment000,subject4,625,0,625,1.0,0.0,0.0,0.0,0.0,
0.0,0.0,0.0,subject4_o1_4_cam4_segment000,subject4,261,0,261,1.0,0.0,0.0,0.0,0.0,
0.0,0.0,0.0,subject4_o1_4_cam4_segment001,subject4,318,0,318,1.0,0.0,0.0,0.0,0.0,
0.0,0.0,0.0,subject4_o1_5_cam4_segment000,subject4,560,0,560,1.0,0.0,0.0,0.0,0.0,
0.0,0.0,0.0,subject4_o1_6_cam4_segment000,subject4,593,0,593,1.0,0.0,0.0,0.0,0.0,
0.0,0.0,0.0,subject4_o1_7_cam4_segment000,subject4,697,0,697,1.0,0.0,0.0,0.0,0.0,
0.0,0.0,0.0,subject4_o2_0_cam4_segment000,subject4,463,0,463,1.0,0.0,0.0,0.0,0.0,
0.0,0.0,0.0,subject4_o2_1_cam4_segment000,subject4,839,0,839,1.0,0.0,0.0,0.0,0.0,
0.0,0.0,0.0,subject4_o2_2_cam4_segment000,subject4,664,0,664,1.0,0.0,0.0,0.0,0.0,
0.0,0.0,0.0,subject4_o2_3_cam4_segment000,subject4,322,0,322,1.0,0.0,0.0,0.0,0.0,
0.0,0.0,0.0,subject4_o2_3_cam4_segment001,subject4,422,0,422,1.0,0.0,0.0,0.0,0.0,
0.0,0.0,0.0,subject4_o2_4_cam4_segment000,subject4,503,0,503,1.0,0.0,0.0,0.0,0.0,
0.0,0.0,0.0,subject4_o2_5_cam4_segment000,subject4,512,0,512,1.0,0.0,0.0,0.0,0.0,
0.0,0.0,0.0,subject4_o2_6_cam4_segment000,subject4,633,0,633,1.0,0.0,0.0,0.0,0.0,
0.0,0.0,0.01,subject4_h1_0_cam4_segment000,subject4,467,3,467,1.0,0.0,0.0010127493461351232,0.001032934058917298,0.0010168510709184725,-0.4050088799368154
0.0,0.0,0.01,subject4_h1_1_cam4_segment000,subject4,970,5,970,1.0,0.0,0.000991054498462843,0.0015577230772148337,0.0013946737254861318,-40.72623933893798
0.0,0.0,0.01,subject4_h1_2_cam4_segment000,subject4,530,6,530,1.0,0.0,0.023975464189339664,0.022725438519607895,0.023039738110055875,3.902848645157185
0.0,0.0,0.01,subject4_h1_3_cam4_segment000,subject4,753,7,753,1.0,0.0,0.0015623026742161642,0.0015814171816327098,0.001571817960318149,-0.6090552271990989
0.0,0.0,0.01,subject4_h1_4_cam4_segment000,subject4,234,2,234,1.0,0.0,0.002668192837939096,0.002352986134140231,0.0024292798113573584,8.954113930021386
0.0,0.0,0.01,subject4_h1_4_cam4_segment001,subject4,371,7,371,1.0,0.0,0.0014000218030749956,0.0014328974788975384,0.0014025168410856242,-0.1782142253176746
0.0,0.0,0.01,subject4_h1_5_cam4_segment000,subject4,437,7,437,1.0,0.0,0.009913449905322532,0.00988856251190436,0.009894189664845971,0.19428393405427738
0.0,0.0,0.01,subject4_h1_6_cam4_segment000,subject4,658,5,658,1.0,0.0,0.00028032042924421333,0.0004021354430297439,0.00034997749200708634,-24.84908536658533
0.0,0.0,0.01,subject4_h1_7_cam4_segment000,subject4,550,3,550,1.0,0.0,0.00031167375371782215,0.000304278137927659,0.00029908419614287774,4.039338386620302
0.0,0.0,0.01,subject4_h2_0_cam4_segment000,subject4,464,4,464,1.0,0.0,0.00039798141574958883,0.0003262043330962128,0.0003290636158453008,17.316838720844025
0.0,0.0,0.01,subject4_h2_1_cam4_segment000,subject4,806,5,806,1.0,0.0,0.00048362449031984564,0.00043958510739420045,0.00046793680306707233,3.24377436767072
0.0,0.0,0.01,subject4_h2_2_cam4_segment000,subject4,544,6,544,1.0,0.0,0.0003646982333256227,0.000342391492597166,0.0003163308419491864,13.262304819900578
0.0,0.0,0.01,subject4_h2_3_cam4_segment000,subject4,794,5,794,1.0,0.0,0.000618873104524959,0.0007141667856285571,0.000666541917391307,-7.7025180958442325
0.0,0.0,0.01,subject4_h2_4_cam4_segment000,subject4,266,2,266,1.0,0.0,0.000323899074537158,0.0003559029587219004,0.00033243678564896665,-2.635917105971593
0.0,0.0,0.01,subject4_h2_4_cam4_segment001,subject4,213,2,213,1.0,0.0,0.0010948489610280313,0.0010151466461953346,0.0009390003028644078,14.234717637881866
0.0,0.0,0.01,subject4_h2_5_cam4_segment000,subject4,608,4,608,1.0,0.0,0.0001832891556791277,0.00026319918814118567,0.0001915114305521983,-4.485958180452745
0.0,0.0,0.01,subject4_h2_6_cam4_segment000,subject4,527,7,527,1.0,0.0,0.0016781870199155018,0.0013577507786855557,0.0014870357232300085,11.390345320101328
0.0,0.0,0.01,subject4_h2_7_cam4_segment000,subject4,731,8,731,1.0,0.0,0.0008224783430217933,0.0011134792742226462,0.0010296027599207404,-25.182963011277593
0.0,0.0,0.01,subject4_k1_0_cam4_segment000,subject4,514,8,514,1.0,0.0,0.0027594350280196033,0.0025119153709477647,0.002560880789670566,7.195467055136137
0.0,0.0,0.01,subject4_k1_1_cam4_segment000,subject4,802,6,802,1.0,0.0,0.0005473687306065112,0.0005060806714033778,0.0004959406570189251,9.395508130433623
0.0,0.0,0.01,subject4_k1_2_cam4_segment000,subject4,810,7,810,1.0,0.0,0.0003353132397481658,0.0003773532695060528,0.0003313900036459439,1.1700212330322706
0.0,0.0,0.01,subject4_k1_3_cam4_segment000,subject4,304,4,304,1.0,0.0,0.001656902149368662,0.0015003659123173677,0.0015492900817921866,6.494775060644313
0.0,0.0,0.01,subject4_k1_3_cam4_segment001,subject4,176,0,176,1.0,0.0,0.0,0.0,0.0,
0.0,0.0,0.01,subject4_k1_4_cam4_segment000,subject4,659,6,659,1.0,0.0,0.017849170303486952,0.017842524357146762,0.017847524559275355,0.00922028410068521
0.0,0.0,0.01,subject4_k1_5_cam4_segment000,subject4,427,0,427,1.0,0.0,0.0,0.0,0.0,
0.0,0.0,0.01,subject4_k1_6_cam4_segment000,subject4,609,7,609,1.0,0.0,0.0007669963301858637,0.0008076652503927378,0.0007745796357508492,-0.9887016751628801
0.0,0.0,0.01,subject4_k2_0_cam4_segment000,subject4,410,4,410,1.0,0.0,0.0008229959451776,0.001216567617808489,0.00106081341961905,-28.896554817184402
0.0,0.0,0.01,subject4_k2_1_cam4_segment000,subject4,991,10,991,1.0,0.0,0.0010198018989042196,0.0009143426650400682,0.0009670132438157619,5.176363678590836
0.0,0.0,0.01,subject4_k2_2_cam4_segment000,subject4,690,5,690,1.0,0.0,0.0024883872897713023,0.002723631560540621,0.002658913784474652,-6.852892047966623
0.0,0.0,0.01,subject4_k2_3_cam4_segment000,subject4,876,10,876,1.0,0.0,0.001014342364816578,0.0008662693887723441,0.0008661135746836979,14.613289878677614
0.0,0.0,0.01,subject4_k2_4_cam4_segment000,subject4,391,4,391,1.0,0.0,0.0013565122395239606,0.0013706267695895683,0.0013532506250915623,0.24044120925461365
0.0,0.0,0.01,subject4_k2_4_cam4_segment001,subject4,187,3,187,1.0,0.0,0.022811724796892092,0.02247004240232707,0.02255194499039748,1.1387994937147636
0.0,0.0,0.01,subject4_k2_5_cam4_segment000,subject4,736,2,736,1.0,0.0,0.00028291251074982705,0.000283371562438574,0.00027720271783716443,2.0182185996403876
0.0,0.0,0.01,subject4_k2_6_cam4_segment000,subject4,506,10,506,1.0,0.0,0.0009427720342237108,0.0009200450458530328,0.0009146696017133609,2.980830093617465
0.0,0.0,0.01,subject4_k2_7_cam4_segment000,subject4,469,3,469,1.0,0.0,0.0007859122237138369,0.0007029375122583136,0.0007504127780677371,4.516973343199421
0.0,0.0,0.01,subject4_o1_0_cam4_segment000,subject4,427,2,427,1.0,0.0,0.00023016328333859531,0.0002723033745188118,0.0002337565748305701,-1.5611923152350373
0.0,0.0,0.01,subject4_o1_1_cam4_segment000,subject4,775,4,775,1.0,0.0,0.0004795935602761309,0.00035824908968673443,0.00039990122223981854,16.616640555062638
0.0,0.0,0.01,subject4_o1_2_cam4_segment000,subject4,586,5,586,1.0,0.0,0.0009567476589107866,0.0006856946372009047,0.0007315372778444854,23.539161969070605
0.0,0.0,0.01,subject4_o1_3_cam4_segment000,subject4,625,7,625,1.0,0.0,0.0006647519483098702,0.0010285381872191246,0.0008811726315485133,-32.556607587069436
0.0,0.0,0.01,subject4_o1_4_cam4_segment000,subject4,261,1,261,1.0,0.0,0.00017527032593502712,0.00021266637139162148,0.00018063105235414516,-3.0585476409197017
0.0,0.0,0.01,subject4_o1_4_cam4_segment001,subject4,318,1,318,1.0,0.0,0.0005236072592387619,0.0004043113132529023,0.0004584058362025234,12.452352767421626
0.0,0.0,0.01,subject4_o1_5_cam4_segment000,subject4,560,6,560,1.0,0.0,0.0004315729490703967,0.0004149885220174165,0.0004137698161702969,4.125173493484131
0.0,0.0,0.01,subject4_o1_6_cam4_segment000,subject4,593,5,593,1.0,0.0,0.0010748274944494384,0.0007218706391147959,0.0008649557748035684,19.526084020894274
0.0,0.0,0.01,subject4_o1_7_cam4_segment000,subject4,697,7,697,1.0,0.0,0.00046067196940864364,0.0005278887140909445,0.0004713284884728676,-2.313255368652782
0.0,0.0,0.01,subject4_o2_0_cam4_segment000,subject4,463,6,463,1.0,0.0,0.00041139516536353173,0.00043321697580909113,0.00040413431720368514,1.764932787537865
0.0,0.0,0.01,subject4_o2_1_cam4_segment000,subject4,839,6,839,1.0,0.0,0.001460979375536945,0.0013285929853844834,0.0014036101754140498,3.9267631756821015
0.0,0.0,0.01,subject4_o2_2_cam4_segment000,subject4,664,6,664,1.0,0.0,0.0011646502777408118,0.0006459931055923107,0.0007913951978415207,32.04868337157238
0.0,0.0,0.01,subject4_o2_3_cam4_segment000,subject4,322,3,322,1.0,0.0,0.0008865364455753116,0.0007166284407030101,0.0007848024306220716,11.475446436634705
0.0,0.0,0.01,subject4_o2_3_cam4_segment001,subject4,422,3,422,1.0,0.0,0.0007874465213387336,0.0011905368318190614,0.0010678061176340634,-35.60363639916677
0.0,0.0,0.01,subject4_o2_4_cam4_segment000,subject4,503,5,503,1.0,0.0,0.0006052964225351755,0.0005477808854114233,0.0005765003211620474,4.757355289251633
0.0,0.0,0.01,subject4_o2_5_cam4_segment000,subject4,512,4,512,1.0,0.0,0.00030339499746284416,0.0002651978372725174,0.00027868653298297996,8.14399205210698
0.0,0.0,0.01,subject4_o2_6_cam4_segment000,subject4,633,8,633,1.0,0.0,0.0005793580048312081,0.0006096306843589588,0.0005773399266779323,0.34833007163917634
0.0,0.0,0.05,subject4_h1_0_cam4_segment000,subject4,467,27,467,1.0,0.0,0.0027605194482242875,0.0027514180277959013,0.0027366408632988402,0.8650033217772549
0.0,0.0,0.05,subject4_h1_1_cam4_segment000,subject4,970,47,970,1.0,0.0,0.0035254148571682866,0.0033356914684201286,0.0033642196601431727,4.5723752680440715
0.0,0.0,0.05,subject4_h1_2_cam4_segment000,subject4,530,26,530,1.0,0.0,0.021202822254389988,0.021201604158418555,0.02120244994677475,0.0017559342372935112
0.0,0.0,0.05,subject4_h1_3_cam4_segment000,subject4,753,40,753,1.0,0.0,0.0015712151884809786,0.0015890159019457477,0.0015445862394342733,1.6947996201875846
0.0,0.0,0.05,subject4_h1_4_cam4_segment000,subject4,234,15,234,1.0,0.0,0.02183128806222354,0.020273319193844758,0.020652324415964957,5.400339379418662
0.0,0.0,0.05,subject4_h1_4_cam4_segment001,subject4,371,19,371,1.0,0.0,0.021696235086285782,0.021718212534354076,0.021712794847880693,-0.07632550776230713
0.0,0.0,0.05,subject4_h1_5_cam4_segment000,subject4,437,26,437,1.0,0.0,0.0015071512840807105,0.001436691980216102,0.001461342533973244,3.0394261406483665
0.0,0.0,0.05,subject4_h1_6_cam4_segment000,subject4,658,22,658,1.0,0.0,0.002025234582068449,0.0016129148903449232,0.0017233676429500608,14.905282666567938
0.0,0.0,0.05,subject4_h1_7_cam4_segment000,subject4,550,19,550,1.0,0.0,0.0132411393098341,0.01290100544426599,0.012979456236560603,1.9762881965840122
0.0,0.0,0.05,subject4_h2_0_cam4_segment000,subject4,464,27,464,1.0,0.0,0.009016347131148723,0.008921757172606803,0.008933628116199247,0.9174337871676099
0.0,0.0,0.05,subject4_h2_1_cam4_segment000,subject4,806,56,806,1.0,0.0,0.011249543750678274,0.011213150503254202,0.011227304769921988,0.19768784627327807
0.0,0.0,0.05,subject4_h2_2_cam4_segment000,subject4,544,33,544,1.0,0.0,0.005227678127444766,0.005327484282269279,0.005254561138584234,-0.5142438092799732
0.0,0.0,0.05,subject4_h2_3_cam4_segment000,subject4,794,35,794,1.0,0.0,0.002128582811111256,0.0016685835762321138,0.001826640865138911,14.185116237724001
0.0,0.0,0.05,subject4_h2_4_cam4_segment000,subject4,266,17,266,1.0,0.0,0.008752075561868047,0.009012241789425281,0.00884419814574364,-1.0525798506238109
0.0,0.0,0.05,subject4_h2_4_cam4_segment001,subject4,213,12,213,1.0,0.0,0.018959306212242313,0.01895430838647224,0.01894507419051838,0.07506615255120089
0.0,0.0,0.05,subject4_h2_5_cam4_segment000,subject4,608,31,608,1.0,0.0,0.0017366955865102042,0.001458835084160544,0.001518548284744183,12.561055803934893
0.0,0.0,0.05,subject4_h2_6_cam4_segment000,subject4,527,22,527,1.0,0.0,0.0013738305558777073,0.0012416614624109852,0.001294088146703462,5.804384597000015
0.0,0.0,0.05,subject4_h2_7_cam4_segment000,subject4,731,42,731,1.0,0.0,0.0026490248374190528,0.0026050487739377806,0.0025743738673292805,2.8180547435902787
0.0,0.0,0.05,subject4_k1_0_cam4_segment000,subject4,514,25,514,1.0,0.0,0.01187572199601234,0.011744306464106397,0.011775235774940369,0.8461483108623907
0.0,0.0,0.05,subject4_k1_1_cam4_segment000,subject4,802,46,802,1.0,0.0,0.01681698175069252,0.016768315544415414,0.01677684348283082,0.23867700195397593
0.0,0.0,0.05,subject4_k1_2_cam4_segment000,subject4,810,49,810,1.0,0.0,0.009729814339669796,0.009708116881376225,0.009710851419061486,0.19489498921880483
0.0,0.0,0.05,subject4_k1_3_cam4_segment000,subject4,304,16,304,1.0,0.0,0.0044943634732731485,0.0038023206199332103,0.003952840388355901,12.048938367747715
0.0,0.0,0.05,subject4_k1_3_cam4_segment001,subject4,176,11,176,1.0,0.0,0.0017797068073318691,0.0017624850525103006,0.0017166470003556998,3.5432694147362622
0.0,0.0,0.05,subject4_k1_4_cam4_segment000,subject4,659,41,659,1.0,0.0,0.028349114588287507,0.028084424590786475,0.028180202587635286,0.5958281346889327
0.0,0.0,0.05,subject4_k1_5_cam4_segment000,subject4,427,15,427,1.0,0.0,0.0011074409891461737,0.0013027230326977809,0.0011851702211568725,-7.018814796680701
0.0,0.0,0.05,subject4_k1_6_cam4_segment000,subject4,609,29,609,1.0,0.0,0.002304721550522488,0.0022341359576488816,0.002269655401421129,1.5214917868672284
0.0,0.0,0.05,subject4_k2_0_cam4_segment000,subject4,410,18,410,1.0,0.0,0.022205423999375966,0.021737208101779867,0.021856751865917852,1.5702115549242046
0.0,0.0,0.05,subject4_k2_1_cam4_segment000,subject4,991,64,991,1.0,0.0,0.017316686455194137,0.017118448408907302,0.017231065322224765,0.4944429362448298
0.0,0.0,0.05,subject4_k2_2_cam4_segment000,subject4,690,27,690,1.0,0.0,0.001656907692731,0.0016421825785252623,0.0015714547791093447,5.157373219796417
0.0,0.0,0.05,subject4_k2_3_cam4_segment000,subject4,876,46,876,1.0,0.0,0.0017879282290615506,0.0015915349382771918,0.0015958594669903067,10.74253199593236
0.0,0.0,0.05,subject4_k2_4_cam4_segment000,subject4,391,13,391,1.0,0.0,0.0006954459364783172,0.0007558625488894645,0.0007202426751955819,-3.5655882674120383
0.0,0.0,0.05,subject4_k2_4_cam4_segment001,subject4,187,9,187,1.0,0.0,0.001807497813132358,0.0018321755041475,0.0017889718716875725,1.024949591096902
0.0,0.0,0.05,subject4_k2_5_cam4_segment000,subject4,736,36,736,1.0,0.0,0.016837119909064942,0.01713675745261997,0.0170589967754535,-1.3177839653508738
0.0,0.0,0.05,subject4_k2_6_cam4_segment000,subject4,506,22,506,1.0,0.0,0.0021559923710821227,0.001898085485342425,0.001991666017197098,7.621843012484646
0.0,0.0,0.05,subject4_k2_7_cam4_segment000,subject4,469,20,469,1.0,0.0,0.013977888971156748,0.01317230611610329,0.013372919419172031,4.328046625875097
0.0,0.0,0.05,subject4_o1_0_cam4_segment000,subject4,427,22,427,1.0,0.0,0.0016677800596301392,0.001644195133747384,0.001644809211503635,1.3773307813500495
0.0,0.0,0.05,subject4_o1_1_cam4_segment000,subject4,775,49,775,1.0,0.0,0.011300935046400881,0.011043515404485733,0.011119549148654411,1.6050521218086093
0.0,0.0,0.05,subject4_o1_2_cam4_segment000,subject4,586,27,586,1.0,0.0,0.015201949049165744,0.015155051677644584,0.015155671370685039,0.3044193762986225
0.0,0.0,0.05,subject4_o1_3_cam4_segment000,subject4,625,29,625,1.0,0.0,0.0019729338357382265,0.0018853334577732693,0.0019316026560222577,2.0949095690532182
0.0,0.0,0.05,subject4_o1_4_cam4_segment000,subject4,261,16,261,1.0,0.0,0.021330265774593817,0.020451410694796685,0.02074652824666311,2.7366631719422294
0.0,0.0,0.05,subject4_o1_4_cam4_segment001,subject4,318,21,318,1.0,0.0,0.002803753058363547,0.00238978441188793,0.002556230288260652,8.828265719213
0.0,0.0,0.05,subject4_o1_5_cam4_segment000,subject4,560,24,559,1.0,0.0,0.0009310930369373464,0.0008962347019545054,0.0008638019128920269,7.227110651225669
0.0,0.0,0.05,subject4_o1_6_cam4_segment000,subject4,593,34,593,1.0,0.0,0.0022065047523401765,0.0020916705269350415,0.002115352036893718,4.131090828142722
0.0,0.0,0.05,subject4_o1_7_cam4_segment000,subject4,697,41,697,1.0,0.0,0.01612255813406433,0.015294349336840254,0.015438526865454542,4.242696865608085
0.0,0.0,0.05,subject4_o2_0_cam4_segment000,subject4,463,32,463,1.0,0.0,0.0019479416155006824,0.001827284114322673,0.0018824429498897257,3.362455275340556
0.0,0.0,0.05,subject4_o2_1_cam4_segment000,subject4,839,47,839,1.0,0.0,0.004044292535773639,0.003984593490128018,0.0040016556470865465,1.0542483836159031
0.0,0.0,0.05,subject4_o2_2_cam4_segment000,subject4,664,37,664,1.0,0.0,0.0020790323311717577,0.001934935778576419,0.0019398895513296668,6.692670323393628
0.0,0.0,0.05,subject4_o2_3_cam4_segment000,subject4,322,26,322,1.0,0.0,0.020529068919494707,0.019608198532266172,0.019825405911716977,3.4276420939359857
0.0,0.0,0.05,subject4_o2_3_cam4_segment001,subject4,422,18,422,1.0,0.0,0.020247887650358277,0.02025481399649627,0.020254298877081453,-0.03166368183133818
0.0,0.0,0.05,subject4_o2_4_cam4_segment000,subject4,503,26,503,1.0,0.0,0.012144235345713107,0.012172664758248712,0.012153407892578674,-0.07553004865641551
0.0,0.0,0.05,subject4_o2_5_cam4_segment000,subject4,512,28,512,1.0,0.0,0.0019120232035635058,0.0018004607763785613,0.0018302091719400286,4.278924621364295
0.0,0.0,0.05,subject4_o2_6_cam4_segment000,subject4,633,35,633,1.0,0.0,0.011682145924539701,0.01165498411791068,0.011671951023837985,0.08726907511316559
0.0,5.0,0.0,subject4_h1_0_cam4_segment000,subject4,467,0,466,1.0,0.0,0.025428186375609278,0.02530993439890432,0.025348920689846722,0.311723709240184
0.0,5.0,0.0,subject4_h1_1_cam4_segment000,subject4,970,0,970,1.0,0.0,0.027450745058822338,0.026894715671767128,0.02706047700043923,1.4217029721664298
0.0,5.0,0.0,subject4_h1_2_cam4_segment000,subject4,530,0,530,1.0,0.0,0.02898413565084792,0.027822457681438283,0.028069864477505646,3.154384813664525
0.0,5.0,0.0,subject4_h1_3_cam4_segment000,subject4,753,0,752,1.0,0.0,0.02934141401188094,0.02938099995350358,0.029351006230950567,-0.03269174098338334
0.0,5.0,0.0,subject4_h1_4_cam4_segment000,subject4,234,0,234,1.0,0.0,0.061109189111544365,0.05956904759661583,0.05995786261252681,1.8840480715854502
0.0,5.0,0.0,subject4_h1_4_cam4_segment001,subject4,371,0,370,1.0,0.0,0.03135248874355925,0.030928053179080102,0.03105639595515772,0.944399632269551
0.0,5.0,0.0,subject4_h1_5_cam4_segment000,subject4,437,0,437,1.0,0.0,0.026537744427120393,0.026041097828738327,0.02614837752691333,1.467219270561473
0.0,5.0,0.0,subject4_h1_6_cam4_segment000,subject4,658,0,657,1.0,0.0,0.04928681390848153,0.04919170316525031,0.04928091786181739,0.011962726328975465
0.0,5.0,0.0,subject4_h1_7_cam4_segment000,subject4,550,0,549,1.0,0.0,0.02925259088903279,0.029126892050686675,0.02912409953656884,0.4392477676639748
0.0,5.0,0.0,subject4_h2_0_cam4_segment000,subject4,464,0,463,1.0,0.0,0.015686914078936607,0.015540536875109005,0.01555911198566974,0.8147051269852417
0.0,5.0,0.0,subject4_h2_1_cam4_segment000,subject4,806,0,806,1.0,0.0,0.007442620022754317,0.007022356066899014,0.007149178472710142,3.942718412965282
0.0,5.0,0.0,subject4_h2_2_cam4_segment000,subject4,544,0,544,1.0,0.0,0.02775234873352762,0.026989136926043794,0.027144544958469113,2.190098506236409
0.0,5.0,0.0,subject4_h2_3_cam4_segment000,subject4,794,0,794,1.0,0.0,0.028266934298287163,0.027934103269645735,0.028010217244363967,0.9081885259087032
0.0,5.0,0.0,subject4_h2_4_cam4_segment000,subject4,266,0,266,1.0,0.0,0.02832912005974086,0.027350515356098542,0.027600685978488977,2.5713261820902003
0.0,5.0,0.0,subject4_h2_4_cam4_segment001,subject4,213,0,212,1.0,0.0,0.05417694294956622,0.054110473034378645,0.05412682358336118,0.09251050996305994
0.0,5.0,0.0,subject4_h2_5_cam4_segment000,subject4,608,0,608,1.0,0.0,0.05992419287783868,0.05971292173471104,0.059765387317726855,0.2650107619064033
0.0,5.0,0.0,subject4_h2_6_cam4_segment000,subject4,527,0,527,1.0,0.0,0.02010974557787197,0.019040905637636954,0.019355567220277835,3.750312775831467
0.0,5.0,0.0,subject4_h2_7_cam4_segment000,subject4,731,0,731,1.0,0.0,0.027634784015216737,0.027018045242569264,0.02716049130048682,1.7162888426005145
0.0,5.0,0.0,subject4_k1_0_cam4_segment000,subject4,514,0,514,1.0,0.0,0.0379082607763111,0.037706950596008364,0.03775977779991482,0.3916902895451797
0.0,5.0,0.0,subject4_k1_1_cam4_segment000,subject4,802,0,802,1.0,0.0,0.04365643039979704,0.04288544332855664,0.04313300594321906,1.198963020532278
0.0,5.0,0.0,subject4_k1_2_cam4_segment000,subject4,810,0,810,1.0,0.0,0.05102057095128367,0.050814965125461256,0.050898128983035744,0.2399854920573886
0.0,5.0,0.0,subject4_k1_3_cam4_segment000,subject4,304,0,303,1.0,0.0,0.04983783078871941,0.04930090974034388,0.04945038218377336,0.7774186773669683
0.0,5.0,0.0,subject4_k1_3_cam4_segment001,subject4,176,0,175,1.0,0.0,0.04216667191767537,0.041635553921195646,0.0417681752565455,0.945051252581378
0.0,5.0,0.0,subject4_k1_4_cam4_segment000,subject4,659,0,658,1.0,0.0,0.046933666709783654,0.04652794139868192,0.04661617076479624,0.676478032178192
0.0,5.0,0.0,subject4_k1_5_cam4_segment000,subject4,427,0,427,1.0,0.0,0.016369448794036873,0.016168162722193857,0.016189769797928046,1.097648420356589
0.0,5.0,0.0,subject4_k1_6_cam4_segment000,subject4,609,0,609,1.0,0.0,0.0395336525722267,0.038334351839897335,0.03867119704860674,2.1815730839549414
0.0,5.0,0.0,subject4_k2_0_cam4_segment000,subject4,410,0,409,1.0,0.0,0.05078181639551749,0.04994458082152201,0.05019624920260132,1.1531040724408834
0.0,5.0,0.0,subject4_k2_1_cam4_segment000,subject4,991,0,991,1.0,0.0,0.043324080025553935,0.042745535503326604,0.0429037431074417,0.970215450309168
0.0,5.0,0.0,subject4_k2_2_cam4_segment000,subject4,690,0,690,1.0,0.0,0.030183200906979662,0.03008128461101378,0.03009845433427899,0.280773974111787
0.0,5.0,0.0,subject4_k2_3_cam4_segment000,subject4,876,0,876,1.0,0.0,0.03934694710533995,0.039315843698737196,0.03933403630867294,0.03281270242504486
0.0,5.0,0.0,subject4_k2_4_cam4_segment000,subject4,391,0,390,1.0,0.0,0.035647465086300324,0.03541313071697667,0.03549113021767469,0.4385581646469214
0.0,5.0,0.0,subject4_k2_4_cam4_segment001,subject4,187,0,187,1.0,0.0,0.04425007209155318,0.04386936698294074,0.04394957816086495,0.6790812228882096
0.0,5.0,0.0,subject4_k2_5_cam4_segment000,subject4,736,0,735,1.0,0.0,0.02377822510471354,0.02368725452891233,0.023678828436073742,0.41801550873574067
0.0,5.0,0.0,subject4_k2_6_cam4_segment000,subject4,506,0,505,1.0,0.0,0.016303866584333387,0.016154225256268688,0.016152544319737623,0.928137284570103
0.0,5.0,0.0,subject4_k2_7_cam4_segment000,subject4,469,0,469,1.0,0.0,0.0047001288193000085,0.004423234587727146,0.004507786349043013,4.092280821478445
0.0,5.0,0.0,subject4_o1_0_cam4_segment000,subject4,427,0,427,1.0,0.0,0.004878856251078533,0.004499789874979153,0.004662468471577936,4.435215312046995
0.0,5.0,0.0,subject4_o1_1_cam4_segment000,subject4,775,0,775,1.0,0.0,0.02882799114722042,0.028435173030406494,0.028585920807791654,0.8397058892954014
0.0,5.0,0.0,subject4_o1_2_cam4_segment000,subject4,586,0,585,1.0,0.0,0.05591329193401938,0.0560861504393589,0.056044239374530694,-0.2341973365936656
0.0,5.0,0.0,subject4_o1_3_cam4_segment000,subject4,625,0,624,1.0,0.0,0.019154696094850453,0.018802145739139266,0.018875194130436687,1.4591824533770956
0.0,5.0,0.0,subject4_o1_4_cam4_segment000,subject4,261,0,260,1.0,0.0,0.03569583641551367,0.03502594056836696,0.03531978741649101,1.0534814050728518
0.0,5.0,0.0,subject4_o1_4_cam4_segment001,subject4,318,0,317,1.0,0.0,0.0072771671028831995,0.006954805491064582,0.007036401471148415,3.308507669686379
0.0,5.0,0.0,subject4_o1_5_cam4_segment000,subject4,560,0,560,1.0,0.0,0.020815753830865275,0.020548528623596247,0.020692897907173737,0.5902064594430838
0.0,5.0,0.0,subject4_o1_6_cam4_segment000,subject4,593,0,593,1.0,0.0,0.008785872882027916,0.00847586619018736,0.008567766971523307,2.4824614859925753
0.0,5.0,0.0,subject4_o1_7_cam4_segment000,subject4,697,0,696,1.0,0.0,0.030859899674851442,0.030394834573330774,0.030543095632615248,1.0265880497802338
0.0,5.0,0.0,subject4_o2_0_cam4_segment000,subject4,463,0,463,1.0,0.0,0.005700818803024808,0.005431644842492854,0.005517724604431306,3.211717560578378
0.0,5.0,0.0,subject4_o2_1_cam4_segment000,subject4,839,0,839,1.0,0.0,0.02427026174729585,0.023973912733083257,0.02409815623684823,0.7091209490841035
0.0,5.0,0.0,subject4_o2_2_cam4_segment000,subject4,664,0,663,1.0,0.0,0.03511705844421741,0.03469456140602614,0.03483157055995211,0.8129607003353977
0.0,5.0,0.0,subject4_o2_3_cam4_segment000,subject4,322,0,322,1.0,0.0,0.028278174187195526,0.027542026239225942,0.02772567395036201,1.9538044895546682
0.0,5.0,0.0,subject4_o2_3_cam4_segment001,subject4,422,0,422,1.0,0.0,0.023460299270673696,0.02320854487372058,0.023371758469955817,0.37740695332287794
0.0,5.0,0.0,subject4_o2_4_cam4_segment000,subject4,503,0,502,1.0,0.0,0.041482468170001834,0.04172598543356447,0.04166196901693008,-0.4327149633252908
0.0,5.0,0.0,subject4_o2_5_cam4_segment000,subject4,512,0,511,1.0,0.0,0.01834556551507953,0.018115548708321234,0.018160551627575842,1.0084937820619935
0.0,5.0,0.0,subject4_o2_6_cam4_segment000,subject4,633,0,632,1.0,0.0,0.03130406414341295,0.030701466878385826,0.030842998761939844,1.4728610935654542
0.0,5.0,0.01,subject4_h1_0_cam4_segment000,subject4,467,8,466,1.0,0.0,0.03180838830758339,0.03142333357532857,0.03150339421515574,0.9588479915373096
0.0,5.0,0.01,subject4_h1_1_cam4_segment000,subject4,970,9,969,1.0,0.0,0.026288090095307023,0.025360940046902394,0.025581555445447605,2.687660637565866
0.0,5.0,0.01,subject4_h1_2_cam4_segment000,subject4,530,5,530,1.0,0.0,0.02916465197311946,0.02807740810606666,0.028300966481230642,2.9614119609068568
0.0,5.0,0.01,subject4_h1_3_cam4_segment000,subject4,753,10,752,1.0,0.0,0.03800999587975245,0.03743624069243626,0.03759055653084945,1.103497485845371
0.0,5.0,0.01,subject4_h1_4_cam4_segment000,subject4,234,3,233,1.0,0.0,0.04225468866594982,0.040999335543753415,0.041247054100740976,2.384669245050738
0.0,5.0,0.01,subject4_h1_4_cam4_segment001,subject4,371,5,370,1.0,0.0,0.030312883152881415,0.029827435602645412,0.029964051479300743,1.1507703566874758
0.0,5.0,0.01,subject4_h1_5_cam4_segment000,subject4,437,8,437,1.0,0.0,0.020983690715925103,0.020860013561658904,0.02087623636561086,0.5120850844064944
0.0,5.0,0.01,subject4_h1_6_cam4_segment000,subject4,658,4,657,1.0,0.0,0.027018047233048546,0.027380573316583418,0.027272739284435608,-0.9426737957416926
0.0,5.0,0.01,subject4_h1_7_cam4_segment000,subject4,550,5,549,1.0,0.0,0.021562107914545253,0.021136566687124974,0.02127809239617213,1.317197370028626
0.0,5.0,0.01,subject4_h2_0_cam4_segment000,subject4,464,3,463,1.0,0.0,0.01886604862898143,0.01848439428068489,0.01870394702716511,0.8592239159571811
0.0,5.0,0.01,subject4_h2_1_cam4_segment000,subject4,806,3,805,1.0,0.0,0.0204035041328536,0.01984969600190154,0.019982973527291614,2.0610705044769686
0.0,5.0,0.01,subject4_h2_2_cam4_segment000,subject4,544,6,544,1.0,0.0,0.008000879614037802,0.007776399689518836,0.007719985323697482,3.510792611445892
0.0,5.0,0.01,subject4_h2_3_cam4_segment000,subject4,794,9,794,1.0,0.0,0.026654700207184134,0.026361323772843597,0.02646087101452582,0.7271857914427937
0.0,5.0,0.01,subject4_h2_4_cam4_segment000,subject4,266,4,265,1.0,0.0,0.02173692720701286,0.021763611346004946,0.02173343186617424,0.016080197561193135
0.0,5.0,0.01,subject4_h2_4_cam4_segment001,subject4,213,2,213,1.0,0.0,0.042153202611469764,0.04200341494133587,0.042040334213846925,0.2677575857359136
0.0,5.0,0.01,subject4_h2_5_cam4_segment000,subject4,608,8,608,1.0,0.0,0.05452982853755257,0.05481380455288066,0.054742951442169785,-0.3908372909525071
0.0,5.0,0.01,subject4_h2_6_cam4_segment000,subject4,527,7,526,1.0,0.0,0.026473999658414526,0.025390772100728917,0.025679299467719487,3.0018138586870085
0.0,5.0,0.01,subject4_h2_7_cam4_segment000,subject4,731,9,731,1.0,0.0,0.017286303732947518,0.016927146994609763,0.0170089449300699,1.604500344101752
0.0,5.0,0.01,subject4_k1_0_cam4_segment000,subject4,514,5,513,1.0,0.0,0.04651434076672218,0.046169843633754606,0.046263969548884044,0.5382667231462928
0.0,5.0,0.01,subject4_k1_1_cam4_segment000,subject4,802,10,802,1.0,0.0,0.049806032369443996,0.0490429545372957,0.04927378032856394,1.0686497509618733
0.0,5.0,0.01,subject4_k1_2_cam4_segment000,subject4,810,9,810,1.0,0.0,0.04254870273459071,0.042346500634966894,0.042421715382509176,0.29845175979547794
0.0,5.0,0.01,subject4_k1_3_cam4_segment000,subject4,304,1,303,1.0,0.0,0.04096881266471014,0.0402288559899161,0.04043468075538197,1.3037524755709138
0.0,5.0,0.01,subject4_k1_3_cam4_segment001,subject4,176,2,175,1.0,0.0,0.05805847041218705,0.0576588481017769,0.05776645387144365,0.5029697452761405
0.0,5.0,0.01,subject4_k1_4_cam4_segment000,subject4,659,3,659,1.0,0.0,0.05077053368131489,0.05059165929931703,0.05064299068834425,0.2512145997346178
0.0,5.0,0.01,subject4_k1_5_cam4_segment000,subject4,427,5,427,1.0,0.0,0.028193363719733733,0.027849058648550005,0.027927119842449336,0.9443494573087845
0.0,5.0,0.01,subject4_k1_6_cam4_segment000,subject4,609,8,608,1.0,0.0,0.040719873324585126,0.03929710032708678,0.03968590599702487,2.5392203932421933
0.0,5.0,0.01,subject4_k2_0_cam4_segment000,subject4,410,4,410,1.0,0.0,0.048809905982004055,0.04766768754837724,0.047993797564849255,1.6720139093398263
0.0,5.0,0.01,subject4_k2_1_cam4_segment000,subject4,991,5,990,1.0,0.0,0.03729317504118932,0.03647620779881328,0.03666456003910745,1.6856033346251154
0.0,5.0,0.01,subject4_k2_2_cam4_segment000,subject4,690,6,689,1.0,0.0,0.013538861133704394,0.013644015768498781,0.013556437556074627,-0.1298220152836701
0.0,5.0,0.01,subject4_k2_3_cam4_segment000,subject4,876,8,876,1.0,0.0,0.028185820962312334,0.027799631181898238,0.027898217822444643,1.0203823413632318
0.0,5.0,0.01,subject4_k2_4_cam4_segment000,subject4,391,4,390,1.0,0.0,0.04056941153853783,0.040204305569162685,0.04030686263307362,0.6471597578259437
0.0,5.0,0.01,subject4_k2_4_cam4_segment001,subject4,187,2,186,1.0,0.0,0.044464370196496,0.04399455092728912,0.0440914118542394,0.8387802202267456
0.0,5.0,0.01,subject4_k2_5_cam4_segment000,subject4,736,13,736,1.0,0.0,0.020720270756435347,0.020771579625409684,0.02072403212336912,-0.018153078103985577
0.0,5.0,0.01,subject4_k2_6_cam4_segment000,subject4,506,4,505,1.0,0.0,0.015325965796994202,0.015063377896329047,0.015107738404160229,1.4239063020535585
0.0,5.0,0.01,subject4_k2_7_cam4_segment000,subject4,469,5,469,1.0,0.0,0.015003979047966597,0.014945248320250988,0.014953986481435927,0.3331953901751499
0.0,5.0,0.01,subject4_o1_0_cam4_segment000,subject4,427,4,427,1.0,0.0,0.005037466249165856,0.004784465028387334,0.004883384587228689,3.0587135340645077
0.0,5.0,0.01,subject4_o1_1_cam4_segment000,subject4,775,6,775,1.0,0.0,0.03674020619861316,0.03619285050342289,0.03635573456424724,1.0464601975490029
0.0,5.0,0.01,subject4_o1_2_cam4_segment000,subject4,586,9,585,1.0,0.0,0.05998890312653669,0.059793034177947846,0.05985827065359433,0.21776106268656026
0.0,5.0,0.01,subject4_o1_3_cam4_segment000,subject4,625,9,624,1.0,0.0,0.019602374140689025,0.01919920746868888,0.019288278846926125,1.602332919005592
0.0,5.0,0.01,subject4_o1_4_cam4_segment000,subject4,261,4,261,1.0,0.0,0.0062744890594077,0.0061912902497465545,0.0061438976990951695,2.0813066861074176
0.0,5.0,0.01,subject4_o1_4_cam4_segment001,subject4,318,4,317,1.0,0.0,0.0076130240375375455,0.007363471060525458,0.007432415104672601,2.372367826167578
0.0,5.0,0.01,subject4_o1_5_cam4_segment000,subject4,560,7,560,1.0,0.0,0.020519115118366408,0.02045711678604642,0.0204515930865348,0.32906892642348434
0.0,5.0,0.01,subject4_o1_6_cam4_segment000,subject4,593,7,593,1.0,0.0,0.00859999670100949,0.008378939187095442,0.008443813882352815,1.816079983360247
0.0,5.0,0.01,subject4_o1_7_cam4_segment000,subject4,697,5,696,1.0,0.0,0.028018311657552846,0.027285919500402336,0.02750841632218611,1.8198645999759449
0.0,5.0,0.01,subject4_o2_0_cam4_segment000,subject4,463,4,463,1.0,0.0,0.005205224452485877,0.00513188010331633,0.005109334655371548,1.8421837134906838
0.0,5.0,0.01,subject4_o2_1_cam4_segment000,subject4,839,2,839,1.0,0.0,0.026823414184135648,0.02637837488143589,0.02654215619723759,1.0485540169021537
0.0,5.0,0.01,subject4_o2_2_cam4_segment000,subject4,664,7,664,1.0,0.0,0.017992923807452484,0.017859174915637935,0.01787017851374445,0.6821864807608102
0.0,5.0,0.01,subject4_o2_3_cam4_segment000,subject4,322,2,322,1.0,0.0,0.03949391437088717,0.0382720442749809,0.03859009063908214,2.288513929810114
0.0,5.0,0.01,subject4_o2_3_cam4_segment001,subject4,422,1,422,1.0,0.0,0.03092643503810064,0.030361577464230717,0.030572709904578124,1.1437630398936511
0.0,5.0,0.01,subject4_o2_4_cam4_segment000,subject4,503,3,503,1.0,0.0,0.04514993765992343,0.04505208101420206,0.04507311016511366,0.1701607993092883
0.0,5.0,0.01,subject4_o2_5_cam4_segment000,subject4,512,4,512,1.0,0.0,0.018003016143212685,0.01739928066406151,0.017536510556682396,2.5912635017336574
0.0,5.0,0.01,subject4_o2_6_cam4_segment000,subject4,633,3,633,1.0,0.0,0.035081022692117,0.034628119804642435,0.03473581365551693,0.9840335603375687
0.0,5.0,0.05,subject4_h1_0_cam4_segment000,subject4,467,26,465,1.0,0.0,0.016464289386821287,0.016084170369648793,0.016141074932478187,1.9631242305654235
0.0,5.0,0.05,subject4_h1_1_cam4_segment000,subject4,970,32,969,1.0,0.0,0.03349984595614857,0.03256465834328255,0.03282814964514089,2.005072834922675
0.0,5.0,0.05,subject4_h1_2_cam4_segment000,subject4,530,29,530,1.0,0.0,0.03295290220129805,0.03179558666372723,0.0320416383126136,2.765352450955146
0.0,5.0,0.05,subject4_h1_3_cam4_segment000,subject4,753,39,752,1.0,0.0,0.04401962337775339,0.043594928956864745,0.04371812374756559,0.6849209671797718
0.0,5.0,0.05,subject4_h1_4_cam4_segment000,subject4,234,13,234,1.0,0.0,0.044479705542043495,0.043428029695864415,0.04367096932785108,1.8182139569875917
0.0,5.0,0.05,subject4_h1_4_cam4_segment001,subject4,371,16,371,1.0,0.0,0.022773936569981872,0.022175868446502826,0.022323621682436078,1.9773256422403065
0.0,5.0,0.05,subject4_h1_5_cam4_segment000,subject4,437,20,437,1.0,0.0,0.02486179480400842,0.02480717025152378,0.024804310203355318,0.23121661612230848
0.0,5.0,0.05,subject4_h1_6_cam4_segment000,subject4,658,39,658,1.0,0.0,0.042154198572984025,0.04208437545390093,0.04210749230038731,0.1107986254698954
0.0,5.0,0.05,subject4_h1_7_cam4_segment000,subject4,550,24,549,1.0,0.0,0.03350262145965689,0.03300299932321159,0.03315751835753146,1.0300779076079105
0.0,5.0,0.05,subject4_h2_0_cam4_segment000,subject4,464,28,463,1.0,0.0,0.010944822800443095,0.010782634771600188,0.01078672131515799,1.4445321607098462
0.0,5.0,0.05,subject4_h2_1_cam4_segment000,subject4,806,34,805,1.0,0.0,0.027503357228007667,0.026805309310241516,0.0269900108613549,1.8664861980195249
0.0,5.0,0.05,subject4_h2_2_cam4_segment000,subject4,544,28,543,1.0,0.0,0.008183056938449418,0.007806268483022616,0.0078121731975267575,4.53233728803723
0.0,5.0,0.05,subject4_h2_3_cam4_segment000,subject4,794,41,794,1.0,0.0,0.032782573938939776,0.03235467064916653,0.03250399699960737,0.8497714055378277
0.0,5.0,0.05,subject4_h2_4_cam4_segment000,subject4,266,9,265,1.0,0.0,0.028033332102307018,0.027138538925688474,0.02734777173974192,2.4455186421049078
0.0,5.0,0.05,subject4_h2_4_cam4_segment001,subject4,213,11,213,1.0,0.0,0.040156583661822315,0.03905306540764435,0.039327315481914295,2.065086479695787
0.0,5.0,0.05,subject4_h2_5_cam4_segment000,subject4,608,26,608,1.0,0.0,0.05482576675101988,0.054783834424547304,0.05479225212455202,0.06112933471603227
0.0,5.0,0.05,subject4_h2_6_cam4_segment000,subject4,527,24,527,1.0,0.0,0.028378258729602333,0.027442158501636595,0.027677624974255025,2.4689103092024918
0.0,5.0,0.05,subject4_h2_7_cam4_segment000,subject4,731,33,731,1.0,0.0,0.025593573939818332,0.02467726813620075,0.024862417031383935,2.8567987814193767
0.0,5.0,0.05,subject4_k1_0_cam4_segment000,subject4,514,27,514,1.0,0.0,0.052396854542430885,0.05210596640024321,0.052194163598510604,0.38683799951415376
0.0,5.0,0.05,subject4_k1_1_cam4_segment000,subject4,802,41,801,1.0,0.0,0.0397114792201283,0.0386590961781756,0.03897050324483416,1.865898701951554
0.0,5.0,0.05,subject4_k1_2_cam4_segment000,subject4,810,42,809,1.0,0.0,0.04385276151899053,0.043561540285226276,0.04365230048942131,0.4571229327995935
0.0,5.0,0.05,subject4_k1_3_cam4_segment000,subject4,304,17,303,1.0,0.0,0.04990389823701534,0.0495472828677503,0.04964897303585135,0.5108322399048678
0.0,5.0,0.05,subject4_k1_3_cam4_segment001,subject4,176,3,175,1.0,0.0,0.03528875520782732,0.03474408756235841,0.03485821925479781,1.2200372342235974
0.0,5.0,0.05,subject4_k1_4_cam4_segment000,subject4,659,30,659,1.0,0.0,0.0461684335094389,0.04586467828474845,0.045950847725783894,0.4712869099414515
0.0,5.0,0.05,subject4_k1_5_cam4_segment000,subject4,427,18,427,1.0,0.0,0.023138513581905603,0.023054107559808808,0.023061998752801075,0.3306816958387625
0.0,5.0,0.05,subject4_k1_6_cam4_segment000,subject4,609,37,609,1.0,0.0,0.03644694692366586,0.03571889155166591,0.035840034209907355,1.6651949339669438
0.0,5.0,0.05,subject4_k2_0_cam4_segment000,subject4,410,26,410,1.0,0.0,0.044086701969770416,0.042908078457096925,0.04337618499561699,1.6116355780947658
0.0,5.0,0.05,subject4_k2_1_cam4_segment000,subject4,991,57,990,1.0,0.0,0.04896887710359944,0.04819914131371083,0.048410485733199754,1.1402984986123852
0.0,5.0,0.05,subject4_k2_2_cam4_segment000,subject4,690,31,690,1.0,0.0,0.01444194867831472,0.014163217078034295,0.014161897498418426,1.9391509147017276
0.0,5.0,0.05,subject4_k2_3_cam4_segment000,subject4,876,50,876,1.0,0.0,0.03515425288969509,0.035528755129907504,0.03543164977744583,-0.7890848615703469
0.0,5.0,0.05,subject4_k2_4_cam4_segment000,subject4,391,23,391,1.0,0.0,0.03437462240675743,0.0339624695247715,0.034059227900189434,0.9175213703758144
0.0,5.0,0.05,subject4_k2_4_cam4_segment001,subject4,187,5,186,1.0,0.0,0.05093451283859881,0.05076991758509302,0.050791999975930695,0.2797962613674335
0.0,5.0,0.05,subject4_k2_5_cam4_segment000,subject4,736,48,736,1.0,0.0,0.029613121284513707,0.029171223639147183,0.029267354463166313,1.1676135657074884
0.0,5.0,0.05,subject4_k2_6_cam4_segment000,subject4,506,25,506,1.0,0.0,0.015527081119350047,0.01536892201728768,0.015385429822707195,0.9122854163898492
0.0,5.0,0.05,subject4_k2_7_cam4_segment000,subject4,469,24,467,1.0,0.0,0.02063681939575052,0.020013458833925732,0.020160177031058612,2.3096697003127185
0.0,5.0,0.05,subject4_o1_0_cam4_segment000,subject4,427,26,426,1.0,0.0,0.005126207111073901,0.004685096363590837,0.0048489276458968545,5.409057011724178
0.0,5.0,0.05,subject4_o1_1_cam4_segment000,subject4,775,40,775,1.0,0.0,0.027262942757437746,0.026728170541387472,0.02686792692850394,1.4489111921934372
0.0,5.0,0.05,subject4_o1_2_cam4_segment000,subject4,586,33,585,1.0,0.0,0.05087177922092289,0.05100814784939469,0.05095464664132887,-0.1628946769211857
0.0,5.0,0.05,subject4_o1_3_cam4_segment000,subject4,625,39,624,1.0,0.0,0.014932228692909274,0.014899542480424414,0.014885178697867797,0.3150902387653551
0.0,5.0,0.05,subject4_o1_4_cam4_segment000,subject4,261,13,260,1.0,0.0,0.0291930558836915,0.028417802937197555,0.028645565442126715,1.8754132617909236
0.0,5.0,0.05,subject4_o1_4_cam4_segment001,subject4,318,21,317,1.0,0.0,0.007467388434636631,0.007048855651553419,0.00715934226438014,4.125219585841463
0.0,5.0,0.05,subject4_o1_5_cam4_segment000,subject4,560,27,559,1.0,0.0,0.015173914362702382,0.015099349136604358,0.015090793587104622,0.5477872987214953
0.0,5.0,0.05,subject4_o1_6_cam4_segment000,subject4,593,21,592,1.0,0.0,0.010214604788753868,0.009786426246906128,0.009948373716308724,2.606376633761305
0.0,5.0,0.05,subject4_o1_7_cam4_segment000,subject4,697,41,697,1.0,0.0,0.03503781578349578,0.03444620610541114,0.03455701599749697,1.3722310459354823
0.0,5.0,0.05,subject4_o2_0_cam4_segment000,subject4,463,20,462,1.0,0.0,0.006528678831781688,0.006202554348760076,0.006316308739234784,3.252880069901492
0.0,5.0,0.05,subject4_o2_1_cam4_segment000,subject4,839,47,838,1.0,0.0,0.021043770284786368,0.02065166460605174,0.02073904757135943,1.4480423864312908
0.0,5.0,0.05,subject4_o2_2_cam4_segment000,subject4,664,34,664,1.0,0.0,0.0403908114462057,0.0394417379886744,0.03972707363691446,1.6432891183066192
0.0,5.0,0.05,subject4_o2_3_cam4_segment000,subject4,322,17,321,1.0,0.0,0.02795933971236425,0.027568688687415997,0.02764933977866491,1.1087526990569554
0.0,5.0,0.05,subject4_o2_3_cam4_segment001,subject4,422,26,421,1.0,0.0,0.04442909318716577,0.04377169409698793,0.043974765256323926,1.022591050706133
0.0,5.0,0.05,subject4_o2_4_cam4_segment000,subject4,503,23,502,1.0,0.0,0.028125052424513155,0.02797149940212375,0.028000002555181275,0.4446209288587451
0.0,5.0,0.05,subject4_o2_5_cam4_segment000,subject4,512,25,511,1.0,0.0,0.023629868889319137,0.023266260032744172,0.023340568958205472,1.2242976567865371
0.0,5.0,0.05,subject4_o2_6_cam4_segment000,subject4,633,29,633,1.0,0.0,0.03044568567913376,0.029848354116331837,0.029979362134930555,1.5316572243363984
0.0,10.0,0.0,subject4_h1_0_cam4_segment000,subject4,467,0,467,1.0,0.0,0.0245591297154993,0.024466743623482248,0.02448667142756582,0.2950360569485146
0.0,10.0,0.0,subject4_h1_1_cam4_segment000,subject4,970,0,970,1.0,0.0,0.02065495263332935,0.01999068904819363,0.020198931031532783,2.2078075408448066
0.0,10.0,0.0,subject4_h1_2_cam4_segment000,subject4,530,0,530,1.0,0.0,0.01996838216837509,0.018482592408408927,0.018794158196514227,5.880416159705421
0.0,10.0,0.0,subject4_h1_3_cam4_segment000,subject4,753,0,752,1.0,0.0,0.04121250577701778,0.0407638474988538,0.040856135632105085,0.8647136062069417
0.0,10.0,0.0,subject4_h1_4_cam4_segment000,subject4,234,0,234,1.0,0.0,0.0462133581841603,0.04471616374666658,0.04508166622067297,2.4488416508870325
0.0,10.0,0.0,subject4_h1_4_cam4_segment001,subject4,371,0,371,1.0,0.0,0.034879853638255416,0.03455779237804938,0.03463984204287087,0.6881095255551943
0.0,10.0,0.0,subject4_h1_5_cam4_segment000,subject4,437,0,437,1.0,0.0,0.028710757146113847,0.02823787728012622,0.028351308426272332,1.2519653104661081
0.0,10.0,0.0,subject4_h1_6_cam4_segment000,subject4,658,0,657,1.0,0.0,0.0488414728107925,0.0484222920007506,0.04858652872994247,0.5219827867141899
0.0,10.0,0.0,subject4_h1_7_cam4_segment000,subject4,550,0,550,1.0,0.0,0.028307617311645644,0.0279623338590859,0.028053251727655333,0.8985764544925702
0.0,10.0,0.0,subject4_h2_0_cam4_segment000,subject4,464,0,464,1.0,0.0,0.018853182557814017,0.01849433610251496,0.01869709350498507,0.8279188532243538
0.0,10.0,0.0,subject4_h2_1_cam4_segment000,subject4,806,0,805,1.0,0.0,0.02298982269475536,0.0223419593239941,0.022506111550875767,2.1040229422471444
0.0,10.0,0.0,subject4_h2_2_cam4_segment000,subject4,544,0,544,1.0,0.0,0.008825174771115088,0.008474519329149326,0.00845754091560621,4.165740226608866
0.0,10.0,0.0,subject4_h2_3_cam4_segment000,subject4,794,0,794,1.0,0.0,0.03992139264521068,0.03939217331936631,0.0395849192536582,0.8428398140886028
0.0,10.0,0.0,subject4_h2_4_cam4_segment000,subject4,266,0,266,1.0,0.0,0.009336339051481271,0.008907385620584855,0.009010267669153617,3.4924972254078672
0.0,10.0,0.0,subject4_h2_4_cam4_segment001,subject4,213,0,212,1.0,0.0,0.04207719844699885,0.04202526147101897,0.042035828464289375,0.09831924233640711
0.0,10.0,0.0,subject4_h2_5_cam4_segment000,subject4,608,0,607,1.0,0.0,0.07033676243056552,0.07022764404581797,0.0702561440400187,0.11461771591549418
0.0,10.0,0.0,subject4_h2_6_cam4_segment000,subject4,527,0,527,1.0,0.0,0.023782003678488647,0.02289670398073097,0.023155357410937043,2.63495993030402
0.0,10.0,0.0,subject4_h2_7_cam4_segment000,subject4,731,0,731,1.0,0.0,0.017486567822233297,0.01711876137014922,0.01720744237385419,1.5962277515900645
0.0,10.0,0.0,subject4_k1_0_cam4_segment000,subject4,514,0,514,1.0,0.0,0.021380741282241274,0.021189780908995214,0.021250431259576732,0.609473829482127
0.0,10.0,0.0,subject4_k1_1_cam4_segment000,subject4,802,0,801,1.0,0.0,0.046176209543934484,0.045535402412307184,0.045739684007520424,0.9453472702187166
0.0,10.0,0.0,subject4_k1_2_cam4_segment000,subject4,810,0,810,1.0,0.0,0.05204124548360446,0.05165045622375873,0.05178678882556534,0.48895189896884694
0.0,10.0,0.0,subject4_k1_3_cam4_segment000,subject4,304,0,304,1.0,0.0,0.03450153501420815,0.03368162221856762,0.033909127751213054,1.7170461046186312
0.0,10.0,0.0,subject4_k1_3_cam4_segment001,subject4,176,0,175,1.0,0.0,0.041947601735087735,0.04146853717277908,0.041589284387700896,0.8542022250752853
0.0,10.0,0.0,subject4_k1_4_cam4_segment000,subject4,659,0,658,1.0,0.0,0.054035088791428564,0.05357157586597443,0.0537097561191218,0.6020766868035018
0.0,10.0,0.0,subject4_k1_5_cam4_segment000,subject4,427,0,426,1.0,0.0,0.02298503128998232,0.02247174563091285,0.02258716662838451,1.7309728952651562
0.0,10.0,0.0,subject4_k1_6_cam4_segment000,subject4,609,0,609,1.0,0.0,0.03478189204995752,0.03442442815687728,0.034507747879077476,0.7881807306120313
0.0,10.0,0.0,subject4_k2_0_cam4_segment000,subject4,410,0,409,1.0,0.0,0.04274513267148364,0.042199369760988495,0.042396428818566124,0.8157744078079383
0.0,10.0,0.0,subject4_k2_1_cam4_segment000,subject4,991,0,991,1.0,0.0,0.0485104613793698,0.04754235961114565,0.047780803917771446,1.5041239370868058
0.0,10.0,0.0,subject4_k2_2_cam4_segment000,subject4,690,0,689,1.0,0.0,0.02478637882923492,0.02435041890567952,0.02441477645872314,1.4992200880650113
0.0,10.0,0.0,subject4_k2_3_cam4_segment000,subject4,876,0,875,1.0,0.0,0.0382475154272692,0.03819015871338697,0.038207210188972024,0.1053800170989453
0.0,10.0,0.0,subject4_k2_4_cam4_segment000,subject4,391,0,390,1.0,0.0,0.02853600047838398,0.028325827322287275,0.02836620733991972,0.5950137917641283
0.0,10.0,0.0,subject4_k2_4_cam4_segment001,subject4,187,0,186,1.0,0.0,0.03953834913549475,0.03911499931488499,0.039189109120020243,0.8832943790285396
0.0,10.0,0.0,subject4_k2_5_cam4_segment000,subject4,736,0,736,1.0,0.0,0.026911201425076556,0.026487987542257455,0.026575941287329725,1.2458014506718664
0.0,10.0,0.0,subject4_k2_6_cam4_segment000,subject4,506,0,505,1.0,0.0,0.01606515234025695,0.01609829426239137,0.01606553687701749,-0.002393607930985984
0.0,10.0,0.0,subject4_k2_7_cam4_segment000,subject4,469,0,468,1.0,0.0,0.0204782921464813,0.01993490804876007,0.020057517998838526,2.05473261458024
0.0,10.0,0.0,subject4_o1_0_cam4_segment000,subject4,427,0,427,1.0,0.0,0.004726303028571158,0.004423150659479845,0.004538476811212274,3.9740620993501317
0.0,10.0,0.0,subject4_o1_1_cam4_segment000,subject4,775,0,774,1.0,0.0,0.024449778407379903,0.02414469700784588,0.024206211201259244,0.9961939207070306
0.0,10.0,0.0,subject4_o1_2_cam4_segment000,subject4,586,0,586,1.0,0.0,0.05878183498873846,0.058529496813598515,0.05858631277659588,0.3326235259243547
0.0,10.0,0.0,subject4_o1_3_cam4_segment000,subject4,625,0,624,1.0,0.0,0.02299622650810228,0.022617850229262864,0.022701366064094383,1.28221229645659
0.0,10.0,0.0,subject4_o1_4_cam4_segment000,subject4,261,0,260,1.0,0.0,0.02922140628091255,0.02849236959960267,0.028698033763928436,1.7910586230957006
0.0,10.0,0.0,subject4_o1_4_cam4_segment001,subject4,318,0,317,1.0,0.0,0.006954865868190899,0.006743039226859668,0.0067947625481454355,2.302033181944159
0.0,10.0,0.0,subject4_o1_5_cam4_segment000,subject4,560,0,560,1.0,0.0,0.02052160576459131,0.020457067144432257,0.020462102376650852,0.2899548340565322
0.0,10.0,0.0,subject4_o1_6_cam4_segment000,subject4,593,0,593,1.0,0.0,0.010306985631927097,0.00989474340491799,0.010048916112760445,2.503831172202777
0.0,10.0,0.0,subject4_o1_7_cam4_segment000,subject4,697,0,696,1.0,0.0,0.020749785243518722,0.020692121792902845,0.02067372869109315,0.36654139564807575
0.0,10.0,0.0,subject4_o2_0_cam4_segment000,subject4,463,0,462,1.0,0.0,0.005104504439300863,0.004791586941746866,0.004893849306941208,4.126847862796792
0.0,10.0,0.0,subject4_o2_1_cam4_segment000,subject4,839,0,839,1.0,0.0,0.026629657998188467,0.026263771016456435,0.026399158491916843,0.8655744143890398
0.0,10.0,0.0,subject4_o2_2_cam4_segment000,subject4,664,0,664,1.0,0.0,0.03449918914499391,0.033932148327657556,0.0341491396775676,1.014659985065492
0.0,10.0,0.0,subject4_o2_3_cam4_segment000,subject4,322,0,322,1.0,0.0,0.03645681598615722,0.03517913492493898,0.03550589729404073,2.6083426826894542
0.0,10.0,0.0,subject4_o2_3_cam4_segment001,subject4,422,0,422,1.0,0.0,0.030221861759885532,0.029606343866774198,0.02982302835558328,1.3196850924374133
0.0,10.0,0.0,subject4_o2_4_cam4_segment000,subject4,503,0,502,1.0,0.0,0.024116319439266398,0.02374696497890173,0.023832245691255274,1.1779316024011244
0.0,10.0,0.0,subject4_o2_5_cam4_segment000,subject4,512,0,511,1.0,0.0,0.01782273415660634,0.017671403197205646,0.017712229523527426,0.620020655124637
0.0,10.0,0.0,subject4_o2_6_cam4_segment000,subject4,633,0,633,1.0,0.0,0.030833874603958557,0.030388802446071585,0.030506871301446192,1.0605326340348527
0.0,10.0,0.01,subject4_h1_0_cam4_segment000,subject4,467,2,466,1.0,0.0,0.026073431350224302,0.025692875239059654,0.0257935697639413,1.0733592465212412
0.0,10.0,0.01,subject4_h1_1_cam4_segment000,subject4,970,5,969,1.0,0.0,0.02658983626548399,0.026017000027443043,0.02615189625214209,1.6470203463057327
0.0,10.0,0.01,subject4_h1_2_cam4_segment000,subject4,530,5,530,1.0,0.0,0.019599241385328446,0.0179986960501255,0.018333945705603937,6.455840074869842
0.0,10.0,0.01,subject4_h1_3_cam4_segment000,subject4,753,8,752,1.0,0.0,0.03765816407565187,0.036932653088807756,0.03713227847488196,1.3964716912737776
0.0,10.0,0.01,subject4_h1_4_cam4_segment000,subject4,234,2,233,1.0,0.0,0.0405454927092347,0.04002099211063461,0.040097259235944156,1.1055075258425817
0.0,10.0,0.01,subject4_h1_4_cam4_segment001,subject4,371,1,371,1.0,0.0,0.023161839949120102,0.022711907356421857,0.02282944679775226,1.435089578798637
0.0,10.0,0.01,subject4_h1_5_cam4_segment000,subject4,437,3,436,1.0,0.0,0.023629771677830702,0.02314469810999716,0.023246734879917096,1.6209923783265716
0.0,10.0,0.01,subject4_h1_6_cam4_segment000,subject4,658,5,657,1.0,0.0,0.03699570456900956,0.0367369881352069,0.03678958064670419,0.5571563637094014
0.0,10.0,0.01,subject4_h1_7_cam4_segment000,subject4,550,5,550,1.0,0.0,0.026014257015715952,0.025546334987631054,0.025675522778462852,1.3021099816476034
0.0,10.0,0.01,subject4_h2_0_cam4_segment000,subject4,464,7,463,1.0,0.0,0.010571686150857256,0.010055500319529528,0.010170110909768633,3.7985921579412274
0.0,10.0,0.01,subject4_h2_1_cam4_segment000,subject4,806,8,806,1.0,0.0,0.02025696780448644,0.019520195687322633,0.019695990604517617,2.7693048899676893
0.0,10.0,0.01,subject4_h2_2_cam4_segment000,subject4,544,6,543,1.0,0.0,0.021442630127850106,0.02129570732775911,0.021284622026328606,0.7368876885875892
0.0,10.0,0.01,subject4_h2_3_cam4_segment000,subject4,794,8,794,1.0,0.0,0.03343439553517521,0.03328213735541997,0.03336105838636556,0.21934641747148156
0.0,10.0,0.01,subject4_h2_4_cam4_segment000,subject4,266,3,266,1.0,0.0,0.012249326122567409,0.012219150164149973,0.012168210225391574,0.6622070174651653
0.0,10.0,0.01,subject4_h2_4_cam4_segment001,subject4,213,2,212,1.0,0.0,0.06252927579036315,0.06220280262318024,0.06228883035477009,0.38453257702708016
0.0,10.0,0.01,subject4_h2_5_cam4_segment000,subject4,608,3,607,1.0,0.0,0.044440022247254615,0.044226482613081285,0.04427314500431981,0.37551115975221233
0.0,10.0,0.01,subject4_h2_6_cam4_segment000,subject4,527,7,526,1.0,0.0,0.022537147182647887,0.02165125934546329,0.02187814501003143,2.9240709450743894
0.0,10.0,0.01,subject4_h2_7_cam4_segment000,subject4,731,9,731,1.0,0.0,0.022825377047133746,0.022093892667384495,0.0222868745430558,2.3592272012241184
0.0,10.0,0.01,subject4_k1_0_cam4_segment000,subject4,514,3,514,1.0,0.0,0.045749976215343435,0.04537417648857196,0.04547181851347581,0.6079952928463824
0.0,10.0,0.01,subject4_k1_1_cam4_segment000,subject4,802,8,801,1.0,0.0,0.039466940800693594,0.03902845959797031,0.03916797221064168,0.7575165036522407
0.0,10.0,0.01,subject4_k1_2_cam4_segment000,subject4,810,11,810,1.0,0.0,0.04443322861140171,0.044291109160354274,0.044348420837382836,0.1908656576828497
0.0,10.0,0.01,subject4_k1_3_cam4_segment000,subject4,304,3,304,1.0,0.0,0.043766574652938865,0.04309605055828459,0.043280976364147745,1.109518605561042
0.0,10.0,0.01,subject4_k1_3_cam4_segment001,subject4,176,2,176,1.0,0.0,0.03498812027576654,0.03452067193060478,0.034622824577429635,1.0440563695841494
0.0,10.0,0.01,subject4_k1_4_cam4_segment000,subject4,659,8,658,1.0,0.0,0.06461647552852087,0.0642757695604122,0.0643646832273991,0.3896719823578574
0.0,10.0,0.01,subject4_k1_5_cam4_segment000,subject4,427,3,426,1.0,0.0,0.02818866013931385,0.027764975670812746,0.02785520422442249,1.1829434717484135
0.0,10.0,0.01,subject4_k1_6_cam4_segment000,subject4,609,5,609,1.0,0.0,0.03211199092587199,0.03130457596277117,0.03151067224990703,1.8725674074617735
0.0,10.0,0.01,subject4_k2_0_cam4_segment000,subject4,410,5,410,1.0,0.0,0.04755926096100471,0.046904715458379063,0.04716771395131013,0.8232823676878112
0.0,10.0,0.01,subject4_k2_1_cam4_segment000,subject4,991,10,991,1.0,0.0,0.043338839735172816,0.0424534038080262,0.0426886321310756,1.500288443507921
0.0,10.0,0.01,subject4_k2_2_cam4_segment000,subject4,690,9,690,1.0,0.0,0.02461913204727993,0.02458058471717452,0.024584833098786382,0.13931826852253196
0.0,10.0,0.01,subject4_k2_3_cam4_segment000,subject4,876,7,875,1.0,0.0,0.035263990827585606,0.03547808805418705,0.035430657778167035,-0.47262645738624687
0.0,10.0,0.01,subject4_k2_4_cam4_segment000,subject4,391,2,391,1.0,0.0,0.030455248935820974,0.03021331302081596,0.030267549154917604,0.6163134023265191
0.0,10.0,0.01,subject4_k2_4_cam4_segment001,subject4,187,2,187,1.0,0.0,0.03976257151233884,0.03955468324681989,0.039594645750892166,0.4223211805971008
0.0,10.0,0.01,subject4_k2_5_cam4_segment000,subject4,736,10,736,1.0,0.0,0.0120602732201672,0.012210345506756017,0.012110054135320677,-0.4127677229586547
0.0,10.0,0.01,subject4_k2_6_cam4_segment000,subject4,506,5,506,1.0,0.0,0.016606097647286835,0.016675800417143095,0.016627308748247763,-0.12773079751456726
0.0,10.0,0.01,subject4_k2_7_cam4_segment000,subject4,469,1,469,1.0,0.0,0.02040379323170958,0.019413216506785444,0.01965807651590931,3.6547945145873673
0.0,10.0,0.01,subject4_o1_0_cam4_segment000,subject4,427,4,427,1.0,0.0,0.004502803764414328,0.004275437744928032,0.004349489584131762,3.4048603559899493
0.0,10.0,0.01,subject4_o1_1_cam4_segment000,subject4,775,10,774,1.0,0.0,0.028497701204071132,0.028077941155130768,0.028248748639210276,0.8735882346372952
0.0,10.0,0.01,subject4_o1_2_cam4_segment000,subject4,586,3,585,1.0,0.0,0.053592947320134705,0.05336245062215141,0.053436756460965934,0.29143920418441127
0.0,10.0,0.01,subject4_o1_3_cam4_segment000,subject4,625,5,624,1.0,0.0,0.030316479145167323,0.029928981052303766,0.0300639341146161,0.8330288927745826
0.0,10.0,0.01,subject4_o1_4_cam4_segment000,subject4,261,2,260,1.0,0.0,0.029808421787105174,0.029200232136303614,0.02937418604131077,1.4567552381530295
0.0,10.0,0.01,subject4_o1_4_cam4_segment001,subject4,318,2,318,1.0,0.0,0.006638012333575516,0.006232489092416272,0.006395659873588151,3.6509793565994055
0.0,10.0,0.01,subject4_o1_5_cam4_segment000,subject4,560,4,560,1.0,0.0,0.02513879249223217,0.024917341318847028,0.025039319023377502,0.39569708404014714
0.0,10.0,0.01,subject4_o1_6_cam4_segment000,subject4,593,5,593,1.0,0.0,0.009199162911391135,0.009222736911361187,0.009199606446269635,-0.004821469983436459
0.0,10.0,0.01,subject4_o1_7_cam4_segment000,subject4,697,6,696,1.0,0.0,0.03271315144724403,0.03206341864189815,0.03226342933860506,1.3747440669671707
0.0,10.0,0.01,subject4_o2_0_cam4_segment000,subject4,463,5,463,1.0,0.0,0.005340976073807612,0.005072573757126361,0.005148786235789472,3.5984029016839734
0.0,10.0,0.01,subject4_o2_1_cam4_segment000,subject4,839,9,839,1.0,0.0,0.026619640997840616,0.026216768648200037,0.026321480438037025,1.120077313693967
0.0,10.0,0.01,subject4_o2_2_cam4_segment000,subject4,664,8,663,1.0,0.0,0.03718194054945122,0.036687598774926874,0.03692566155709528,0.6892566352611246
0.0,10.0,0.01,subject4_o2_3_cam4_segment000,subject4,322,4,321,1.0,0.0,0.03043214241512892,0.029693704979124155,0.029879736329140132,1.815206035951535
0.0,10.0,0.01,subject4_o2_3_cam4_segment001,subject4,422,3,422,1.0,0.0,0.04234355619998672,0.04151112065694221,0.04183351848946621,1.2045226152277413
0.0,10.0,0.01,subject4_o2_4_cam4_segment000,subject4,503,6,503,1.0,0.0,0.03633276639728331,0.036396555983038606,0.036375824844335054,-0.11851133651898586
0.0,10.0,0.01,subject4_o2_5_cam4_segment000,subject4,512,4,511,1.0,0.0,0.0258235096063942,0.025217814934367273,0.02536994801070553,1.756390214195994
0.0,10.0,0.01,subject4_o2_6_cam4_segment000,subject4,633,4,633,1.0,0.0,0.031029492955224995,0.03062902257348858,0.030718493065293305,1.002271904282991
0.0,10.0,0.05,subject4_h1_0_cam4_segment000,subject4,467,28,467,1.0,0.0,0.03766659972377064,0.0372168371539287,0.03732598876819298,0.9042784803394689
0.0,10.0,0.05,subject4_h1_1_cam4_segment000,subject4,970,51,968,1.0,0.0,0.022696843494075327,0.0224993531941306,0.022521543471968424,0.7723541916860039
0.0,10.0,0.05,subject4_h1_2_cam4_segment000,subject4,530,22,530,1.0,0.0,0.02914753815569033,0.027987344819513173,0.02823472276952838,3.131706634317403
0.0,10.0,0.05,subject4_h1_3_cam4_segment000,subject4,753,35,752,1.0,0.0,0.033618256564457015,0.03322151115930901,0.0332986698237599,0.9506344866051212
0.0,10.0,0.05,subject4_h1_4_cam4_segment000,subject4,234,6,233,1.0,0.0,0.05041356702131938,0.048866208431049274,0.04921354801979676,2.3803493234572155
0.0,10.0,0.05,subject4_h1_4_cam4_segment001,subject4,371,16,371,1.0,0.0,0.03366132859280695,0.03339506707934257,0.03347032424860684,0.5674296059749793
0.0,10.0,0.05,subject4_h1_5_cam4_segment000,subject4,437,22,437,1.0,0.0,0.026387387314022712,0.025898964775390828,0.026009823947510943,1.430847859314689
0.0,10.0,0.05,subject4_h1_6_cam4_segment000,subject4,658,34,657,1.0,0.0,0.048030383204586996,0.04773491571042098,0.0478769591027815,0.3194313506764641
0.0,10.0,0.05,subject4_h1_7_cam4_segment000,subject4,550,31,549,1.0,0.0,0.031676064739208275,0.030925329147166905,0.03109867554813517,1.822793316741838
0.0,10.0,0.05,subject4_h2_0_cam4_segment000,subject4,464,19,463,1.0,0.0,0.023516902757538413,0.023114457649963043,0.023322469311547408,0.8267816897302904
0.0,10.0,0.05,subject4_h2_1_cam4_segment000,subject4,806,40,806,1.0,0.0,0.02576995751851359,0.02477060936256375,0.025002131135732655,2.9795407393641016
0.0,10.0,0.05,subject4_h2_2_cam4_segment000,subject4,544,28,544,1.0,0.0,0.022028482235548416,0.021818571425699245,0.02182625635475725,0.9180200370991717
0.0,10.0,0.05,subject4_h2_3_cam4_segment000,subject4,794,31,793,1.0,0.0,0.03153758853604586,0.031097503407656567,0.031224630046114962,0.9923348754873915
0.0,10.0,0.05,subject4_h2_4_cam4_segment000,subject4,266,16,265,1.0,0.0,0.02792507517901026,0.027457515563480826,0.027581528258944416,1.2302452826485795
0.0,10.0,0.05,subject4_h2_4_cam4_segment001,subject4,213,7,212,1.0,0.0,0.06481322139987464,0.06422429932888067,0.06438143412628536,0.6662024572506657
0.0,10.0,0.05,subject4_h2_5_cam4_segment000,subject4,608,19,607,1.0,0.0,0.05862752944502296,0.05850534395388753,0.05853652544033251,0.15522401430165275
0.0,10.0,0.05,subject4_h2_6_cam4_segment000,subject4,527,29,527,1.0,0.0,0.023922215639690325,0.02304992557585642,0.023293950105719136,2.626284886960088
0.0,10.0,0.05,subject4_h2_7_cam4_segment000,subject4,731,30,731,1.0,0.0,0.019496126234438395,0.019146255035779935,0.019216908549970532,1.4321700686090462
0.0,10.0,0.05,subject4_k1_0_cam4_segment000,subject4,514,20,514,1.0,0.0,0.035818561261999116,0.035595273916593596,0.03566760522191903,0.42144640868152106
0.0,10.0,0.05,subject4_k1_1_cam4_segment000,subject4,802,43,802,1.0,0.0,0.044655880252651985,0.04355478514535499,0.043708620441594015,2.121243172676491
0.0,10.0,0.05,subject4_k1_2_cam4_segment000,subject4,810,55,810,1.0,0.0,0.028424089142734282,0.028287426718675925,0.028322652759675274,0.3568676644294053
0.0,10.0,0.05,subject4_k1_3_cam4_segment000,subject4,304,14,303,1.0,0.0,0.04431113359117255,0.04320135050543458,0.043432398412762,1.9831024557349761
0.0,10.0,0.05,subject4_k1_3_cam4_segment001,subject4,176,15,175,1.0,0.0,0.04855044048026449,0.0481977314603885,0.04826713028982566,0.583537837424957
0.0,10.0,0.05,subject4_k1_4_cam4_segment000,subject4,659,30,658,1.0,0.0,0.05145230547807927,0.0513970164846807,0.05140393170770075,0.09401672078450297
0.0,10.0,0.05,subject4_k1_5_cam4_segment000,subject4,427,17,427,1.0,0.0,0.02773100024410642,0.027283233222786626,0.027429160170593506,1.0884572170348046
0.0,10.0,0.05,subject4_k1_6_cam4_segment000,subject4,609,28,608,1.0,0.0,0.035191001042837684,0.034627915885627164,0.03471836313910809,1.3430646748418957
0.0,10.0,0.05,subject4_k2_0_cam4_segment000,subject4,410,14,410,1.0,0.0,0.04412111246744319,0.043195397582677375,0.04338860089869961,1.6602291460445444
0.0,10.0,0.05,subject4_k2_1_cam4_segment000,subject4,991,50,991,1.0,0.0,0.04768604916874955,0.04689481736693628,0.047099808142319545,1.2293763829237312
0.0,10.0,0.05,subject4_k2_2_cam4_segment000,subject4,690,39,689,1.0,0.0,0.030368265742853732,0.03004241375501665,0.03008299797996432,0.9393613889740787
0.0,10.0,0.05,subject4_k2_3_cam4_segment000,subject4,876,57,876,1.0,0.0,0.031766994443644364,0.03155160847716506,0.03160763936010902,0.5016372695189848
0.0,10.0,0.05,subject4_k2_4_cam4_segment000,subject4,391,14,391,1.0,0.0,0.05085824219964913,0.05034584133029149,0.050496915324114836,0.7104588359854596
0.0,10.0,0.05,subject4_k2_4_cam4_segment001,subject4,187,8,186,1.0,0.0,0.05143854030791169,0.05142152660220535,0.051414545592285,0.046647349405828036
0.0,10.0,0.05,subject4_k2_5_cam4_segment000,subject4,736,41,735,1.0,0.0,0.020944402923984255,0.020585367168450962,0.020632380302354536,1.4897661335210908
0.0,10.0,0.05,subject4_k2_6_cam4_segment000,subject4,506,30,506,1.0,0.0,0.02184491218512842,0.021752913635436234,0.02174751937352292,0.44583750568611974
0.0,10.0,0.05,subject4_k2_7_cam4_segment000,subject4,469,21,467,1.0,0.0,0.004812859184436133,0.004664039776140893,0.00467577713868789,2.8482455125955104
0.0,10.0,0.05,subject4_o1_0_cam4_segment000,subject4,427,20,427,1.0,0.0,0.00562495858088577,0.005087960123476783,0.005325657261329025,5.320951527959757
0.0,10.0,0.05,subject4_o1_1_cam4_segment000,subject4,775,29,774,1.0,0.0,0.02954404782086042,0.029097061358280604,0.029211433043854547,1.1258266945094184
0.0,10.0,0.05,subject4_o1_2_cam4_segment000,subject4,586,30,585,1.0,0.0,0.05536219985727668,0.05509039511843981,0.05518883869598226,0.31313994339340356
0.0,10.0,0.05,subject4_o1_3_cam4_segment000,subject4,625,40,625,1.0,0.0,0.03166994121007757,0.03089376752574067,0.0310502737715956,1.9566422127894312
0.0,10.0,0.05,subject4_o1_4_cam4_segment000,subject4,261,11,260,1.0,0.0,0.035995244672729305,0.035277223817340844,0.03558761153230856,1.132463868844244
0.0,10.0,0.05,subject4_o1_4_cam4_segment001,subject4,318,19,317,1.0,0.0,0.0069499528708543415,0.00644228265845895,0.0066407850162334865,4.44848850583428
0.0,10.0,0.05,subject4_o1_5_cam4_segment000,subject4,560,22,560,1.0,0.0,0.02517267205354288,0.024934864492298814,0.025062732016371467,0.43674361203119805
0.0,10.0,0.05,subject4_o1_6_cam4_segment000,subject4,593,37,592,1.0,0.0,0.015885153890095077,0.015663719421053674,0.01574179083269175,0.9024971265321976
0.0,10.0,0.05,subject4_o1_7_cam4_segment000,subject4,697,38,696,1.0,0.0,0.027694404695830066,0.02695740641958229,0.027120689843955575,2.071591204705962
0.0,10.0,0.05,subject4_o2_0_cam4_segment000,subject4,463,23,462,1.0,0.0,0.006345847884775071,0.006224927587253136,0.006240933169269049,1.6532812858267962
0.0,10.0,0.05,subject4_o2_1_cam4_segment000,subject4,839,52,839,1.0,0.0,0.021274083564452494,0.02088754811095595,0.020990788045013982,1.3316461721146917
0.0,10.0,0.05,subject4_o2_2_cam4_segment000,subject4,664,28,664,1.0,0.0,0.032613338226772405,0.03215044374868498,0.032301360675373,0.9565949650112782
0.0,10.0,0.05,subject4_o2_3_cam4_segment000,subject4,322,20,321,1.0,0.0,0.040033330132202165,0.03880274549089795,0.039068314754397954,2.4105298625356384
0.0,10.0,0.05,subject4_o2_3_cam4_segment001,subject4,422,21,422,1.0,0.0,0.05118255821763676,0.05050937104853157,0.05077129610743073,0.8035200359803674
0.0,10.0,0.05,subject4_o2_4_cam4_segment000,subject4,503,31,502,1.0,0.0,0.04751797008097116,0.04725646368980562,0.047321083988166986,0.4143402853040191
0.0,10.0,0.05,subject4_o2_5_cam4_segment000,subject4,512,26,511,1.0,0.0,0.0235517264227747,0.023213764889802785,0.023279298316557454,1.156722447123048
0.0,10.0,0.05,subject4_o2_6_cam4_segment000,subject4,633,28,633,1.0,0.0,0.03183738690015428,0.031419555213187206,0.031513419157366836,1.0175701410528581
20.0,0.0,0.0,subject4_h1_0_cam4_segment000,subject4,467,0,466,1.0,0.0,0.03689991081649216,0.03647660909444438,0.036577950733364575,0.8725226592788579
20.0,0.0,0.0,subject4_h1_1_cam4_segment000,subject4,970,0,969,1.0,0.0,0.037658127245246364,0.03668547275127368,0.036941993091845864,1.9016722439135616
20.0,0.0,0.0,subject4_h1_2_cam4_segment000,subject4,530,0,529,1.0,0.0,0.03663382314976646,0.03551133081902437,0.0357283973041445,2.471557068778741
20.0,0.0,0.0,subject4_h1_3_cam4_segment000,subject4,753,0,752,1.0,0.0,0.05674647605093044,0.056115222060412195,0.056298005121659646,0.7903062189593681
20.0,0.0,0.0,subject4_h1_4_cam4_segment000,subject4,234,0,233,1.0,0.0,0.0660619828918596,0.06446204005924701,0.06482311697947005,1.8753083969906328
20.0,0.0,0.0,subject4_h1_4_cam4_segment001,subject4,371,0,370,1.0,0.0,0.04136753942412162,0.0407282140642208,0.04089822442707835,1.1345006340155026
20.0,0.0,0.0,subject4_h1_5_cam4_segment000,subject4,437,0,436,1.0,0.0,0.03151976269959353,0.031043552467491645,0.03114484928802668,1.1894550575778364
20.0,0.0,0.0,subject4_h1_6_cam4_segment000,subject4,658,0,657,1.0,0.0,0.059494048425666135,0.059249999367141766,0.05936061197520325,0.2242853764265226
20.0,0.0,0.0,subject4_h1_7_cam4_segment000,subject4,550,0,549,1.0,0.0,0.04264950883392843,0.041946527445940004,0.042134022239126684,1.2086577522122985
20.0,0.0,0.0,subject4_h2_0_cam4_segment000,subject4,464,0,463,1.0,0.0,0.02583192527374768,0.02540089623404192,0.02558887263720098,0.9409001999309203
20.0,0.0,0.0,subject4_h2_1_cam4_segment000,subject4,806,0,805,1.0,0.0,0.028509914539827513,0.027691466803519,0.027900472267989782,2.137650293501786
20.0,0.0,0.0,subject4_h2_2_cam4_segment000,subject4,544,0,543,1.0,0.0,0.029409018101425315,0.028378997598585153,0.028577676629092844,2.8268249877141596
20.0,0.0,0.0,subject4_h2_3_cam4_segment000,subject4,794,0,793,1.0,0.0,0.0481512743321817,0.04765800478177761,0.04783504118237585,0.6567492848148658
20.0,0.0,0.0,subject4_h2_4_cam4_segment000,subject4,266,0,265,1.0,0.0,0.0358649763468351,0.03499202341627537,0.035208799973363854,1.8295742540735078
20.0,0.0,0.0,subject4_h2_4_cam4_segment001,subject4,213,0,212,1.0,0.0,0.08108914892828459,0.08045250406238202,0.08061545162793995,0.5841685436402496
20.0,0.0,0.0,subject4_h2_5_cam4_segment000,subject4,608,0,607,1.0,0.0,0.08000396968578552,0.0799026299006967,0.07992452145219213,0.09930536435307187
20.0,0.0,0.0,subject4_h2_6_cam4_segment000,subject4,527,0,526,1.0,0.0,0.0313760044260531,0.030308900749951333,0.030606499721692836,2.452526121271535
20.0,0.0,0.0,subject4_h2_7_cam4_segment000,subject4,731,0,730,1.0,0.0,0.033006068562651945,0.03216561116246902,0.03236848727182885,1.9317092843482389
20.0,0.0,0.0,subject4_k1_0_cam4_segment000,subject4,514,0,513,1.0,0.0,0.05610599690403289,0.05572641964477366,0.05583029871216338,0.4913880994594609
20.0,0.0,0.0,subject4_k1_1_cam4_segment000,subject4,802,0,801,1.0,0.0,0.06304913606123894,0.062045386198773915,0.06234991772375867,1.1090054220586374
20.0,0.0,0.0,subject4_k1_2_cam4_segment000,subject4,810,0,809,1.0,0.0,0.0628550474373746,0.06244323507885679,0.0625847699157851,0.43000130078462995
20.0,0.0,0.0,subject4_k1_3_cam4_segment000,subject4,304,0,303,1.0,0.0,0.05326903093376217,0.0526686487897613,0.05282588288292359,0.8319055989391098
20.0,0.0,0.0,subject4_k1_3_cam4_segment001,subject4,176,0,175,1.0,0.0,0.05852655832719291,0.05808652467515418,0.0582006935235396,0.5567810801919437
20.0,0.0,0.0,subject4_k1_4_cam4_segment000,subject4,659,0,658,1.0,0.0,0.07578076520485166,0.07550745304518272,0.07558343727473127,0.26039316122894085
20.0,0.0,0.0,subject4_k1_5_cam4_segment000,subject4,427,0,426,1.0,0.0,0.035723411396750636,0.03521366409103191,0.03536497941809809,1.0033531643205549
20.0,0.0,0.0,subject4_k1_6_cam4_segment000,subject4,609,0,608,1.0,0.0,0.05166234322037476,0.05043741569884461,0.05075813030742987,1.750235967981184
20.0,0.0,0.0,subject4_k2_0_cam4_segment000,subject4,410,0,409,1.0,0.0,0.06382781099389624,0.06287058920197956,0.06318212695228975,1.0116029855202702
20.0,0.0,0.0,subject4_k2_1_cam4_segment000,subject4,991,0,990,1.0,0.0,0.06708963636517723,0.06586393452543474,0.06619892314378548,1.3276465183735542
20.0,0.0,0.0,subject4_k2_2_cam4_segment000,subject4,690,0,689,1.0,0.0,0.0355169309401202,0.03512973761130453,0.03519023544642403,0.9198303036007297
20.0,0.0,0.0,subject4_k2_3_cam4_segment000,subject4,876,0,875,1.0,0.0,0.047358813023645696,0.0474184491887899,0.04740024178234553,-0.08747845660563813
20.0,0.0,0.0,subject4_k2_4_cam4_segment000,subject4,391,0,390,1.0,0.0,0.04886735995416044,0.048391355916938036,0.04853034558849441,0.6896512641201855
20.0,0.0,0.0,subject4_k2_4_cam4_segment001,subject4,187,0,186,1.0,0.0,0.06957408780876541,0.0692943987886268,0.06934299624720733,0.3321517663203427
20.0,0.0,0.0,subject4_k2_5_cam4_segment000,subject4,736,0,735,1.0,0.0,0.037886784982653764,0.037508639940989276,0.037570302246283604,0.8353380644862288
20.0,0.0,0.0,subject4_k2_6_cam4_segment000,subject4,506,0,505,1.0,0.0,0.022674553926830644,0.022549812412044117,0.022544263024785377,0.5746128566220401
20.0,0.0,0.0,subject4_k2_7_cam4_segment000,subject4,469,0,468,1.0,0.0,0.02892180497406166,0.02820954261681869,0.02837618134469531,1.886547640632002
20.0,0.0,0.0,subject4_o1_0_cam4_segment000,subject4,427,0,426,1.0,0.0,0.006845996593168009,0.00635348995616694,0.006548167644277717,4.350410416322899
20.0,0.0,0.0,subject4_o1_1_cam4_segment000,subject4,775,0,774,1.0,0.0,0.04048748182079709,0.03980964580052815,0.04000937659387628,1.1808717297780202
20.0,0.0,0.0,subject4_o1_2_cam4_segment000,subject4,586,0,585,1.0,0.0,0.08105159244635743,0.08098021246947196,0.08100604644188693,0.05619384282997852
20.0,0.0,0.0,subject4_o1_3_cam4_segment000,subject4,625,0,624,1.0,0.0,0.037812802080159365,0.03729466298770921,0.03745014107278043,0.9590958284713543
20.0,0.0,0.0,subject4_o1_4_cam4_segment000,subject4,261,0,260,1.0,0.0,0.041140898220261804,0.04029585864356517,0.040612031777409095,1.2855004769736484
20.0,0.0,0.0,subject4_o1_4_cam4_segment001,subject4,318,0,317,1.0,0.0,0.009543502480372478,0.009049369139304184,0.009212739964723562,3.4658398877055303
20.0,0.0,0.0,subject4_o1_5_cam4_segment000,subject4,560,0,559,1.0,0.0,0.02555375028632954,0.025348950282629706,0.02545185197352137,0.3987606972221362
20.0,0.0,0.0,subject4_o1_6_cam4_segment000,subject4,593,0,592,1.0,0.0,0.018979243115760484,0.018735295655140188,0.01881805221164635,0.8493010133806593
20.0,0.0,0.0,subject4_o1_7_cam4_segment000,subject4,697,0,696,1.0,0.0,0.03909769024119889,0.0384607465661378,0.038626172782357145,1.2059982467836146
20.0,0.0,0.0,subject4_o2_0_cam4_segment000,subject4,463,0,462,1.0,0.0,0.007761576746990709,0.007448311818129374,0.007536082250161254,2.9052665995589466
20.0,0.0,0.0,subject4_o2_1_cam4_segment000,subject4,839,0,838,1.0,0.0,0.029842966786760333,0.029314645723490802,0.029490286918862896,1.181785545711563
20.0,0.0,0.0,subject4_o2_2_cam4_segment000,subject4,664,0,663,1.0,0.0,0.04756016060914677,0.04693681467372276,0.047167553679149064,0.8254953830458709
20.0,0.0,0.0,subject4_o2_3_cam4_segment000,subject4,322,0,321,1.0,0.0,0.04289608272418793,0.0415418226038517,0.04188044780697433,2.367663555070751
20.0,0.0,0.0,subject4_o2_3_cam4_segment001,subject4,422,0,421,1.0,0.0,0.05402816326937582,0.053404955604022517,0.0536336019100661,0.7302883078636144
20.0,0.0,0.0,subject4_o2_4_cam4_segment000,subject4,503,0,502,1.0,0.0,0.051467106807450876,0.05123550444870393,0.051285983223752225,0.35192105197650053
20.0,0.0,0.0,subject4_o2_5_cam4_segment000,subject4,512,0,511,1.0,0.0,0.03265482175039774,0.03200695434157698,0.03216748099970945,1.4924005845548654
20.0,0.0,0.0,subject4_o2_6_cam4_segment000,subject4,633,0,632,1.0,0.0,0.042210035623575524,0.04145711378762792,0.04163112338310029,1.3715037950640785
20.0,0.0,0.01,subject4_h1_0_cam4_segment000,subject4,467,5,466,1.0,0.0,0.03692571663558993,0.0364920505986394,0.036597075854888896,0.8900051526265692
20.0,0.0,0.01,subject4_h1_1_cam4_segment000,subject4,970,13,969,1.0,0.0,0.03925179818963995,0.038150595013039926,0.03847006820942516,1.9915774977695535
20.0,0.0,0.01,subject4_h1_2_cam4_segment000,subject4,530,5,529,1.0,0.0,0.036646715095434004,0.03555302265270121,0.03576294488124091,2.4115946324018713
20.0,0.0,0.01,subject4_h1_3_cam4_segment000,subject4,753,4,752,1.0,0.0,0.05676200529305905,0.0561177607740915,0.056300859453948734,0.8124199219697085
20.0,0.0,0.01,subject4_h1_4_cam4_segment000,subject4,234,0,233,1.0,0.0,0.0660619828918596,0.06446204005924701,0.06482311697947005,1.8753083969906328
20.0,0.0,0.01,subject4_h1_4_cam4_segment001,subject4,371,5,370,1.0,0.0,0.04138674966722669,0.04074770363093355,0.04091741393492479,1.1340241407591334
20.0,0.0,0.01,subject4_h1_5_cam4_segment000,subject4,437,3,436,1.0,0.0,0.031525065435267806,0.031047369796509062,0.031149079189466456,1.1926580979613937
20.0,0.0,0.01,subject4_h1_6_cam4_segment000,subject4,658,11,657,1.0,0.0,0.05952596532317282,0.059285733526135066,0.05939400829510054,0.22167977848972933
20.0,0.0,0.01,subject4_h1_7_cam4_segment000,subject4,550,4,549,1.0,0.0,0.044333808512326094,0.0436525092557428,0.04383380482931426,1.1278157681238188
20.0,0.0,0.01,subject4_h2_0_cam4_segment000,subject4,464,1,463,1.0,0.0,0.025896637911923804,0.025492791771285443,0.02567008199620443,0.8748468294992846
20.0,0.0,0.01,subject4_h2_1_cam4_segment000,subject4,806,6,805,1.0,0.0,0.028532865362169132,0.027715054248232302,0.027923669434100486,2.13506747512418
20.0,0.0,0.01,subject4_h2_2_cam4_segment000,subject4,544,4,543,1.0,0.0,0.02939383774531046,0.028364590324885825,0.02856249302815625,2.8282959318125998
20.0,0.0,0.01,subject4_h2_3_cam4_segment000,subject4,794,12,793,1.0,0.0,0.04948064608954532,0.04899587477446897,0.04916996174148369,0.6278906453634013
20.0,0.0,0.01,subject4_h2_4_cam4_segment000,subject4,266,2,265,1.0,0.0,0.035905407837182025,0.035031399515109675,0.03524865668506828,1.8291148650695463
20.0,0.0,0.01,subject4_h2_4_cam4_segment001,subject4,213,4,212,1.0,0.0,0.08119928978407405,0.08053512787682415,0.08069384297789954,0.6224768806705058
20.0,0.0,0.01,subject4_h2_5_cam4_segment000,subject4,608,6,607,1.0,0.0,0.08000815241297542,0.07990669931325609,0.07992810267223069,0.1000519801176486
20.0,0.0,0.01,subject4_h2_6_cam4_segment000,subject4,527,5,526,1.0,0.0,0.031381961715176675,0.030311152886251216,0.03061082694002292,2.4572548464388184
20.0,0.0,0.01,subject4_h2_7_cam4_segment000,subject4,731,10,730,1.0,0.0,0.0330126598923029,0.0321727369149438,0.03237529139229281,1.9306790246207775
20.0,0.0,0.01,subject4_k1_0_cam4_segment000,subject4,514,5,513,1.0,0.0,0.05586359946728516,0.05547261610591894,0.05557969095780435,0.5082173583302193
20.0,0.0,0.01,subject4_k1_1_cam4_segment000,subject4,802,10,801,1.0,0.0,0.06416674449473159,0.06316552096314912,0.06346679512830153,1.0908288583777654
20.0,0.0,0.01,subject4_k1_2_cam4_segment000,subject4,810,3,809,1.0,0.0,0.06483116463485576,0.0644230991673483,0.06456615814156995,0.4087640485534874
20.0,0.0,0.01,subject4_k1_3_cam4_segment000,subject4,304,6,303,1.0,0.0,0.05334509826216339,0.05272825313386565,0.0528917203477575,0.8498961088754072
20.0,0.0,0.01,subject4_k1_3_cam4_segment001,subject4,176,1,175,1.0,0.0,0.05852655832719291,0.0580871233267337,0.0582007133383464,0.5567472240976018
20.0,0.0,0.01,subject4_k1_4_cam4_segment000,subject4,659,9,658,1.0,0.0,0.07578410232082532,0.07551475738971035,0.07559056461097012,0.2553803554152706
20.0,0.0,0.01,subject4_k1_5_cam4_segment000,subject4,427,6,426,1.0,0.0,0.035743656110432474,0.03518095655010682,0.03534900114031624,1.1041259150908291
20.0,0.0,0.01,subject4_k1_6_cam4_segment000,subject4,609,5,608,1.0,0.0,0.05167916000011162,0.050455355815318854,0.05077591811056478,1.7477874825072373
20.0,0.0,0.01,subject4_k2_0_cam4_segment000,subject4,410,3,409,1.0,0.0,0.06369590314587913,0.0627257326091383,0.06303818245548694,1.032594967506541
20.0,0.0,0.01,subject4_k2_1_cam4_segment000,subject4,991,8,990,1.0,0.0,0.06709967647557365,0.06587366275822971,0.06620879801690772,1.327694119345314
20.0,0.0,0.01,subject4_k2_2_cam4_segment000,subject4,690,8,689,1.0,0.0,0.03551749651421341,0.03513327835826478,0.03519145804656798,0.917965790508224
20.0,0.0,0.01,subject4_k2_3_cam4_segment000,subject4,876,10,875,1.0,0.0,0.047368307087580476,0.047429451342134187,0.047411260790857626,-0.09068025842201188
20.0,0.0,0.01,subject4_k2_4_cam4_segment000,subject4,391,2,390,1.0,0.0,0.04895787557146521,0.04847983626126955,0.048618768689928024,0.6926503194408123
20.0,0.0,0.01,subject4_k2_4_cam4_segment001,subject4,187,3,186,1.0,0.0,0.0695782975292673,0.06930133669969027,0.06934767219224164,0.33146159825000854
20.0,0.0,0.01,subject4_k2_5_cam4_segment000,subject4,736,8,735,1.0,0.0,0.03791238724533166,0.03755756249004183,0.0376051766966777,0.8103170783364115
20.0,0.0,0.01,subject4_k2_6_cam4_segment000,subject4,506,3,505,1.0,0.0,0.02271239214804773,0.02258236592509959,0.022577480282498157,0.5940011279752887
20.0,0.0,0.01,subject4_k2_7_cam4_segment000,subject4,469,4,468,1.0,0.0,0.028907695938936207,0.02819131708448816,0.028360498770224795,1.892911734879514
20.0,0.0,0.01,subject4_o1_0_cam4_segment000,subject4,427,12,426,1.0,0.0,0.0070130404921076245,0.006499419634408821,0.006706254209553781,4.374511781289397
20.0,0.0,0.01,subject4_o1_1_cam4_segment000,subject4,775,5,774,1.0,0.0,0.04043627633729293,0.03976596190811567,0.03996265248598951,1.1712845350861762
20.0,0.0,0.01,subject4_o1_2_cam4_segment000,subject4,586,6,585,1.0,0.0,0.08105661420237169,0.08098983976610126,0.0810138220655669,0.05279289941466302
20.0,0.0,0.01,subject4_o1_3_cam4_segment000,subject4,625,4,624,1.0,0.0,0.03781906469979425,0.03730005947970136,0.0374554462974884,0.9614685217422355
20.0,0.0,0.01,subject4_o1_4_cam4_segment000,subject4,261,5,260,1.0,0.0,0.04115819018411838,0.040386029742876986,0.04068976468757514,1.1381100443138263
20.0,0.0,0.01,subject4_o1_4_cam4_segment001,subject4,318,3,317,1.0,0.0,0.009548180553217902,0.009053829381763715,0.009217236789758162,3.466040065069845
20.0,0.0,0.01,subject4_o1_5_cam4_segment000,subject4,560,4,559,1.0,0.0,0.025558662866168334,0.025353441181032176,0.02545648759158827,0.3997676839163253
20.0,0.0,0.01,subject4_o1_6_cam4_segment000,subject4,593,8,592,1.0,0.0,0.019065649868564044,0.018813246188075988,0.01889792805122442,0.8797067946588588
20.0,0.0,0.01,subject4_o1_7_cam4_segment000,subject4,697,6,696,1.0,0.0,0.03930095076410342,0.03864649690948086,0.038814198546656166,1.2385252976929069
20.0,0.0,0.01,subject4_o2_0_cam4_segment000,subject4,463,4,462,1.0,0.0,0.007806131355454997,0.007477806328321655,0.007574189537735793,2.971277412045099
20.0,0.0,0.01,subject4_o2_1_cam4_segment000,subject4,839,7,838,1.0,0.0,0.029853215162532833,0.029325696649681696,0.02950007884653357,1.182908822639862
20.0,0.0,0.01,subject4_o2_2_cam4_segment000,subject4,664,3,663,1.0,0.0,0.047571864034964766,0.046951268488625846,0.04718102235333128,0.8215815998848071
20.0,0.0,0.01,subject4_o2_3_cam4_segment000,subject4,322,7,321,1.0,0.0,0.04872154351540794,0.04692855615769332,0.04733257621109082,2.850827794234114
20.0,0.0,0.01,subject4_o2_3_cam4_segment001,subject4,422,5,421,1.0,0.0,0.05400878816948039,0.053381538496490535,0.053612379878552,0.7339699785236028
20.0,0.0,0.01,subject4_o2_4_cam4_segment000,subject4,503,3,502,1.0,0.0,0.05146764007968552,0.05123649546891199,0.05128670602485779,0.3515491569996071
20.0,0.0,0.01,subject4_o2_5_cam4_segment000,subject4,512,4,511,1.0,0.0,0.035758358835662835,0.035093952187786645,0.03525378006449379,1.411079220631941
20.0,0.0,0.01,subject4_o2_6_cam4_segment000,subject4,633,8,632,1.0,0.0,0.042211411866079795,0.04146284684777049,0.04163554052669804,1.3642551005135073
20.0,0.0,0.05,subject4_h1_0_cam4_segment000,subject4,467,28,466,1.0,0.0,0.03702564863054427,0.03646762873263998,0.03657825980065529,1.2083213837877533
20.0,0.0,0.05,subject4_h1_1_cam4_segment000,subject4,970,52,969,1.0,0.0,0.03952595471023958,0.038275131116186925,0.0385638161276833,2.434194416326202
20.0,0.0,0.05,subject4_h1_2_cam4_segment000,subject4,530,21,529,1.0,0.0,0.036644345778713096,0.03552950634811785,0.035740984084485894,2.4652144144758337
20.0,0.0,0.05,subject4_h1_3_cam4_segment000,subject4,753,36,752,1.0,0.0,0.05898147804847564,0.05831665054292359,0.058513012431208836,0.7942588635737127
20.0,0.0,0.05,subject4_h1_4_cam4_segment000,subject4,234,9,233,1.0,0.0,0.06897539983973269,0.06733822922262657,0.06770426221982186,1.8428854676658337
20.0,0.0,0.05,subject4_h1_4_cam4_segment001,subject4,371,16,370,1.0,0.0,0.04145960741640584,0.04077950872931042,0.04095794103387973,1.2100123802127467
20.0,0.0,0.05,subject4_h1_5_cam4_segment000,subject4,437,31,436,1.0,0.0,0.03616528314189967,0.03530710399667901,0.035458085217224905,1.9554607713147842
20.0,0.0,0.05,subject4_h1_6_cam4_segment000,subject4,658,39,657,1.0,0.0,0.05990719204207279,0.059569356304351034,0.05968109071844392,0.3774193313385066
20.0,0.0,0.05,subject4_h1_7_cam4_segment000,subject4,550,32,549,1.0,0.0,0.042765862418861225,0.041968146993534614,0.04218450021653035,1.3594071753700339
20.0,0.0,0.05,subject4_h2_0_cam4_segment000,subject4,464,24,463,1.0,0.0,0.025893420423023977,0.025456621450164203,0.02564739775433895,0.9501358440318952
20.0,0.0,0.05,subject4_h2_1_cam4_segment000,subject4,806,44,805,1.0,0.0,0.030820621054270716,0.03003894543065549,0.03023552235614542,1.898400090948917
20.0,0.0,0.05,subject4_h2_2_cam4_segment000,subject4,544,22,543,1.0,0.0,0.02950159028930107,0.028465833644128042,0.02866070155081717,2.8503166447567874
20.0,0.0,0.05,subject4_h2_3_cam4_segment000,subject4,794,38,791,1.0,0.0,0.048268639813016344,0.0477583059534538,0.047939113802066585,0.6826917274368628
20.0,0.0,0.05,subject4_h2_4_cam4_segment000,subject4,266,7,265,1.0,0.0,0.035886094530974064,0.03500978748686317,0.03522783266873929,1.8343090014061487
20.0,0.0,0.05,subject4_h2_4_cam4_segment001,subject4,213,15,212,1.0,0.0,0.08118665866132115,0.08053896952324063,0.08069870111748575,0.6010316865865336
20.0,0.0,0.05,subject4_h2_5_cam4_segment000,subject4,608,32,607,1.0,0.0,0.08118189510185275,0.08082003510888372,0.08087439697982528,0.3787767231125613
20.0,0.0,0.05,subject4_h2_6_cam4_segment000,subject4,527,26,526,1.0,0.0,0.03156004544819346,0.030481158746306927,0.030788463926264307,2.4448048504737585
20.0,0.0,0.05,subject4_h2_7_cam4_segment000,subject4,731,44,730,1.0,0.0,0.03310728587048298,0.032259979179233005,0.03246275864439863,1.9467836433519825
20.0,0.0,0.05,subject4_k1_0_cam4_segment000,subject4,514,23,513,1.0,0.0,0.052981089627448075,0.0525459638341596,0.052661747028892356,0.6027482650909398
20.0,0.0,0.05,subject4_k1_1_cam4_segment000,subject4,802,42,801,1.0,0.0,0.0662206875572124,0.06516003440554129,0.06547363659870042,1.1281232286610599
20.0,0.0,0.05,subject4_k1_2_cam4_segment000,subject4,810,53,809,1.0,0.0,0.06299632109845214,0.06262277732778612,0.06275859985119056,0.37735734899513595
20.0,0.0,0.05,subject4_k1_3_cam4_segment000,subject4,304,13,303,1.0,0.0,0.05578741785276775,0.05519118562760689,0.05535130998244556,0.7817315930863754
20.0,0.0,0.05,subject4_k1_3_cam4_segment001,subject4,176,8,175,1.0,0.0,0.058616410475989596,0.05819917292774744,0.05830120266723064,0.5377466927765369
20.0,0.0,0.05,subject4_k1_4_cam4_segment000,subject4,659,33,658,1.0,0.0,0.0757934724515435,0.07552008643416777,0.07559486504375805,0.26203761532686337
20.0,0.0,0.05,subject4_k1_5_cam4_segment000,subject4,427,17,426,1.0,0.0,0.03584172279558939,0.03530722608836369,0.03546872370963491,1.0406840320755617
20.0,0.0,0.05,subject4_k1_6_cam4_segment000,subject4,609,34,608,1.0,0.0,0.05170274446534742,0.05047738959364825,0.050796359823833286,1.7530687217612213
20.0,0.0,0.05,subject4_k2_0_cam4_segment000,subject4,410,26,409,1.0,0.0,0.06560709315678977,0.06460636009295202,0.06496940687633536,0.97197764718892
20.0,0.0,0.05,subject4_k2_1_cam4_segment000,subject4,991,59,989,1.0,0.0,0.0664118721689645,0.06517790487150682,0.06550491357726691,1.3656573170985407
20.0,0.0,0.05,subject4_k2_2_cam4_segment000,subject4,690,33,689,1.0,0.0,0.03553478987763441,0.03515677856838837,0.03521205270757574,0.9082287278749208
20.0,0.0,0.05,subject4_k2_3_cam4_segment000,subject4,876,37,875,1.0,0.0,0.04757212986915706,0.04766414426992284,0.04763141788425192,-0.12462762390064715
20.0,0.0,0.05,subject4_k2_4_cam4_segment000,subject4,391,22,390,1.0,0.0,0.04919163532854007,0.048710850540566925,0.04884603263333249,0.7025639479138585
20.0,0.0,0.05,subject4_k2_4_cam4_segment001,subject4,187,6,186,1.0,0.0,0.06961058848442908,0.06942207672562105,0.06944285931922496,0.24095352281303914
20.0,0.0,0.05,subject4_k2_5_cam4_segment000,subject4,736,34,735,1.0,0.0,0.044852512726272324,0.043311571440811526,0.04346501322200714,3.093471067569552
20.0,0.0,0.05,subject4_k2_6_cam4_segment000,subject4,506,24,505,1.0,0.0,0.022745364611195588,0.022633967553281092,0.022624417545685685,0.5317437973729862
20.0,0.0,0.05,subject4_k2_7_cam4_segment000,subject4,469,19,468,1.0,0.0,0.02897014406248639,0.028241929925896674,0.028415731591210622,1.913737363818225
20.0,0.0,0.05,subject4_o1_0_cam4_segment000,subject4,427,28,426,1.0,0.0,0.00706229516996749,0.006559374517594076,0.006748325617106745,4.445715525965338
20.0,0.0,0.05,subject4_o1_1_cam4_segment000,subject4,775,44,774,1.0,0.0,0.04082358119275867,0.04006746168133396,0.04028081447571494,1.3295421449698945
20.0,0.0,0.05,subject4_o1_2_cam4_segment000,subject4,586,29,585,1.0,0.0,0.08414657005721982,0.08402527670188079,0.08407061489693216,0.09026530758890237
20.0,0.0,0.05,subject4_o1_3_cam4_segment000,subject4,625,21,624,1.0,0.0,0.03788209155068119,0.03737224238220369,0.03752049402177559,0.9545342247584953
20.0,0.0,0.05,subject4_o1_4_cam4_segment000,subject4,261,14,260,1.0,0.0,0.041216093074986006,0.04045273947809576,0.04075423689749142,1.1205724343020882
20.0,0.0,0.05,subject4_o1_4_cam4_segment001,subject4,318,13,317,1.0,0.0,0.010086609559522777,0.009493296377230257,0.00966131963970198,4.2163813054435115
20.0,0.0,0.05,subject4_o1_5_cam4_segment000,subject4,560,27,558,1.0,0.0,0.02561047956620022,0.02539421668905939,0.02550189647106435,0.4239791560919239
20.0,0.0,0.05,subject4_o1_6_cam4_segment000,subject4,593,23,592,1.0,0.0,0.01950256219153358,0.019527352806456743,0.019583224437799123,-0.4135982004485459
20.0,0.0,0.05,subject4_o1_7_cam4_segment000,subject4,697,41,696,1.0,0.0,0.03933875570045689,0.038643331996335066,0.03882042891744942,1.317598316922492
20.0,0.0,0.05,subject4_o2_0_cam4_segment000,subject4,463,19,462,1.0,0.0,0.008003560899485519,0.007624525991857602,0.007726114563722665,3.4665361986648793
20.0,0.0,0.05,subject4_o2_1_cam4_segment000,subject4,839,49,838,1.0,0.0,0.02996140503132439,0.029447917818766337,0.02961578695816426,1.1535442773754734
20.0,0.0,0.05,subject4_o2_2_cam4_segment000,subject4,664,30,663,1.0,0.0,0.047682967826809336,0.04707905496401527,0.04730211177654532,0.7987255567802158
20.0,0.0,0.05,subject4_o2_3_cam4_segment000,subject4,322,13,321,1.0,0.0,0.04338243340894411,0.041928670390096165,0.04227604007890853,2.550325657406473
20.0,0.0,0.05,subject4_o2_3_cam4_segment001,subject4,422,27,421,1.0,0.0,0.05171797479147424,0.05126752984065601,0.05145887729010804,0.500981529943649
20.0,0.0,0.05,subject4_o2_4_cam4_segment000,subject4,503,32,502,1.0,0.0,0.058270551803317645,0.0575545519739627,0.05768211665257662,1.009832810108243
20.0,0.0,0.05,subject4_o2_5_cam4_segment000,subject4,512,30,511,1.0,0.0,0.03275537997691067,0.0320988144330411,0.03225866344369355,1.5164425922314468
20.0,0.0,0.05,subject4_o2_6_cam4_segment000,subject4,633,26,632,1.0,0.0,0.04355063082425861,0.04280929632622131,0.04298706771168725,1.2940412157186219
20.0,5.0,0.0,subject4_h1_0_cam4_segment000,subject4,467,0,466,1.0,0.0,0.03689991081649216,0.03647660909444438,0.036577950733364575,0.8725226592788579
20.0,5.0,0.0,subject4_h1_1_cam4_segment000,subject4,970,0,969,1.0,0.0,0.037658127245246364,0.03668547275127368,0.036941993091845864,1.9016722439135616
20.0,5.0,0.0,subject4_h1_2_cam4_segment000,subject4,530,0,529,1.0,0.0,0.03663382314976646,0.03551133081902437,0.0357283973041445,2.471557068778741
20.0,5.0,0.0,subject4_h1_3_cam4_segment000,subject4,753,0,752,1.0,0.0,0.05674647605093044,0.056115222060412195,0.056298005121659646,0.7903062189593681
20.0,5.0,0.0,subject4_h1_4_cam4_segment000,subject4,234,0,233,1.0,0.0,0.0660619828918596,0.06446204005924701,0.06482311697947005,1.8753083969906328
20.0,5.0,0.0,subject4_h1_4_cam4_segment001,subject4,371,0,370,1.0,0.0,0.04136753942412162,0.0407282140642208,0.04089822442707835,1.1345006340155026
20.0,5.0,0.0,subject4_h1_5_cam4_segment000,subject4,437,0,436,1.0,0.0,0.03151976269959353,0.031043552467491645,0.03114484928802668,1.1894550575778364
20.0,5.0,0.0,subject4_h1_6_cam4_segment000,subject4,658,0,657,1.0,0.0,0.059494048425666135,0.059249999367141766,0.05936061197520325,0.2242853764265226
20.0,5.0,0.0,subject4_h1_7_cam4_segment000,subject4,550,0,549,1.0,0.0,0.04264950883392843,0.041946527445940004,0.042134022239126684,1.2086577522122985
20.0,5.0,0.0,subject4_h2_0_cam4_segment000,subject4,464,0,463,1.0,0.0,0.02583192527374768,0.02540089623404192,0.02558887263720098,0.9409001999309203
20.0,5.0,0.0,subject4_h2_1_cam4_segment000,subject4,806,0,805,1.0,0.0,0.028509914539827513,0.027691466803519,0.027900472267989782,2.137650293501786
20.0,5.0,0.0,subject4_h2_2_cam4_segment000,subject4,544,0,543,1.0,0.0,0.029409018101425315,0.028378997598585153,0.028577676629092844,2.8268249877141596
20.0,5.0,0.0,subject4_h2_3_cam4_segment000,subject4,794,0,793,1.0,0.0,0.0481512743321817,0.04765800478177761,0.04783504118237585,0.6567492848148658
20.0,5.0,0.0,subject4_h2_4_cam4_segment000,subject4,266,0,265,1.0,0.0,0.0358649763468351,0.03499202341627537,0.035208799973363854,1.8295742540735078
20.0,5.0,0.0,subject4_h2_4_cam4_segment001,subject4,213,0,212,1.0,0.0,0.08108914892828459,0.08045250406238202,0.08061545162793995,0.5841685436402496
20.0,5.0,0.0,subject4_h2_5_cam4_segment000,subject4,608,0,607,1.0,0.0,0.08000396968578552,0.0799026299006967,0.07992452145219213,0.09930536435307187
20.0,5.0,0.0,subject4_h2_6_cam4_segment000,subject4,527,0,526,1.0,0.0,0.0313760044260531,0.030308900749951333,0.030606499721692836,2.452526121271535
20.0,5.0,0.0,subject4_h2_7_cam4_segment000,subject4,731,0,730,1.0,0.0,0.033006068562651945,0.03216561116246902,0.03236848727182885,1.9317092843482389
20.0,5.0,0.0,subject4_k1_0_cam4_segment000,subject4,514,0,513,1.0,0.0,0.05610599690403289,0.05572641964477366,0.05583029871216338,0.4913880994594609
20.0,5.0,0.0,subject4_k1_1_cam4_segment000,subject4,802,0,801,1.0,0.0,0.06304913606123894,0.062045386198773915,0.06234991772375867,1.1090054220586374
20.0,5.0,0.0,subject4_k1_2_cam4_segment000,subject4,810,0,809,1.0,0.0,0.0628550474373746,0.06244323507885679,0.0625847699157851,0.43000130078462995
20.0,5.0,0.0,subject4_k1_3_cam4_segment000,subject4,304,0,303,1.0,0.0,0.05326903093376217,0.0526686487897613,0.05282588288292359,0.8319055989391098
20.0,5.0,0.0,subject4_k1_3_cam4_segment001,subject4,176,0,175,1.0,0.0,0.05852655832719291,0.05808652467515418,0.0582006935235396,0.5567810801919437
20.0,5.0,0.0,subject4_k1_4_cam4_segment000,subject4,659,0,658,1.0,0.0,0.07578076520485166,0.07550745304518272,0.07558343727473127,0.26039316122894085
20.0,5.0,0.0,subject4_k1_5_cam4_segment000,subject4,427,0,426,1.0,0.0,0.035723411396750636,0.03521366409103191,0.03536497941809809,1.0033531643205549
20.0,5.0,0.0,subject4_k1_6_cam4_segment000,subject4,609,0,608,1.0,0.0,0.05166234322037476,0.05043741569884461,0.05075813030742987,1.750235967981184
20.0,5.0,0.0,subject4_k2_0_cam4_segment000,subject4,410,0,409,1.0,0.0,0.06382781099389624,0.06287058920197956,0.06318212695228975,1.0116029855202702
20.0,5.0,0.0,subject4_k2_1_cam4_segment000,subject4,991,0,990,1.0,0.0,0.06708963636517723,0.06586393452543474,0.06619892314378548,1.3276465183735542
20.0,5.0,0.0,subject4_k2_2_cam4_segment000,subject4,690,0,689,1.0,0.0,0.0355169309401202,0.03512973761130453,0.03519023544642403,0.9198303036007297
20.0,5.0,0.0,subject4_k2_3_cam4_segment000,subject4,876,0,875,1.0,0.0,0.047358813023645696,0.0474184491887899,0.04740024178234553,-0.08747845660563813
20.0,5.0,0.0,subject4_k2_4_cam4_segment000,subject4,391,0,390,1.0,0.0,0.04886735995416044,0.048391355916938036,0.04853034558849441,0.6896512641201855
20.0,5.0,0.0,subject4_k2_4_cam4_segment001,subject4,187,0,186,1.0,0.0,0.06957408780876541,0.0692943987886268,0.06934299624720733,0.3321517663203427
20.0,5.0,0.0,subject4_k2_5_cam4_segment000,subject4,736,0,735,1.0,0.0,0.037886784982653764,0.037508639940989276,0.037570302246283604,0.8353380644862288
20.0,5.0,0.0,subject4_k2_6_cam4_segment000,subject4,506,0,505,1.0,0.0,0.022674553926830644,0.022549812412044117,0.022544263024785377,0.5746128566220401
20.0,5.0,0.0,subject4_k2_7_cam4_segment000,subject4,469,0,468,1.0,0.0,0.02892180497406166,0.02820954261681869,0.02837618134469531,1.886547640632002
20.0,5.0,0.0,subject4_o1_0_cam4_segment000,subject4,427,0,426,1.0,0.0,0.006845996593168009,0.00635348995616694,0.006548167644277717,4.350410416322899
20.0,5.0,0.0,subject4_o1_1_cam4_segment000,subject4,775,0,774,1.0,0.0,0.04048748182079709,0.03980964580052815,0.04000937659387628,1.1808717297780202
20.0,5.0,0.0,subject4_o1_2_cam4_segment000,subject4,586,0,585,1.0,0.0,0.08105159244635743,0.08098021246947196,0.08100604644188693,0.05619384282997852
20.0,5.0,0.0,subject4_o1_3_cam4_segment000,subject4,625,0,624,1.0,0.0,0.037812802080159365,0.03729466298770921,0.03745014107278043,0.9590958284713543
20.0,5.0,0.0,subject4_o1_4_cam4_segment000,subject4,261,0,260,1.0,0.0,0.041140898220261804,0.04029585864356517,0.040612031777409095,1.2855004769736484
20.0,5.0,0.0,subject4_o1_4_cam4_segment001,subject4,318,0,317,1.0,0.0,0.009543502480372478,0.009049369139304184,0.009212739964723562,3.4658398877055303
20.0,5.0,0.0,subject4_o1_5_cam4_segment000,subject4,560,0,559,1.0,0.0,0.02555375028632954,0.025348950282629706,0.02545185197352137,0.3987606972221362
20.0,5.0,0.0,subject4_o1_6_cam4_segment000,subject4,593,0,592,1.0,0.0,0.018979243115760484,0.018735295655140188,0.01881805221164635,0.8493010133806593
20.0,5.0,0.0,subject4_o1_7_cam4_segment000,subject4,697,0,696,1.0,0.0,0.03909769024119889,0.0384607465661378,0.038626172782357145,1.2059982467836146
20.0,5.0,0.0,subject4_o2_0_cam4_segment000,subject4,463,0,462,1.0,0.0,0.007761576746990709,0.007448311818129374,0.007536082250161254,2.9052665995589466
20.0,5.0,0.0,subject4_o2_1_cam4_segment000,subject4,839,0,838,1.0,0.0,0.029842966786760333,0.029314645723490802,0.029490286918862896,1.181785545711563
20.0,5.0,0.0,subject4_o2_2_cam4_segment000,subject4,664,0,663,1.0,0.0,0.04756016060914677,0.04693681467372276,0.047167553679149064,0.8254953830458709
20.0,5.0,0.0,subject4_o2_3_cam4_segment000,subject4,322,0,321,1.0,0.0,0.04289608272418793,0.0415418226038517,0.04188044780697433,2.367663555070751
20.0,5.0,0.0,subject4_o2_3_cam4_segment001,subject4,422,0,421,1.0,0.0,0.05402816326937582,0.053404955604022517,0.0536336019100661,0.7302883078636144
20.0,5.0,0.0,subject4_o2_4_cam4_segment000,subject4,503,0,502,1.0,0.0,0.051467106807450876,0.05123550444870393,0.051285983223752225,0.35192105197650053
20.0,5.0,0.0,subject4_o2_5_cam4_segment000,subject4,512,0,511,1.0,0.0,0.03265482175039774,0.03200695434157698,0.03216748099970945,1.4924005845548654
20.0,5.0,0.0,subject4_o2_6_cam4_segment000,subject4,633,0,632,1.0,0.0,0.042210035623575524,0.04145711378762792,0.04163112338310029,1.3715037950640785
20.0,5.0,0.01,subject4_h1_0_cam4_segment000,subject4,467,4,466,1.0,0.0,0.03694144044887641,0.03651963835682226,0.03662005919185179,0.8699748930185378
20.0,5.0,0.01,subject4_h1_1_cam4_segment000,subject4,970,12,969,1.0,0.0,0.03766547821609303,0.03668875086492316,0.03694566894345703,1.9110583662480933
20.0,5.0,0.01,subject4_h1_2_cam4_segment000,subject4,530,5,529,1.0,0.0,0.036663869989072506,0.035541770551515355,0.03575896175976596,2.468119785435232
20.0,5.0,0.01,subject4_h1_3_cam4_segment000,subject4,753,5,752,1.0,0.0,0.05802224696786127,0.0573029028245433,0.05749982734376746,0.9003781332066951
20.0,5.0,0.01,subject4_h1_4_cam4_segment000,subject4,234,3,233,1.0,0.0,0.06934585623280531,0.068060951489543,0.06832925640739701,1.4659849638245337
20.0,5.0,0.01,subject4_h1_4_cam4_segment001,subject4,371,2,370,1.0,0.0,0.041369589586822395,0.04073035268931816,0.040900456832640236,1.1340038875599405
20.0,5.0,0.01,subject4_h1_5_cam4_segment000,subject4,437,7,436,1.0,0.0,0.03160551130753896,0.03112306811550104,0.031229473742905425,1.1897847846044485
20.0,5.0,0.01,subject4_h1_6_cam4_segment000,subject4,658,4,657,1.0,0.0,0.05949451230992303,0.059250742809899774,0.05936109345145633,0.22425405854524655
20.0,5.0,0.01,subject4_h1_7_cam4_segment000,subject4,550,7,549,1.0,0.0,0.0409456726940316,0.040098046011949946,0.0403012356485039,1.573883155720221
20.0,5.0,0.01,subject4_h2_0_cam4_segment000,subject4,464,8,463,1.0,0.0,0.02591040911221684,0.02549587676223252,0.025673480055986426,0.9144165003504333
20.0,5.0,0.01,subject4_h2_1_cam4_segment000,subject4,806,7,805,1.0,0.0,0.02852958587965071,0.027708821280184075,0.02791897583669109,2.140269562745911
20.0,5.0,0.01,subject4_h2_2_cam4_segment000,subject4,544,4,543,1.0,0.0,0.029410198858362047,0.028380372469139045,0.02857856678623914,2.8276995885951095
20.0,5.0,0.01,subject4_h2_3_cam4_segment000,subject4,794,8,793,1.0,0.0,0.04815902602036126,0.047667909707294086,0.04784511162788168,0.6518287814767297
20.0,5.0,0.01,subject4_h2_4_cam4_segment000,subject4,266,1,265,1.0,0.0,0.03586565695737626,0.03499255076651665,0.03520942564417891,1.8296927168439538
20.0,5.0,0.01,subject4_h2_4_cam4_segment001,subject4,213,2,212,1.0,0.0,0.08109164984722055,0.08045404597627283,0.08061752897191642,0.5846728685350333
20.0,5.0,0.01,subject4_h2_5_cam4_segment000,subject4,608,3,607,1.0,0.0,0.08001022277532083,0.07990613088224963,0.07992914084227143,0.10133946667926053
20.0,5.0,0.01,subject4_h2_6_cam4_segment000,subject4,527,8,526,1.0,0.0,0.034106204344155906,0.03266102303274879,0.033007319020823156,3.2219513852793886
20.0,5.0,0.01,subject4_h2_7_cam4_segment000,subject4,731,10,730,1.0,0.0,0.03372377849495946,0.0328004816348832,0.03300073656605825,2.1440122108774866
20.0,5.0,0.01,subject4_k1_0_cam4_segment000,subject4,514,4,513,1.0,0.0,0.05610887405979108,0.05572852958464276,0.05583263098774003,0.49233401432485757
20.0,5.0,0.01,subject4_k1_1_cam4_segment000,subject4,802,7,801,1.0,0.0,0.06307480876196504,0.06206745909761728,0.06237124984560448,1.115435671023103
20.0,5.0,0.01,subject4_k1_2_cam4_segment000,subject4,810,11,809,1.0,0.0,0.06285859039454952,0.06243541613667147,0.06257779982927558,0.4467019758341401
20.0,5.0,0.01,subject4_k1_3_cam4_segment000,subject4,304,1,303,1.0,0.0,0.053285840513250325,0.052683381011712715,0.05284184978186515,0.8332245998348622
20.0,5.0,0.01,subject4_k1_3_cam4_segment001,subject4,176,3,175,1.0,0.0,0.0585554439836507,0.05811964079990327,0.0582294071563364,0.5568001967593912
20.0,5.0,0.01,subject4_k1_4_cam4_segment000,subject4,659,9,658,1.0,0.0,0.07578610451460972,0.07551289149369285,0.07558876809878247,0.260386012833279
20.0,5.0,0.01,subject4_k1_5_cam4_segment000,subject4,427,4,426,1.0,0.0,0.03575081225825823,0.035258700500969506,0.03540110290377743,0.9781857596816272
20.0,5.0,0.01,subject4_k1_6_cam4_segment000,subject4,609,11,608,1.0,0.0,0.051679366310242864,0.05044993090708848,0.050769794332070024,1.7600292788275964
20.0,5.0,0.01,subject4_k2_0_cam4_segment000,subject4,410,0,409,1.0,0.0,0.06382781099389624,0.06287058920197956,0.06318212695228975,1.0116029855202702
20.0,5.0,0.01,subject4_k2_1_cam4_segment000,subject4,991,12,990,1.0,0.0,0.06623367547968553,0.06504269451918678,0.06536991937080022,1.304104147368709
20.0,5.0,0.01,subject4_k2_2_cam4_segment000,subject4,690,1,689,1.0,0.0,0.0355169309401202,0.03512998902800975,0.035190243770090675,0.9198068678296073
20.0,5.0,0.01,subject4_k2_3_cam4_segment000,subject4,876,11,875,1.0,0.0,0.04737149439994282,0.04743070052817172,0.047412395878350486,-0.0863419635073049
20.0,5.0,0.01,subject4_k2_4_cam4_segment000,subject4,391,4,390,1.0,0.0,0.053063878267802365,0.05249804853232051,0.05267396040042583,0.7348084612449561
20.0,5.0,0.01,subject4_k2_4_cam4_segment001,subject4,187,2,186,1.0,0.0,0.06959033035511605,0.0693084586963292,0.06935689040805867,0.3354488272525023
20.0,5.0,0.01,subject4_k2_5_cam4_segment000,subject4,736,5,735,1.0,0.0,0.03789311164434429,0.03751310803815051,0.0375753934805391,0.8384588913869626
20.0,5.0,0.01,subject4_k2_6_cam4_segment000,subject4,506,10,505,1.0,0.0,0.022741117092572146,0.022605197485294447,0.02260591330855267,0.5945344877698902
20.0,5.0,0.01,subject4_k2_7_cam4_segment000,subject4,469,7,468,1.0,0.0,0.02892397919771207,0.02821346956922476,0.028378849707111672,1.8846974231108542
20.0,5.0,0.01,subject4_o1_0_cam4_segment000,subject4,427,3,426,1.0,0.0,0.006862795713142406,0.0063622315959081495,0.006561436317689131,4.391204518534109
20.0,5.0,0.01,subject4_o1_1_cam4_segment000,subject4,775,7,774,1.0,0.0,0.04052518905088614,0.03984030436637647,0.04004310541220697,1.1895901042530113
20.0,5.0,0.01,subject4_o1_2_cam4_segment000,subject4,586,7,585,1.0,0.0,0.08109484779761086,0.0810088418334613,0.08103637891587864,0.0720993790852685
20.0,5.0,0.01,subject4_o1_3_cam4_segment000,subject4,625,6,624,1.0,0.0,0.037835638049308444,0.03730787904068207,0.03746664768370973,0.9752455214785389
20.0,5.0,0.01,subject4_o1_4_cam4_segment000,subject4,261,4,260,1.0,0.0,0.041159584446531255,0.040307562797505636,0.04062586053864837,1.296718407291565
20.0,5.0,0.01,subject4_o1_4_cam4_segment001,subject4,318,3,317,1.0,0.0,0.009737553001330312,0.009178765633261688,0.009360920944114087,3.8678306260799875
20.0,5.0,0.01,subject4_o1_5_cam4_segment000,subject4,560,7,559,1.0,0.0,0.02557188079239088,0.025364961685061967,0.02546909527102862,0.40194744452603837
20.0,5.0,0.01,subject4_o1_6_cam4_segment000,subject4,593,3,592,1.0,0.0,0.01898358264257295,0.01873611648548026,0.01881968449286672,0.8633678520653316
20.0,5.0,0.01,subject4_o1_7_cam4_segment000,subject4,697,9,696,1.0,0.0,0.039148251130598374,0.038508315443162126,0.03867378840793522,1.2119640314974687
20.0,5.0,0.01,subject4_o2_0_cam4_segment000,subject4,463,6,462,1.0,0.0,0.007801142799610429,0.007479371497285344,0.007569816723686017,2.9652844700646064
20.0,5.0,0.01,subject4_o2_1_cam4_segment000,subject4,839,10,838,1.0,0.0,0.02994969408568725,0.02940197646646427,0.029582613134255583,1.2256584337103256
20.0,5.0,0.01,subject4_o2_2_cam4_segment000,subject4,664,4,663,1.0,0.0,0.04759105912538103,0.04696820512635619,0.04719914716917404,0.8234991265365174
20.0,5.0,0.01,subject4_o2_3_cam4_segment000,subject4,322,3,321,1.0,0.0,0.042914078804307906,0.04156310288668742,0.04189957877677389,2.364026109380631
20.0,5.0,0.01,subject4_o2_3_cam4_segment001,subject4,422,6,421,1.0,0.0,0.054045003972101414,0.05342038122264064,0.05364999876845986,0.7308819957631193
20.0,5.0,0.01,subject4_o2_4_cam4_segment000,subject4,503,3,502,1.0,0.0,0.051468178880311896,0.05123623069806972,0.05128683507628077,0.3523415981996135
20.0,5.0,0.01,subject4_o2_5_cam4_segment000,subject4,512,5,511,1.0,0.0,0.03262412551362857,0.03192252612922601,0.032084714688834344,1.6534108311007045
20.0,5.0,0.01,subject4_o2_6_cam4_segment000,subject4,633,6,632,1.0,0.0,0.043233652659649145,0.04247380569240094,0.04264759689712772,1.3555545887715401
20.0,5.0,0.05,subject4_h1_0_cam4_segment000,subject4,467,22,466,1.0,0.0,0.03714928497981332,0.03670484911025941,0.0368105305844752,0.9118732581857146
20.0,5.0,0.05,subject4_h1_1_cam4_segment000,subject4,970,49,969,1.0,0.0,0.04106494323100325,0.03974500148166548,0.04009596647335614,2.3596203511016887
20.0,5.0,0.05,subject4_h1_2_cam4_segment000,subject4,530,22,529,1.0,0.0,0.03663816448379543,0.035534636798123395,0.03574433722532706,2.4396070902069873
20.0,5.0,0.05,subject4_h1_3_cam4_segment000,subject4,753,34,752,1.0,0.0,0.05798288977306707,0.057346690462557276,0.05753040859687887,0.780370171198982
20.0,5.0,0.05,subject4_h1_4_cam4_segment000,subject4,234,9,233,1.0,0.0,0.0683488429008548,0.06657097598169008,0.06695065312257709,2.0456670792596956
20.0,5.0,0.05,subject4_h1_4_cam4_segment001,subject4,371,13,370,1.0,0.0,0.041604606965408526,0.04094272337614678,0.04111934969436698,1.1663546574181207
20.0,5.0,0.05,subject4_h1_5_cam4_segment000,subject4,437,15,436,1.0,0.0,0.03246513107170638,0.03205869592779669,0.032140178248280055,1.000928727836009
20.0,5.0,0.05,subject4_h1_6_cam4_segment000,subject4,658,25,657,1.0,0.0,0.05955001102063678,0.05930052765852131,0.059412840701409196,0.2303447419683014
20.0,5.0,0.05,subject4_h1_7_cam4_segment000,subject4,550,31,549,1.0,0.0,0.04276542101319497,0.04205971631789015,0.04223890234073936,1.231178508199779
20.0,5.0,0.05,subject4_h2_0_cam4_segment000,subject4,464,32,463,1.0,0.0,0.026110847145468352,0.025668258953026022,0.025852697016112158,0.9886700646593062
20.0,5.0,0.05,subject4_h2_1_cam4_segment000,subject4,806,43,805,1.0,0.0,0.02887727348537906,0.02781190962576617,0.028042816073794496,2.8896682784372234
20.0,5.0,0.05,subject4_h2_2_cam4_segment000,subject4,544,38,543,1.0,0.0,0.029441463555674275,0.028425925511672227,0.0286164302283488,2.802283676439264
20.0,5.0,0.05,subject4_h2_3_cam4_segment000,subject4,794,43,793,1.0,0.0,0.05315021883838413,0.0524444287396508,0.05265166680099522,0.9380056155645881
20.0,5.0,0.05,subject4_h2_4_cam4_segment000,subject4,266,15,265,1.0,0.0,0.03682458316896624,0.03632087147232067,0.03646390525787903,0.9794487270426706
20.0,5.0,0.05,subject4_h2_4_cam4_segment001,subject4,213,9,212,1.0,0.0,0.0858436680305104,0.08522024191981276,0.08538151639452889,0.5383642691237918
20.0,5.0,0.05,subject4_h2_5_cam4_segment000,subject4,608,26,606,1.0,0.0,0.0782468222201734,0.0781023415673859,0.078119807225629,0.16232607400592075
20.0,5.0,0.05,subject4_h2_6_cam4_segment000,subject4,527,28,526,1.0,0.0,0.03148852155192455,0.03039371458256171,0.030700591903348506,2.5022757809595833
20.0,5.0,0.05,subject4_h2_7_cam4_segment000,subject4,731,33,730,1.0,0.0,0.033449545187012195,0.03258959674164477,0.03279267033476094,1.9637781278601931
20.0,5.0,0.05,subject4_k1_0_cam4_segment000,subject4,514,31,513,1.0,0.0,0.059292004750242815,0.05893346779216727,0.059031205210273184,0.4398561679069597
20.0,5.0,0.05,subject4_k1_1_cam4_segment000,subject4,802,36,801,1.0,0.0,0.06472411004172633,0.06348114446366176,0.06384916895106886,1.3518008823812562
20.0,5.0,0.05,subject4_k1_2_cam4_segment000,subject4,810,35,809,1.0,0.0,0.06460268951825351,0.06406060063844547,0.06424415362308895,0.5549860196815122
20.0,5.0,0.05,subject4_k1_3_cam4_segment000,subject4,304,11,303,1.0,0.0,0.053319428996162155,0.05273071140997098,0.05288138137198442,0.8215534795191902
20.0,5.0,0.05,subject4_k1_3_cam4_segment001,subject4,176,10,175,1.0,0.0,0.05879395250267397,0.058311145290369806,0.058446448560770664,0.591053887536307
20.0,5.0,0.05,subject4_k1_4_cam4_segment000,subject4,659,28,658,1.0,0.0,0.07752313038299576,0.07726535280192678,0.07733793943245491,0.23888476848899637
20.0,5.0,0.05,subject4_k1_5_cam4_segment000,subject4,427,17,426,1.0,0.0,0.035812377638066016,0.0353122493598413,0.03546072036225727,0.9819433922057227
20.0,5.0,0.05,subject4_k1_6_cam4_segment000,subject4,609,35,608,1.0,0.0,0.0564034146132437,0.05516299486405224,0.05546006772225467,1.672499612758426
20.0,5.0,0.05,subject4_k2_0_cam4_segment000,subject4,410,20,409,1.0,0.0,0.06740584730747563,0.06647602882211362,0.06677522398665862,0.9355617442807065
20.0,5.0,0.05,subject4_k2_1_cam4_segment000,subject4,991,48,990,1.0,0.0,0.06887980855829129,0.06748102959732365,0.06782055993123265,1.5378216769609976
20.0,5.0,0.05,subject4_k2_2_cam4_segment000,subject4,690,37,689,1.0,0.0,0.035534090627175344,0.03516394166154808,0.03521137459966567,0.9081871009325135
20.0,5.0,0.05,subject4_k2_3_cam4_segment000,subject4,876,44,875,1.0,0.0,0.04741331655067484,0.04748046554550275,0.04745516083524528,-0.08825428722269017
20.0,5.0,0.05,subject4_k2_4_cam4_segment000,subject4,391,24,390,1.0,0.0,0.05205617700289791,0.05134932127151506,0.05152804269535567,1.0145468567790534
20.0,5.0,0.05,subject4_k2_4_cam4_segment001,subject4,187,11,186,1.0,0.0,0.06967297492412157,0.06943961929546368,0.06947404048955058,0.2855259658248277
20.0,5.0,0.05,subject4_k2_5_cam4_segment000,subject4,736,37,735,1.0,0.0,0.03792329608699712,0.03757433668457481,0.03762386410375543,0.7895726746820391
20.0,5.0,0.05,subject4_k2_6_cam4_segment000,subject4,506,19,505,1.0,0.0,0.02282283966032585,0.022674860680245993,0.022680953453419667,0.6216851584548099
20.0,5.0,0.05,subject4_k2_7_cam4_segment000,subject4,469,19,468,1.0,0.0,0.032169836388018416,0.03153921448936813,0.03167788733599234,1.5292246006240233
20.0,5.0,0.05,subject4_o1_0_cam4_segment000,subject4,427,24,426,1.0,0.0,0.00785213010051884,0.007189946452343096,0.00742103766752428,5.490133600385397
20.0,5.0,0.05,subject4_o1_1_cam4_segment000,subject4,775,50,774,1.0,0.0,0.043472679164297895,0.04262658979345624,0.04284808237528483,1.4367570644829748
20.0,5.0,0.05,subject4_o1_2_cam4_segment000,subject4,586,29,585,1.0,0.0,0.08049400074518236,0.08036636835650719,0.08040248498113105,0.11369265187975637
20.0,5.0,0.05,subject4_o1_3_cam4_segment000,subject4,625,34,624,1.0,0.0,0.03825151964197294,0.037695318970391696,0.03786033380584442,1.0226674385486958
20.0,5.0,0.05,subject4_o1_4_cam4_segment000,subject4,261,15,259,1.0,0.0,0.041262556903376935,0.04041739847596958,0.04073230611943935,1.2850652594778698
20.0,5.0,0.05,subject4_o1_4_cam4_segment001,subject4,318,15,317,1.0,0.0,0.009691290573818172,0.009185431336441459,0.00935299782211526,3.4906883569959013
20.0,5.0,0.05,subject4_o1_5_cam4_segment000,subject4,560,19,559,1.0,0.0,0.0255976984786043,0.025396659701312278,0.025497380619279558,0.3919018712115565
20.0,5.0,0.05,subject4_o1_6_cam4_segment000,subject4,593,30,592,1.0,0.0,0.019480989621602954,0.01926483648543151,0.019319219023564854,0.8304023624072404
20.0,5.0,0.05,subject4_o1_7_cam4_segment000,subject4,697,33,696,1.0,0.0,0.04142516083110379,0.04067293043254041,0.0408355480473642,1.4233204456188464
20.0,5.0,0.05,subject4_o2_0_cam4_segment000,subject4,463,13,461,1.0,0.0,0.007875940802539984,0.007534401217117253,0.007626682453425779,3.1648072955781923
20.0,5.0,0.05,subject4_o2_1_cam4_segment000,subject4,839,48,838,1.0,0.0,0.03006261992164858,0.029537038617400157,0.029706398567552812,1.1849311704175396
20.0,5.0,0.05,subject4_o2_2_cam4_segment000,subject4,664,29,663,1.0,0.0,0.05047708572030673,0.04964845026253187,0.04996050077145811,1.0234048607936932
20.0,5.0,0.05,subject4_o2_3_cam4_segment000,subject4,322,16,321,1.0,0.0,0.04734838441477489,0.04543581738621521,0.0458439460478468,3.17738057068455
20.0,5.0,0.05,subject4_o2_3_cam4_segment001,subject4,422,11,421,1.0,0.0,0.05405931083570693,0.053435458894194605,0.053664227045917556,0.7308339371733388
20.0,5.0,0.05,subject4_o2_4_cam4_segment000,subject4,503,20,502,1.0,0.0,0.059753409801410313,0.05937406126231566,0.05945073839553678,0.5065341155918266
20.0,5.0,0.05,subject4_o2_5_cam4_segment000,subject4,512,19,511,1.0,0.0,0.032698965839392614,0.03204402148604311,0.032208176533898666,1.5009321943224625
20.0,5.0,0.05,subject4_o2_6_cam4_segment000,subject4,633,38,632,1.0,0.0,0.0436995560433178,0.042943479203105143,0.04312225969756922,1.3210576903260238
20.0,10.0,0.0,subject4_h1_0_cam4_segment000,subject4,467,0,466,1.0,0.0,0.03689991081649216,0.03647660909444438,0.036577950733364575,0.8725226592788579
20.0,10.0,0.0,subject4_h1_1_cam4_segment000,subject4,970,0,969,1.0,0.0,0.037658127245246364,0.03668547275127368,0.036941993091845864,1.9016722439135616
20.0,10.0,0.0,subject4_h1_2_cam4_segment000,subject4,530,0,529,1.0,0.0,0.03663382314976646,0.03551133081902437,0.0357283973041445,2.471557068778741
20.0,10.0,0.0,subject4_h1_3_cam4_segment000,subject4,753,0,752,1.0,0.0,0.05674647605093044,0.056115222060412195,0.056298005121659646,0.7903062189593681
20.0,10.0,0.0,subject4_h1_4_cam4_segment000,subject4,234,0,233,1.0,0.0,0.0660619828918596,0.06446204005924701,0.06482311697947005,1.8753083969906328
20.0,10.0,0.0,subject4_h1_4_cam4_segment001,subject4,371,0,370,1.0,0.0,0.04136753942412162,0.0407282140642208,0.04089822442707835,1.1345006340155026
20.0,10.0,0.0,subject4_h1_5_cam4_segment000,subject4,437,0,436,1.0,0.0,0.03151976269959353,0.031043552467491645,0.03114484928802668,1.1894550575778364
20.0,10.0,0.0,subject4_h1_6_cam4_segment000,subject4,658,0,657,1.0,0.0,0.059494048425666135,0.059249999367141766,0.05936061197520325,0.2242853764265226
20.0,10.0,0.0,subject4_h1_7_cam4_segment000,subject4,550,0,549,1.0,0.0,0.04264950883392843,0.041946527445940004,0.042134022239126684,1.2086577522122985
20.0,10.0,0.0,subject4_h2_0_cam4_segment000,subject4,464,0,463,1.0,0.0,0.02583192527374768,0.02540089623404192,0.02558887263720098,0.9409001999309203
20.0,10.0,0.0,subject4_h2_1_cam4_segment000,subject4,806,0,805,1.0,0.0,0.028509914539827513,0.027691466803519,0.027900472267989782,2.137650293501786
20.0,10.0,0.0,subject4_h2_2_cam4_segment000,subject4,544,0,543,1.0,0.0,0.029409018101425315,0.028378997598585153,0.028577676629092844,2.8268249877141596
20.0,10.0,0.0,subject4_h2_3_cam4_segment000,subject4,794,0,793,1.0,0.0,0.0481512743321817,0.04765800478177761,0.04783504118237585,0.6567492848148658
20.0,10.0,0.0,subject4_h2_4_cam4_segment000,subject4,266,0,265,1.0,0.0,0.0358649763468351,0.03499202341627537,0.035208799973363854,1.8295742540735078
20.0,10.0,0.0,subject4_h2_4_cam4_segment001,subject4,213,0,212,1.0,0.0,0.08108914892828459,0.08045250406238202,0.08061545162793995,0.5841685436402496
20.0,10.0,0.0,subject4_h2_5_cam4_segment000,subject4,608,0,607,1.0,0.0,0.08000396968578552,0.0799026299006967,0.07992452145219213,0.09930536435307187
20.0,10.0,0.0,subject4_h2_6_cam4_segment000,subject4,527,0,526,1.0,0.0,0.0313760044260531,0.030308900749951333,0.030606499721692836,2.452526121271535
20.0,10.0,0.0,subject4_h2_7_cam4_segment000,subject4,731,0,730,1.0,0.0,0.033006068562651945,0.03216561116246902,0.03236848727182885,1.9317092843482389
20.0,10.0,0.0,subject4_k1_0_cam4_segment000,subject4,514,0,513,1.0,0.0,0.05610599690403289,0.05572641964477366,0.05583029871216338,0.4913880994594609
20.0,10.0,0.0,subject4_k1_1_cam4_segment000,subject4,802,0,801,1.0,0.0,0.06304913606123894,0.062045386198773915,0.06234991772375867,1.1090054220586374
20.0,10.0,0.0,subject4_k1_2_cam4_segment000,subject4,810,0,809,1.0,0.0,0.0628550474373746,0.06244323507885679,0.0625847699157851,0.43000130078462995
20.0,10.0,0.0,subject4_k1_3_cam4_segment000,subject4,304,0,303,1.0,0.0,0.05326903093376217,0.0526686487897613,0.05282588288292359,0.8319055989391098
20.0,10.0,0.0,subject4_k1_3_cam4_segment001,subject4,176,0,175,1.0,0.0,0.05852655832719291,0.05808652467515418,0.0582006935235396,0.5567810801919437
20.0,10.0,0.0,subject4_k1_4_cam4_segment000,subject4,659,0,658,1.0,0.0,0.07578076520485166,0.07550745304518272,0.07558343727473127,0.26039316122894085
20.0,10.0,0.0,subject4_k1_5_cam4_segment000,subject4,427,0,426,1.0,0.0,0.035723411396750636,0.03521366409103191,0.03536497941809809,1.0033531643205549
20.0,10.0,0.0,subject4_k1_6_cam4_segment000,subject4,609,0,608,1.0,0.0,0.05166234322037476,0.05043741569884461,0.05075813030742987,1.750235967981184
20.0,10.0,0.0,subject4_k2_0_cam4_segment000,subject4,410,0,409,1.0,0.0,0.06382781099389624,0.06287058920197956,0.06318212695228975,1.0116029855202702
20.0,10.0,0.0,subject4_k2_1_cam4_segment000,subject4,991,0,990,1.0,0.0,0.06708963636517723,0.06586393452543474,0.06619892314378548,1.3276465183735542
20.0,10.0,0.0,subject4_k2_2_cam4_segment000,subject4,690,0,689,1.0,0.0,0.0355169309401202,0.03512973761130453,0.03519023544642403,0.9198303036007297
20.0,10.0,0.0,subject4_k2_3_cam4_segment000,subject4,876,0,875,1.0,0.0,0.047358813023645696,0.0474184491887899,0.04740024178234553,-0.08747845660563813
20.0,10.0,0.0,subject4_k2_4_cam4_segment000,subject4,391,0,390,1.0,0.0,0.04886735995416044,0.048391355916938036,0.04853034558849441,0.6896512641201855
20.0,10.0,0.0,subject4_k2_4_cam4_segment001,subject4,187,0,186,1.0,0.0,0.06957408780876541,0.0692943987886268,0.06934299624720733,0.3321517663203427
20.0,10.0,0.0,subject4_k2_5_cam4_segment000,subject4,736,0,735,1.0,0.0,0.037886784982653764,0.037508639940989276,0.037570302246283604,0.8353380644862288
20.0,10.0,0.0,subject4_k2_6_cam4_segment000,subject4,506,0,505,1.0,0.0,0.022674553926830644,0.022549812412044117,0.022544263024785377,0.5746128566220401
20.0,10.0,0.0,subject4_k2_7_cam4_segment000,subject4,469,0,468,1.0,0.0,0.02892180497406166,0.02820954261681869,0.02837618134469531,1.886547640632002
20.0,10.0,0.0,subject4_o1_0_cam4_segment000,subject4,427,0,426,1.0,0.0,0.006845996593168009,0.00635348995616694,0.006548167644277717,4.350410416322899
20.0,10.0,0.0,subject4_o1_1_cam4_segment000,subject4,775,0,774,1.0,0.0,0.04048748182079709,0.03980964580052815,0.04000937659387628,1.1808717297780202
20.0,10.0,0.0,subject4_o1_2_cam4_segment000,subject4,586,0,585,1.0,0.0,0.08105159244635743,0.08098021246947196,0.08100604644188693,0.05619384282997852
20.0,10.0,0.0,subject4_o1_3_cam4_segment000,subject4,625,0,624,1.0,0.0,0.037812802080159365,0.03729466298770921,0.03745014107278043,0.9590958284713543
20.0,10.0,0.0,subject4_o1_4_cam4_segment000,subject4,261,0,260,1.0,0.0,0.041140898220261804,0.04029585864356517,0.040612031777409095,1.2855004769736484
20.0,10.0,0.0,subject4_o1_4_cam4_segment001,subject4,318,0,317,1.0,0.0,0.009543502480372478,0.009049369139304184,0.009212739964723562,3.4658398877055303
20.0,10.0,0.0,subject4_o1_5_cam4_segment000,subject4,560,0,559,1.0,0.0,0.02555375028632954,0.025348950282629706,0.02545185197352137,0.3987606972221362
20.0,10.0,0.0,subject4_o1_6_cam4_segment000,subject4,593,0,592,1.0,0.0,0.018979243115760484,0.018735295655140188,0.01881805221164635,0.8493010133806593
20.0,10.0,0.0,subject4_o1_7_cam4_segment000,subject4,697,0,696,1.0,0.0,0.03909769024119889,0.0384607465661378,0.038626172782357145,1.2059982467836146
20.0,10.0,0.0,subject4_o2_0_cam4_segment000,subject4,463,0,462,1.0,0.0,0.007761576746990709,0.007448311818129374,0.007536082250161254,2.9052665995589466
20.0,10.0,0.0,subject4_o2_1_cam4_segment000,subject4,839,0,838,1.0,0.0,0.029842966786760333,0.029314645723490802,0.029490286918862896,1.181785545711563
20.0,10.0,0.0,subject4_o2_2_cam4_segment000,subject4,664,0,663,1.0,0.0,0.04756016060914677,0.04693681467372276,0.047167553679149064,0.8254953830458709
20.0,10.0,0.0,subject4_o2_3_cam4_segment000,subject4,322,0,321,1.0,0.0,0.04289608272418793,0.0415418226038517,0.04188044780697433,2.367663555070751
20.0,10.0,0.0,subject4_o2_3_cam4_segment001,subject4,422,0,421,1.0,0.0,0.05402816326937582,0.053404955604022517,0.0536336019100661,0.7302883078636144
20.0,10.0,0.0,subject4_o2_4_cam4_segment000,subject4,503,0,502,1.0,0.0,0.051467106807450876,0.05123550444870393,0.051285983223752225,0.35192105197650053
20.0,10.0,0.0,subject4_o2_5_cam4_segment000,subject4,512,0,511,1.0,0.0,0.03265482175039774,0.03200695434157698,0.03216748099970945,1.4924005845548654
20.0,10.0,0.0,subject4_o2_6_cam4_segment000,subject4,633,0,632,1.0,0.0,0.042210035623575524,0.04145711378762792,0.04163112338310029,1.3715037950640785
20.0,10.0,0.01,subject4_h1_0_cam4_segment000,subject4,467,4,466,1.0,0.0,0.036939476733513645,0.036512558008694136,0.036613422069242986,0.8826726664886478
20.0,10.0,0.01,subject4_h1_1_cam4_segment000,subject4,970,5,969,1.0,0.0,0.03766045608913032,0.03668548269282834,0.03694337019766824,1.9040818033774463
20.0,10.0,0.01,subject4_h1_2_cam4_segment000,subject4,530,6,529,1.0,0.0,0.03666139930109785,0.035528642916289196,0.03574806304143128,2.4912749569796784
20.0,10.0,0.01,subject4_h1_3_cam4_segment000,subject4,753,9,752,1.0,0.0,0.056775479871573754,0.0561402642245222,0.05632423588786618,0.7947867366833226
20.0,10.0,0.01,subject4_h1_4_cam4_segment000,subject4,234,0,233,1.0,0.0,0.0660619828918596,0.06446204005924701,0.06482311697947005,1.8753083969906328
20.0,10.0,0.01,subject4_h1_4_cam4_segment001,subject4,371,6,370,1.0,0.0,0.04141079989307808,0.040755708390901486,0.04093147249496763,1.1574936957220423
20.0,10.0,0.01,subject4_h1_5_cam4_segment000,subject4,437,4,436,1.0,0.0,0.031522107700297244,0.03104424474984302,0.031146439049087555,1.191762475978556
20.0,10.0,0.01,subject4_h1_6_cam4_segment000,subject4,658,6,657,1.0,0.0,0.05950287736848834,0.05925749415814266,0.05936869699044403,0.22550233531289413
20.0,10.0,0.01,subject4_h1_7_cam4_segment000,subject4,550,6,549,1.0,0.0,0.04265411768296295,0.041956362891530874,0.042142181651857,1.200203072798357
20.0,10.0,0.01,subject4_h2_0_cam4_segment000,subject4,464,3,463,1.0,0.0,0.025905023851639824,0.025501007426687344,0.025678023464352245,0.8762793988827348
20.0,10.0,0.01,subject4_h2_1_cam4_segment000,subject4,806,4,805,1.0,0.0,0.02852748310621818,0.027706654163797514,0.027916475691747794,2.141820265725451
20.0,10.0,0.01,subject4_h2_2_cam4_segment000,subject4,544,7,543,1.0,0.0,0.029459353280809737,0.028428747704256623,0.02862671297848663,2.826403873792779
20.0,10.0,0.01,subject4_h2_3_cam4_segment000,subject4,794,6,793,1.0,0.0,0.048159597117189305,0.04767886308823349,0.047851529481101454,0.6396806753557632
20.0,10.0,0.01,subject4_h2_4_cam4_segment000,subject4,266,1,265,1.0,0.0,0.03587202587478636,0.03499733441351543,0.03521500264060416,1.8315754913747646
20.0,10.0,0.01,subject4_h2_4_cam4_segment001,subject4,213,6,212,1.0,0.0,0.08110025249155516,0.08046361208675543,0.08062620076880021,0.5845255818461288
20.0,10.0,0.01,subject4_h2_5_cam4_segment000,subject4,608,4,607,1.0,0.0,0.08001129686394433,0.07990906323099398,0.07993178611858148,0.09937439896524894
20.0,10.0,0.01,subject4_h2_6_cam4_segment000,subject4,527,7,526,1.0,0.0,0.031455735443573205,0.030343004678921745,0.03064715336576248,2.5705394148586933
20.0,10.0,0.01,subject4_h2_7_cam4_segment000,subject4,731,10,730,1.0,0.0,0.03307295709503227,0.03221752548076081,0.03242601581943454,1.9561035130266724
20.0,10.0,0.01,subject4_k1_0_cam4_segment000,subject4,514,6,513,1.0,0.0,0.05616366589199106,0.055775482692096146,0.05588237037532367,0.5008496368601592
20.0,10.0,0.01,subject4_k1_1_cam4_segment000,subject4,802,9,801,1.0,0.0,0.06427087688037818,0.06317313188028945,0.06353909128305957,1.1385959439772686
20.0,10.0,0.01,subject4_k1_2_cam4_segment000,subject4,810,5,809,1.0,0.0,0.06286337314068806,0.062451288546761234,0.06259286104789427,0.4303174953535849
20.0,10.0,0.01,subject4_k1_3_cam4_segment000,subject4,304,3,303,1.0,0.0,0.053283264081969706,0.05269554879901591,0.05284666226546329,0.8193976552088756
20.0,10.0,0.01,subject4_k1_3_cam4_segment001,subject4,176,2,175,1.0,0.0,0.05852927232821623,0.058090088118570214,0.058203597021631984,0.5564314976580437
20.0,10.0,0.01,subject4_k1_4_cam4_segment000,subject4,659,11,658,1.0,0.0,0.07579421433422612,0.07553322263554818,0.0756031219358178,0.25212003328601446
20.0,10.0,0.01,subject4_k1_5_cam4_segment000,subject4,427,1,426,1.0,0.0,0.035723650753687976,0.035213580202199266,0.035364982661674496,1.0040073857133767
20.0,10.0,0.01,subject4_k1_6_cam4_segment000,subject4,609,11,608,1.0,0.0,0.051671164186587404,0.05045103881965028,0.050769734004377516,1.7445517173849112
20.0,10.0,0.01,subject4_k2_0_cam4_segment000,subject4,410,3,409,1.0,0.0,0.06378941691447867,0.06282815486947893,0.06313559367085284,1.0249713436045491
20.0,10.0,0.01,subject4_k2_1_cam4_segment000,subject4,991,6,990,1.0,0.0,0.06779297613369882,0.0665309560490429,0.06686987107748284,1.3616529452777966
20.0,10.0,0.01,subject4_k2_2_cam4_segment000,subject4,690,6,689,1.0,0.0,0.035521823195510616,0.03513996711508917,0.03519929885728074,0.907961104515137
20.0,10.0,0.01,subject4_k2_3_cam4_segment000,subject4,876,7,875,1.0,0.0,0.047360713953901186,0.047420596293257504,0.0474021868132639,-0.08756806200827442
20.0,10.0,0.01,subject4_k2_4_cam4_segment000,subject4,391,6,390,1.0,0.0,0.04898453329668032,0.048497956409073464,0.04864274215793175,0.6977531799241197
20.0,10.0,0.01,subject4_k2_4_cam4_segment001,subject4,187,3,186,1.0,0.0,0.07238670601515736,0.07209336759018155,0.07214256921620815,0.33726745197948854
20.0,10.0,0.01,subject4_k2_5_cam4_segment000,subject4,736,6,735,1.0,0.0,0.037891187499009535,0.037515018050045056,0.037575199223403716,0.8339360586523685
20.0,10.0,0.01,subject4_k2_6_cam4_segment000,subject4,506,5,505,1.0,0.0,0.022738674720459217,0.022587849983380454,0.022586049318569335,0.6712150279917463
20.0,10.0,0.01,subject4_k2_7_cam4_segment000,subject4,469,3,468,1.0,0.0,0.02892328807015476,0.028211391126757454,0.02837756675743601,1.8867886368765445
20.0,10.0,0.01,subject4_o1_0_cam4_segment000,subject4,427,5,426,1.0,0.0,0.006842964538231596,0.006343106738156511,0.006541433517465789,4.4064384534094065
20.0,10.0,0.01,subject4_o1_1_cam4_segment000,subject4,775,6,774,1.0,0.0,0.04050000132849351,0.039817381251993196,0.040018748190151,1.188279314953823
20.0,10.0,0.01,subject4_o1_2_cam4_segment000,subject4,586,3,585,1.0,0.0,0.08110178472737876,0.0810398351437121,0.08106377137358688,0.046871168026288004
20.0,10.0,0.01,subject4_o1_3_cam4_segment000,subject4,625,6,624,1.0,0.0,0.03780783939170197,0.03729546125542405,0.03745039492240133,0.9454242163838036
20.0,10.0,0.01,subject4_o1_4_cam4_segment000,subject4,261,1,260,1.0,0.0,0.041160302128149015,0.04030480829123562,0.04062750886373887,1.2944347754089311
20.0,10.0,0.01,subject4_o1_4_cam4_segment001,subject4,318,3,317,1.0,0.0,0.009557341158537316,0.009061457002242194,0.009226363955703878,3.463067785728086
20.0,10.0,0.01,subject4_o1_5_cam4_segment000,subject4,560,2,559,1.0,0.0,0.025555665235372442,0.025351850705803803,0.02545408256100434,0.3974957154607678
20.0,10.0,0.01,subject4_o1_6_cam4_segment000,subject4,593,7,592,1.0,0.0,0.01902110397660774,0.018773108669633318,0.01885803729646835,0.8572934585706985
20.0,10.0,0.01,subject4_o1_7_cam4_segment000,subject4,697,3,696,1.0,0.0,0.03912033706512315,0.03848929866698903,0.03865193200579335,1.1973441296020737
20.0,10.0,0.01,subject4_o2_0_cam4_segment000,subject4,463,5,462,1.0,0.0,0.007746565244660565,0.00742804555677476,0.007517004507221836,2.9633873876807186
20.0,10.0,0.01,subject4_o2_1_cam4_segment000,subject4,839,6,838,1.0,0.0,0.029856634208506903,0.02933413079362996,0.02950999977825634,1.1609963394728464
20.0,10.0,0.01,subject4_o2_2_cam4_segment000,subject4,664,6,663,1.0,0.0,0.04757471678062744,0.04695918210645272,0.04718638600120617,0.8162545269831206
20.0,10.0,0.01,subject4_o2_3_cam4_segment000,subject4,322,6,321,1.0,0.0,0.043178399158700115,0.041752553260881425,0.04211165692657176,2.470546043653898
20.0,10.0,0.01,subject4_o2_3_cam4_segment001,subject4,422,1,421,1.0,0.0,0.05402825563661389,0.05340509542567439,0.05363370037961329,0.7302757646930522
20.0,10.0,0.01,subject4_o2_4_cam4_segment000,subject4,503,7,502,1.0,0.0,0.05152193170508854,0.05127591624274194,0.05133182922806522,0.36897389273264725
20.0,10.0,0.01,subject4_o2_5_cam4_segment000,subject4,512,5,511,1.0,0.0,0.032662175595696764,0.032015054228439345,0.03217463766090493,1.4926682803581228
20.0,10.0,0.01,subject4_o2_6_cam4_segment000,subject4,633,7,632,1.0,0.0,0.042214128491955306,0.04146065609260391,0.04163499677820521,1.3718907257802604
20.0,10.0,0.05,subject4_h1_0_cam4_segment000,subject4,467,26,466,1.0,0.0,0.0370570942491663,0.03667398609422197,0.036754576476066364,0.8163558941395935
20.0,10.0,0.05,subject4_h1_1_cam4_segment000,subject4,970,54,969,1.0,0.0,0.03904805664770652,0.037702031537979776,0.03800615008169215,2.668267400384356
20.0,10.0,0.05,subject4_h1_2_cam4_segment000,subject4,530,26,529,1.0,0.0,0.03668432234577646,0.035572744247624744,0.03578282482126303,2.457446306398038
20.0,10.0,0.05,subject4_h1_3_cam4_segment000,subject4,753,34,752,1.0,0.0,0.06001527977190032,0.059364499333735554,0.05955606478057251,0.765163460160723
20.0,10.0,0.05,subject4_h1_4_cam4_segment000,subject4,234,15,233,1.0,0.0,0.06620115521523637,0.06462747989313808,0.064982186554463,1.8413102563092714
20.0,10.0,0.05,subject4_h1_4_cam4_segment001,subject4,371,18,370,1.0,0.0,0.0415112814320296,0.0408577375664909,0.04103138478586195,1.1560631944196387
20.0,10.0,0.05,subject4_h1_5_cam4_segment000,subject4,437,20,436,1.0,0.0,0.03159437386861142,0.031138289086975964,0.031230242871320698,1.1525184794134569
20.0,10.0,0.05,subject4_h1_6_cam4_segment000,subject4,658,30,657,1.0,0.0,0.05904971107340674,0.05856474852875635,0.058754334234146215,0.500217247283952
20.0,10.0,0.05,subject4_h1_7_cam4_segment000,subject4,550,34,549,1.0,0.0,0.04222601707224522,0.04131656865094383,0.04154801170323577,1.605657876397481
20.0,10.0,0.05,subject4_h2_0_cam4_segment000,subject4,464,14,463,1.0,0.0,0.02586778356471273,0.025436949592920234,0.025623577602883044,0.9440544498865268
20.0,10.0,0.05,subject4_h2_1_cam4_segment000,subject4,806,49,805,1.0,0.0,0.028693667678714552,0.027860638757629848,0.028073490284108757,2.1613737272975166
20.0,10.0,0.05,subject4_h2_2_cam4_segment000,subject4,544,29,543,1.0,0.0,0.03116410196444791,0.029579508829664578,0.029797138972386644,4.386338466036021
20.0,10.0,0.05,subject4_h2_3_cam4_segment000,subject4,794,40,793,1.0,0.0,0.05456245927038501,0.054118117652409106,0.054287768194818196,0.5034433550833457
20.0,10.0,0.05,subject4_h2_4_cam4_segment000,subject4,266,18,265,1.0,0.0,0.03998989537269116,0.039083637788491596,0.03931377996413908,1.6907156226615032
20.0,10.0,0.05,subject4_h2_4_cam4_segment001,subject4,213,11,212,1.0,0.0,0.08123408194260731,0.08056147852206653,0.08072809932498207,0.6228698663483714
20.0,10.0,0.05,subject4_h2_5_cam4_segment000,subject4,608,27,607,1.0,0.0,0.08001633028520161,0.07991839065477369,0.07993879074653595,0.09690464232648713
20.0,10.0,0.05,subject4_h2_6_cam4_segment000,subject4,527,20,526,1.0,0.0,0.03150823807191849,0.030415273394625218,0.030722205102487826,2.494690333482066
20.0,10.0,0.05,subject4_h2_7_cam4_segment000,subject4,731,37,730,1.0,0.0,0.03310919460757379,0.032248751957342496,0.03244518404292057,2.0055171154822533
20.0,10.0,0.05,subject4_k1_0_cam4_segment000,subject4,514,21,513,1.0,0.0,0.0598640944741845,0.05948565039617084,0.05958693585328515,0.46297972655189157
20.0,10.0,0.05,subject4_k1_1_cam4_segment000,subject4,802,39,801,1.0,0.0,0.06322847444241969,0.06221834410630907,0.0625175603842673,1.12435744246811
20.0,10.0,0.05,subject4_k1_2_cam4_segment000,subject4,810,35,809,1.0,0.0,0.060892851077510315,0.060468895473742075,0.06061570697760008,0.45513405105216215
20.0,10.0,0.05,subject4_k1_3_cam4_segment000,subject4,304,13,303,1.0,0.0,0.05369430615864963,0.05308025771696472,0.05322703362076583,0.8702459745045641
20.0,10.0,0.05,subject4_k1_3_cam4_segment001,subject4,176,5,174,1.0,0.0,0.05870434256465632,0.058266606983626505,0.05837953698069634,0.5532905570013746
20.0,10.0,0.05,subject4_k1_4_cam4_segment000,subject4,659,30,658,1.0,0.0,0.07789339081619165,0.07758108641660662,0.07766086713040318,0.2985152955238039
20.0,10.0,0.05,subject4_k1_5_cam4_segment000,subject4,427,24,425,1.0,0.0,0.0390492139904904,0.0385249905797168,0.03866956892407774,0.9722220439702383
20.0,10.0,0.05,subject4_k1_6_cam4_segment000,subject4,609,35,608,1.0,0.0,0.051740425707099795,0.05046361210670972,0.05077801370114108,1.8600774786950656
20.0,10.0,0.05,subject4_k2_0_cam4_segment000,subject4,410,25,409,1.0,0.0,0.06821066040775181,0.0672892310193763,0.0675973003156141,0.89921441673654
20.0,10.0,0.05,subject4_k2_1_cam4_segment000,subject4,991,55,990,1.0,0.0,0.06724214181336333,0.06601213114928778,0.06633671992908285,1.3465095844114432
20.0,10.0,0.05,subject4_k2_2_cam4_segment000,subject4,690,40,689,1.0,0.0,0.0396768189573278,0.03913017548697506,0.039300931778417966,0.9473722661942765
20.0,10.0,0.05,subject4_k2_3_cam4_segment000,subject4,876,40,875,1.0,0.0,0.04744137333587288,0.04750574836970083,0.04748510720430779,-0.09218508099520384
20.0,10.0,0.05,subject4_k2_4_cam4_segment000,subject4,391,25,390,1.0,0.0,0.05016902527110203,0.049652655099756034,0.04979038040864989,0.7547383278946141
20.0,10.0,0.05,subject4_k2_4_cam4_segment001,subject4,187,9,186,1.0,0.0,0.07781305141976122,0.07755081094779927,0.07760698715653161,0.2648196664567237
20.0,10.0,0.05,subject4_k2_5_cam4_segment000,subject4,736,42,735,1.0,0.0,0.03795149632595891,0.037597762628819184,0.037648981922628964,0.7971079736400857
20.0,10.0,0.05,subject4_k2_6_cam4_segment000,subject4,506,18,505,1.0,0.0,0.02288155495222003,0.022762221113841023,0.02275905056139919,0.5353849031529836
20.0,10.0,0.05,subject4_k2_7_cam4_segment000,subject4,469,20,468,1.0,0.0,0.032144254243544,0.031002076151909155,0.031223409838387443,2.8647247442099384
20.0,10.0,0.05,subject4_o1_0_cam4_segment000,subject4,427,19,426,1.0,0.0,0.007051038980414379,0.006594910777357789,0.0067603856861639154,4.122134270677117
20.0,10.0,0.05,subject4_o1_1_cam4_segment000,subject4,775,49,773,1.0,0.0,0.04255461930774768,0.041850887974869466,0.042049740471014334,1.1864254573214548
20.0,10.0,0.05,subject4_o1_2_cam4_segment000,subject4,586,27,585,1.0,0.0,0.08169093014915173,0.08143600962861622,0.08145534552911061,0.28838528293285565
20.0,10.0,0.05,subject4_o1_3_cam4_segment000,subject4,625,33,624,1.0,0.0,0.035840830911358465,0.035456754139801254,0.03558008400409471,0.7275135666040655
20.0,10.0,0.05,subject4_o1_4_cam4_segment000,subject4,261,19,260,1.0,0.0,0.04124600195752432,0.040378163903089834,0.040708349094946986,1.3035272197557901
20.0,10.0,0.05,subject4_o1_4_cam4_segment001,subject4,318,14,317,1.0,0.0,0.00971041078705671,0.00925468720554993,0.009396310676197334,3.234673771763084
20.0,10.0,0.05,subject4_o1_5_cam4_segment000,subject4,560,29,559,1.0,0.0,0.025625287756563458,0.025411718158959505,0.025519477200620307,0.4129146058703243
20.0,10.0,0.05,subject4_o1_6_cam4_segment000,subject4,593,37,591,1.0,0.0,0.019439643816022402,0.01914019150900774,0.019251448030254796,0.9681030555328
20.0,10.0,0.05,subject4_o1_7_cam4_segment000,subject4,697,34,696,1.0,0.0,0.03942784431515001,0.038885961682677675,0.03902725390135556,1.016008916420835
20.0,10.0,0.05,subject4_o2_0_cam4_segment000,subject4,463,22,462,1.0,0.0,0.008047807930865014,0.007713539370336043,0.007804795610287419,3.0196088508224963
20.0,10.0,0.05,subject4_o2_1_cam4_segment000,subject4,839,35,838,1.0,0.0,0.029915037103674953,0.02938352091621995,0.02956055336986384,1.1849683909219177
20.0,10.0,0.05,subject4_o2_2_cam4_segment000,subject4,664,45,663,1.0,0.0,0.047661235011221964,0.04700229695863277,0.04725161852525344,0.8594332183630546
20.0,10.0,0.05,subject4_o2_3_cam4_segment000,subject4,322,24,321,1.0,0.0,0.04350160748796345,0.04205547077528342,0.0423994298825063,2.5336479939554333
20.0,10.0,0.05,subject4_o2_3_cam4_segment001,subject4,422,26,421,1.0,0.0,0.054074631972741954,0.0534063461876232,0.05365758455437634,0.7712441178995777
20.0,10.0,0.05,subject4_o2_4_cam4_segment000,subject4,503,21,502,1.0,0.0,0.0514921427698965,0.051281577260590544,0.051327561879019795,0.3196233095448517
20.0,10.0,0.05,subject4_o2_5_cam4_segment000,subject4,512,29,511,1.0,0.0,0.032617141180189387,0.03201286089600961,0.03215060888256294,1.430328596393993
20.0,10.0,0.05,subject4_o2_6_cam4_segment000,subject4,633,32,632,1.0,0.0,0.04428114670837198,0.04334771125821394,0.04353539580765892,1.6841273457176784
50.0,0.0,0.0,subject4_h1_0_cam4_segment000,subject4,467,0,465,1.0,0.0,0.04825180853596848,0.04738355897732436,0.04751792883919801,1.5209371815015174
50.0,0.0,0.0,subject4_h1_1_cam4_segment000,subject4,970,0,968,1.0,0.0,0.05234660687377498,0.050493828570654674,0.050841656850272025,2.8749714898080936
50.0,0.0,0.0,subject4_h1_2_cam4_segment000,subject4,530,0,528,1.0,0.0,0.05459715436661136,0.05249509047032673,0.05271476214000966,3.4477845016641884
50.0,0.0,0.0,subject4_h1_3_cam4_segment000,subject4,753,0,751,1.0,0.0,0.0766927849148839,0.07531754018636341,0.0756384445012911,1.3747582836676753
50.0,0.0,0.0,subject4_h1_4_cam4_segment000,subject4,234,0,232,1.0,0.0,0.0930761934911905,0.08886395347355346,0.0894632043639695,3.8817542829176523
50.0,0.0,0.0,subject4_h1_4_cam4_segment001,subject4,371,0,369,1.0,0.0,0.0604920930849605,0.05880466550566013,0.059118345669109784,2.2709536830231727
50.0,0.0,0.0,subject4_h1_5_cam4_segment000,subject4,437,0,435,1.0,0.0,0.0395843608027223,0.0389383545222639,0.03897682696401454,1.5347824908315182
50.0,0.0,0.0,subject4_h1_6_cam4_segment000,subject4,658,0,656,1.0,0.0,0.07884797207645775,0.07854132706506857,0.07867404536316885,0.22058489103592527
50.0,0.0,0.0,subject4_h1_7_cam4_segment000,subject4,550,0,548,1.0,0.0,0.05847155410652026,0.05699815526838882,0.057264459289272526,2.0644137746855757
50.0,0.0,0.0,subject4_h2_0_cam4_segment000,subject4,464,0,462,1.0,0.0,0.03669071229924647,0.03571284695945551,0.03608140330068747,1.6606627682491433
50.0,0.0,0.0,subject4_h2_1_cam4_segment000,subject4,806,0,804,1.0,0.0,0.038770670865575674,0.03708951688241023,0.0374040271063649,3.5249422532541446
50.0,0.0,0.0,subject4_h2_2_cam4_segment000,subject4,544,0,542,1.0,0.0,0.04488934188573959,0.04278090943449999,0.04300781631384927,4.191475064792703
50.0,0.0,0.0,subject4_h2_3_cam4_segment000,subject4,794,0,792,1.0,0.0,0.06337020237213085,0.062205313281425804,0.06253118930352443,1.3239867275150277
50.0,0.0,0.0,subject4_h2_4_cam4_segment000,subject4,266,0,264,1.0,0.0,0.05317212437736163,0.05191476731058362,0.0522422963447353,1.7487133408989881
50.0,0.0,0.0,subject4_h2_4_cam4_segment001,subject4,213,0,211,1.0,0.0,0.113276526054761,0.11255612957751895,0.11272249728138548,0.48909407153578804
50.0,0.0,0.0,subject4_h2_5_cam4_segment000,subject4,608,0,606,1.0,0.0,0.1014205376423652,0.10077456141911818,0.10087314648275036,0.5397241745503963
50.0,0.0,0.0,subject4_h2_6_cam4_segment000,subject4,527,0,525,1.0,0.0,0.04148781753538731,0.039338213561317,0.03977923187780878,4.118282809456476
50.0,0.0,0.0,subject4_h2_7_cam4_segment000,subject4,731,0,729,1.0,0.0,0.045773704796802324,0.04336995271253218,0.04374466655781897,4.432759480559013
50.0,0.0,0.0,subject4_k1_0_cam4_segment000,subject4,514,0,512,1.0,0.0,0.06982961391987112,0.0689861403644461,0.0691496771165185,0.9737083812791062
50.0,0.0,0.0,subject4_k1_1_cam4_segment000,subject4,802,0,800,1.0,0.0,0.08252685879698146,0.08056135880106892,0.08101900000392497,1.8271127909592124
50.0,0.0,0.0,subject4_k1_2_cam4_segment000,subject4,810,0,808,1.0,0.0,0.08073832153235,0.08004605111400832,0.0802580858401731,0.5948051471251792
50.0,0.0,0.0,subject4_k1_3_cam4_segment000,subject4,304,0,302,1.0,0.0,0.07674358425791963,0.07537344870339188,0.07567495888653161,1.3924621604805267
50.0,0.0,0.0,subject4_k1_3_cam4_segment001,subject4,176,0,174,1.0,0.0,0.08449921380928045,0.08351172374955423,0.08369766824072894,0.9485834629901365
50.0,0.0,0.0,subject4_k1_4_cam4_segment000,subject4,659,0,657,1.0,0.0,0.10186816945578851,0.10096597243063406,0.10113261877585036,0.7220613503390605
50.0,0.0,0.0,subject4_k1_5_cam4_segment000,subject4,427,0,425,1.0,0.0,0.040169214574160256,0.03934550522464384,0.03950177917691285,1.6615594910754001
50.0,0.0,0.0,subject4_k1_6_cam4_segment000,subject4,609,0,607,1.0,0.0,0.06411257889136193,0.06187168994141934,0.06226285203288336,2.8851231544014335
50.0,0.0,0.0,subject4_k2_0_cam4_segment000,subject4,410,0,408,1.0,0.0,0.08723568035904024,0.08515181036446616,0.08568629047182107,1.7760965247732008
50.0,0.0,0.0,subject4_k2_1_cam4_segment000,subject4,991,0,989,1.0,0.0,0.08681716938207858,0.0843994867302867,0.08486667303751079,2.246671203922507
50.0,0.0,0.0,subject4_k2_2_cam4_segment000,subject4,690,0,688,1.0,0.0,0.05164328190774711,0.05125515408845113,0.0512519669472375,0.7577267479023465
50.0,0.0,0.0,subject4_k2_3_cam4_segment000,subject4,876,0,874,1.0,0.0,0.05323303914589338,0.05327589661478507,0.053277138845489944,-0.08284272381237705
50.0,0.0,0.0,subject4_k2_4_cam4_segment000,subject4,391,0,389,1.0,0.0,0.07029491146937082,0.0691729751352713,0.06942114342748537,1.2430032610058441
50.0,0.0,0.0,subject4_k2_4_cam4_segment001,subject4,187,0,185,1.0,0.0,0.08554014611134504,0.08526693713033501,0.08527734543032926,0.3072249615679862
50.0,0.0,0.0,subject4_k2_5_cam4_segment000,subject4,736,0,734,1.0,0.0,0.04972419463268904,0.04875902665984826,0.048842027827587495,1.7741198457171228
50.0,0.0,0.0,subject4_k2_6_cam4_segment000,subject4,506,0,504,1.0,0.0,0.03183267746759623,0.031589335200732156,0.031551869168302195,0.8821384867166155
50.0,0.0,0.0,subject4_k2_7_cam4_segment000,subject4,469,0,467,1.0,0.0,0.03619452408181876,0.03489206830218305,0.03506580210899008,3.118488228432482
50.0,0.0,0.0,subject4_o1_0_cam4_segment000,subject4,427,0,425,1.0,0.0,0.01159431121947948,0.010573055027702501,0.010920165686805648,5.81445089675708
50.0,0.0,0.0,subject4_o1_1_cam4_segment000,subject4,775,0,773,1.0,0.0,0.05796912460300311,0.05621648779557897,0.05661683214388751,2.3327805420155365
50.0,0.0,0.0,subject4_o1_2_cam4_segment000,subject4,586,0,584,1.0,0.0,0.10251963161585792,0.10204915269139257,0.10217794470010921,0.33328925432448986
50.0,0.0,0.0,subject4_o1_3_cam4_segment000,subject4,625,0,623,1.0,0.0,0.04477260441073656,0.043710418416103125,0.04398615314272683,1.7565457233511756
50.0,0.0,0.0,subject4_o1_4_cam4_segment000,subject4,261,0,259,1.0,0.0,0.058888526060298714,0.05730339564577685,0.057824454741650565,1.8069246928656304
50.0,0.0,0.0,subject4_o1_4_cam4_segment001,subject4,318,0,316,1.0,0.0,0.015679429275544655,0.014785320033404705,0.015002590607398725,4.316730260084156
50.0,0.0,0.0,subject4_o1_5_cam4_segment000,subject4,560,0,558,1.0,0.0,0.029942036468969757,0.029829750415367992,0.029893721325258638,0.16136224989636444
50.0,0.0,0.0,subject4_o1_6_cam4_segment000,subject4,593,0,591,1.0,0.0,0.028672671743816616,0.028316023252147778,0.02846893196409156,0.7105713117543505
50.0,0.0,0.0,subject4_o1_7_cam4_segment000,subject4,697,0,695,1.0,0.0,0.048134547995202615,0.04705738156545545,0.04719660995688911,1.9485755603376291
50.0,0.0,0.0,subject4_o2_0_cam4_segment000,subject4,463,0,461,1.0,0.0,0.012352278413784648,0.0116960495084527,0.011864742802454937,3.946928615093725
50.0,0.0,0.0,subject4_o2_1_cam4_segment000,subject4,839,0,837,1.0,0.0,0.03968925928660588,0.038590682566445315,0.038870371962371156,2.063246679211976
50.0,0.0,0.0,subject4_o2_2_cam4_segment000,subject4,664,0,662,1.0,0.0,0.0641370178031232,0.0628282430995876,0.0632780303991486,1.3393005060063246
50.0,0.0,0.0,subject4_o2_3_cam4_segment000,subject4,322,0,320,1.0,0.0,0.06334036316728558,0.06009198344029855,0.0606136714035045,4.3048249606332885
50.0,0.0,0.0,subject4_o2_3_cam4_segment001,subject4,422,0,420,1.0,0.0,0.07367495888352159,0.0726597197001799,0.07302683700026848,0.8797044383530322
50.0,0.0,0.0,subject4_o2_4_cam4_segment000,subject4,503,0,501,1.0,0.0,0.06738335915619517,0.06654988646029643,0.0666788909269788,1.045463209371033
50.0,0.0,0.0,subject4_o2_5_cam4_segment000,subject4,512,0,510,1.0,0.0,0.04201461314140557,0.040773390052036666,0.04098572292284242,2.448886569775812
50.0,0.0,0.0,subject4_o2_6_cam4_segment000,subject4,633,0,631,1.0,0.0,0.056335794496729374,0.05485439131723924,0.055050111607174684,2.282177612014208
50.0,0.0,0.01,subject4_h1_0_cam4_segment000,subject4,467,8,465,1.0,0.0,0.04829160860506858,0.047442381746184994,0.04757480248132777,1.4843285292127861
50.0,0.0,0.01,subject4_h1_1_cam4_segment000,subject4,970,8,968,1.0,0.0,0.05240647327450023,0.05055743285316749,0.05090495705240666,2.865135026790994
50.0,0.0,0.01,subject4_h1_2_cam4_segment000,subject4,530,9,528,1.0,0.0,0.05462896384361166,0.052524422749879215,0.05274221255322259,3.453756318333888
50.0,0.0,0.01,subject4_h1_3_cam4_segment000,subject4,753,15,751,1.0,0.0,0.07670752310848586,0.07534566692338905,0.07566336004445907,1.3612264113261048
50.0,0.0,0.01,subject4_h1_4_cam4_segment000,subject4,234,3,232,1.0,0.0,0.09308637673155341,0.08885236647708603,0.08946142622151475,3.894179403386231
50.0,0.0,0.01,subject4_h1_4_cam4_segment001,subject4,371,2,369,1.0,0.0,0.060505223768809825,0.058822439860950176,0.05913314495784358,2.2677030601670873
50.0,0.0,0.01,subject4_h1_5_cam4_segment000,subject4,437,3,435,1.0,0.0,0.03984822076730878,0.03924598979153443,0.03928256693891838,1.4195209158609732
50.0,0.0,0.01,subject4_h1_6_cam4_segment000,subject4,658,8,656,1.0,0.0,0.07885938437130226,0.07855262469780379,0.07868643213438564,0.21931725475091893
50.0,0.0,0.01,subject4_h1_7_cam4_segment000,subject4,550,3,548,1.0,0.0,0.05845785319791952,0.05702191096827766,0.05728563121565068,2.0052429539279686
50.0,0.0,0.01,subject4_h2_0_cam4_segment000,subject4,464,5,462,1.0,0.0,0.03672481590050548,0.03575732895672844,0.03612107987198927,1.6439456909786554
50.0,0.0,0.01,subject4_h2_1_cam4_segment000,subject4,806,10,804,1.0,0.0,0.03877835672065853,0.03709981160680862,0.037412987696785076,3.5209563770557586
50.0,0.0,0.01,subject4_h2_2_cam4_segment000,subject4,544,6,542,1.0,0.0,0.04489970194851163,0.042790893020461046,0.04301795096970181,4.191009955851604
50.0,0.0,0.01,subject4_h2_3_cam4_segment000,subject4,794,4,792,1.0,0.0,0.06337948436996411,0.06220749636804639,0.06253020905228879,1.3399845803696744
50.0,0.0,0.01,subject4_h2_4_cam4_segment000,subject4,266,3,264,1.0,0.0,0.053397490646837076,0.05207383201597362,0.05241379559771044,1.84221212871714
50.0,0.0,0.01,subject4_h2_4_cam4_segment001,subject4,213,2,211,1.0,0.0,0.113276526054761,0.11255989443292809,0.11272699139139873,0.48512669173541917
50.0,0.0,0.01,subject4_h2_5_cam4_segment000,subject4,608,6,606,1.0,0.0,0.10143229784696346,0.10078074170833594,0.10088027771706086,0.5442252040227524
50.0,0.0,0.01,subject4_h2_6_cam4_segment000,subject4,527,4,525,1.0,0.0,0.0415232030919898,0.039365272667881514,0.039807941623536416,4.130850562403439
50.0,0.0,0.01,subject4_h2_7_cam4_segment000,subject4,731,7,729,1.0,0.0,0.04818714710967581,0.04585777219980085,0.046158912116935645,4.209078798800484
50.0,0.0,0.01,subject4_k1_0_cam4_segment000,subject4,514,8,512,1.0,0.0,0.07292387113913087,0.07210298863921638,0.07226119428178003,0.908724190034465
50.0,0.0,0.01,subject4_k1_1_cam4_segment000,subject4,802,10,800,1.0,0.0,0.08254684893214737,0.08058820629026966,0.08104306124053873,1.8217384564791024
50.0,0.0,0.01,subject4_k1_2_cam4_segment000,subject4,810,7,808,1.0,0.0,0.08075051157933617,0.08006911275220144,0.08027640784684227,0.5871216456976901
50.0,0.0,0.01,subject4_k1_3_cam4_segment000,subject4,304,1,302,1.0,0.0,0.07674333768793642,0.07537328966254732,0.07567515163590491,1.3918941815836985
50.0,0.0,0.01,subject4_k1_3_cam4_segment001,subject4,176,5,174,1.0,0.0,0.08461753689513092,0.08361665154300102,0.08379975914022182,0.9664400370369985
50.0,0.0,0.01,subject4_k1_4_cam4_segment000,subject4,659,3,657,1.0,0.0,0.10310325235881419,0.10194090009085784,0.1021086603179105,0.9646563208717953
50.0,0.0,0.01,subject4_k1_5_cam4_segment000,subject4,427,7,425,1.0,0.0,0.04017565824829691,0.03935241037682861,0.03950959050779902,1.6578888051600746
50.0,0.0,0.01,subject4_k1_6_cam4_segment000,subject4,609,3,607,1.0,0.0,0.06414552506073866,0.061866069290145854,0.062249292439062145,2.9561417104014547
50.0,0.0,0.01,subject4_k2_0_cam4_segment000,subject4,410,4,408,1.0,0.0,0.08723591734075237,0.08515329358841495,0.08568779231903975,1.774641763283673
50.0,0.0,0.01,subject4_k2_1_cam4_segment000,subject4,991,8,989,1.0,0.0,0.08684850031397474,0.08443159065693624,0.0848991325204974,2.244561260620496
50.0,0.0,0.01,subject4_k2_2_cam4_segment000,subject4,690,7,688,1.0,0.0,0.05164670723018753,0.05125994762141844,0.05125565653919335,0.7571648067538489
50.0,0.0,0.01,subject4_k2_3_cam4_segment000,subject4,876,8,874,1.0,0.0,0.053236602040827675,0.053285680574526,0.05328538881560197,-0.09164141380939438
50.0,0.0,0.01,subject4_k2_4_cam4_segment000,subject4,391,8,389,1.0,0.0,0.07037877420643779,0.06927336565711482,0.06951428301339499,1.2283407927893706
50.0,0.0,0.01,subject4_k2_4_cam4_segment001,subject4,187,0,185,1.0,0.0,0.08554014611134504,0.08526693713033501,0.08527734543032926,0.3072249615679862
50.0,0.0,0.01,subject4_k2_5_cam4_segment000,subject4,736,8,734,1.0,0.0,0.04974366195036948,0.048789604078638645,0.04886851519180765,1.759313094872243
50.0,0.0,0.01,subject4_k2_6_cam4_segment000,subject4,506,4,504,1.0,0.0,0.03187926288794537,0.031615209255499134,0.031576809383609454,0.9487468559076452
50.0,0.0,0.01,subject4_k2_7_cam4_segment000,subject4,469,3,467,1.0,0.0,0.03619945293252901,0.034894762844945665,0.03507012101411707,3.1197485788441783
50.0,0.0,0.01,subject4_o1_0_cam4_segment000,subject4,427,2,425,1.0,0.0,0.011594003950759173,0.010568469863374707,0.010918090464057445,5.829853858704862
50.0,0.0,0.01,subject4_o1_1_cam4_segment000,subject4,775,4,773,1.0,0.0,0.05798174956950878,0.05622746362316097,0.056627997535653576,2.3347899018333678
50.0,0.0,0.01,subject4_o1_2_cam4_segment000,subject4,586,6,584,1.0,0.0,0.10252001955741478,0.10203025777681694,0.10216109546756687,0.35010146447241686
50.0,0.0,0.01,subject4_o1_3_cam4_segment000,subject4,625,6,623,1.0,0.0,0.04477556449429577,0.04371150674496236,0.043988467813408434,1.7578710392084653
50.0,0.0,0.01,subject4_o1_4_cam4_segment000,subject4,261,3,259,1.0,0.0,0.058928623775351664,0.05736913203149829,0.05787918459819581,1.7808649004879786
50.0,0.0,0.01,subject4_o1_4_cam4_segment001,subject4,318,2,316,1.0,0.0,0.01570391572662322,0.01479701527097014,0.015018586179051628,4.364067914664973
50.0,0.0,0.01,subject4_o1_5_cam4_segment000,subject4,560,4,558,1.0,0.0,0.029938428837464327,0.029827197829524654,0.029890687961558592,0.15946353151970485
50.0,0.0,0.01,subject4_o1_6_cam4_segment000,subject4,593,7,591,1.0,0.0,0.02881226008512528,0.028449258922883844,0.028607784833220823,0.7096814040284931
50.0,0.0,0.01,subject4_o1_7_cam4_segment000,subject4,697,8,695,1.0,0.0,0.048128975436025484,0.04704497211221139,0.047185711056919946,1.9598679808992692
50.0,0.0,0.01,subject4_o2_0_cam4_segment000,subject4,463,7,461,1.0,0.0,0.01251752067662047,0.011906163225838375,0.012058136280480221,3.6699311949071665
50.0,0.0,0.01,subject4_o2_1_cam4_segment000,subject4,839,6,837,1.0,0.0,0.03971403732916137,0.03861277261715884,0.0388935963133276,2.065871593546933
50.0,0.0,0.01,subject4_o2_2_cam4_segment000,subject4,664,12,662,1.0,0.0,0.06420228235941469,0.06288306391993978,0.06333283841184856,1.354225917855766
50.0,0.0,0.01,subject4_o2_3_cam4_segment000,subject4,322,4,320,1.0,0.0,0.06520920154905724,0.06212287990497038,0.06262247112374685,3.9668181236115614
50.0,0.0,0.01,subject4_o2_3_cam4_segment001,subject4,422,4,420,1.0,0.0,0.07367874576776887,0.07266082200519193,0.07302884056844332,0.8820796181493261
50.0,0.0,0.01,subject4_o2_4_cam4_segment000,subject4,503,3,501,1.0,0.0,0.06738412908360036,0.06655049283244285,0.06667944939245311,1.0457650795975812
50.0,0.0,0.01,subject4_o2_5_cam4_segment000,subject4,512,3,510,1.0,0.0,0.042017057745037265,0.040777518933232025,0.040988988478586647,2.4467902362155423
50.0,0.0,0.01,subject4_o2_6_cam4_segment000,subject4,633,6,631,1.0,0.0,0.05634003215417631,0.05485866407158384,0.05505416112325672,2.28233989537095
50.0,0.0,0.05,subject4_h1_0_cam4_segment000,subject4,467,16,465,1.0,0.0,0.0482073625902437,0.047341556648648885,0.047474370969185054,1.5204972470470488
50.0,0.0,0.05,subject4_h1_1_cam4_segment000,subject4,970,55,968,1.0,0.0,0.0524260780953508,0.05052070238126777,0.05086328671632093,2.9809427594173994
50.0,0.0,0.05,subject4_h1_2_cam4_segment000,subject4,530,17,528,1.0,0.0,0.05467170819451613,0.05258169455566924,0.05279024203069892,3.441389021764526
50.0,0.0,0.05,subject4_h1_3_cam4_segment000,subject4,753,31,751,1.0,0.0,0.07674336732252333,0.07536706765246189,0.0756894856339846,1.3732544261573336
50.0,0.0,0.05,subject4_h1_4_cam4_segment000,subject4,234,16,232,1.0,0.0,0.09316918787621589,0.08892781695592918,0.08953851299588404,3.8968622171050216
50.0,0.0,0.05,subject4_h1_4_cam4_segment001,subject4,371,11,369,1.0,0.0,0.060510118695954095,0.05876341369339973,0.059091263072554294,2.3448237319267893
50.0,0.0,0.05,subject4_h1_5_cam4_segment000,subject4,437,20,435,1.0,0.0,0.039765852363317596,0.03908996339709756,0.039123638647432894,1.614987929888101
50.0,0.0,0.05,subject4_h1_6_cam4_segment000,subject4,658,42,656,1.0,0.0,0.07887803716497419,0.07859460020705555,0.07871887049110957,0.20178832991460027
50.0,0.0,0.05,subject4_h1_7_cam4_segment000,subject4,550,25,548,1.0,0.0,0.05851213548593741,0.05707813201687033,0.05734244493440331,1.999056335613005
50.0,0.0,0.05,subject4_h2_0_cam4_segment000,subject4,464,18,462,1.0,0.0,0.03687063209011833,0.0358301965456223,0.03619643601533344,1.8285449328263057
50.0,0.0,0.05,subject4_h2_1_cam4_segment000,subject4,806,46,804,1.0,0.0,0.03892113806164098,0.03722691645172541,0.03754095675976124,3.546096981269892
50.0,0.0,0.05,subject4_h2_2_cam4_segment000,subject4,544,40,542,1.0,0.0,0.04521940292991057,0.04290705605535192,0.04312612653157103,4.629155324284331
50.0,0.0,0.05,subject4_h2_3_cam4_segment000,subject4,794,32,792,1.0,0.0,0.06564663041957196,0.06457211107380251,0.06486932336726553,1.184077609678319
50.0,0.0,0.05,subject4_h2_4_cam4_segment000,subject4,266,17,264,1.0,0.0,0.05624518867511754,0.05492131267866796,0.05526825322533449,1.7369227000481882
50.0,0.0,0.05,subject4_h2_4_cam4_segment001,subject4,213,6,211,1.0,0.0,0.11330931796097798,0.11259197337199979,0.11275784859416134,0.48669374835224327
50.0,0.0,0.05,subject4_h2_5_cam4_segment000,subject4,608,29,606,1.0,0.0,0.10155349196716636,0.1009776249340779,0.1010656526308142,0.48037672255512737
50.0,0.0,0.05,subject4_h2_6_cam4_segment000,subject4,527,29,525,1.0,0.0,0.04151870291351103,0.039410458974778066,0.03985167829764943,4.015117281804864
50.0,0.0,0.05,subject4_h2_7_cam4_segment000,subject4,731,40,729,1.0,0.0,0.045597891580272776,0.04319363011736304,0.043573629076227104,4.4393774227083735
50.0,0.0,0.05,subject4_k1_0_cam4_segment000,subject4,514,29,512,1.0,0.0,0.06728041864628073,0.06640261316262398,0.06657630523057971,1.0465354257125226
50.0,0.0,0.05,subject4_k1_1_cam4_segment000,subject4,802,43,800,1.0,0.0,0.08325116640827156,0.08108311087572063,0.08152692702133732,2.071129404335796
50.0,0.0,0.05,subject4_k1_2_cam4_segment000,subject4,810,47,808,1.0,0.0012376237623762376,0.08033387509790894,0.0797214528972602,0.07991327592116047,0.5235639090431712
50.0,0.0,0.05,subject4_k1_3_cam4_segment000,subject4,304,12,301,1.0,0.0,0.07694283143765354,0.07554654709977109,0.0758507755683811,1.4193081393909044
50.0,0.0,0.05,subject4_k1_3_cam4_segment001,subject4,176,7,174,1.0,0.0,0.0844826372027985,0.08349880680842406,0.08368269836976225,0.9468677346281432
50.0,0.0,0.05,subject4_k1_4_cam4_segment000,subject4,659,37,657,1.0,0.0,0.10195702939996691,0.1009870606854735,0.10117515547244992,0.7668661318581432
50.0,0.0,0.05,subject4_k1_5_cam4_segment000,subject4,427,25,425,1.0,0.002352941176470588,0.040183306696613075,0.039267325674801894,0.03942780779329008,1.8801312421276464
50.0,0.0,0.05,subject4_k1_6_cam4_segment000,subject4,609,32,607,1.0,0.0,0.06411755372102979,0.061867221047399376,0.06226209008979908,2.893846573285809
50.0,0.0,0.05,subject4_k2_0_cam4_segment000,subject4,410,16,408,1.0,0.0,0.08727053354502316,0.08518368041698429,0.08571900478560099,1.777838058732316
50.0,0.0,0.05,subject4_k2_1_cam4_segment000,subject4,991,52,989,1.0,0.0,0.08682223184607928,0.08445349494466058,0.08491937579642335,2.1916691257480685
50.0,0.0,0.05,subject4_k2_2_cam4_segment000,subject4,690,34,688,1.0,0.0,0.05175284855501827,0.051391623428681775,0.051370238871075634,0.7393016899077287
50.0,0.0,0.05,subject4_k2_3_cam4_segment000,subject4,876,36,874,1.0,0.0,0.05328194811764841,0.05330868267390871,0.05331366773331635,-0.05953163648953247
50.0,0.0,0.05,subject4_k2_4_cam4_segment000,subject4,391,17,388,1.0,0.0,0.07394602394645124,0.0729312553670747,0.07316935427522692,1.050319719403376
50.0,0.0,0.05,subject4_k2_4_cam4_segment001,subject4,187,14,185,1.0,0.005405405405405406,0.08552535672234887,0.08529026384556677,0.08529852958774878,0.26521623912832043
50.0,0.0,0.05,subject4_k2_5_cam4_segment000,subject4,736,37,734,1.0,0.0,0.04976502136125826,0.048836413986065384,0.048903133432133254,1.7319151193934357
50.0,0.0,0.05,subject4_k2_6_cam4_segment000,subject4,506,20,504,1.0,0.0,0.03154818510277399,0.03130277574599278,0.031248520811945863,0.9498622182287689
50.0,0.0,0.05,subject4_k2_7_cam4_segment000,subject4,469,25,467,1.0,0.0021413276231263384,0.03624629638812402,0.03493184630348474,0.035111091070382176,3.131920860509746
50.0,0.0,0.05,subject4_o1_0_cam4_segment000,subject4,427,21,425,1.0,0.0,0.011936274570391295,0.010854113010470436,0.011202611536343101,6.1464993094921985
50.0,0.0,0.05,subject4_o1_1_cam4_segment000,subject4,775,49,773,1.0,0.0,0.05809161732625256,0.05631084869096577,0.05671504497116608,2.3696574797623766
50.0,0.0,0.05,subject4_o1_2_cam4_segment000,subject4,586,38,584,1.0,0.0,0.10554391960481461,0.10506646974828279,0.10518139949940628,0.34347796326469077
50.0,0.0,0.05,subject4_o1_3_cam4_segment000,subject4,625,32,623,1.0,0.0,0.045875051220207554,0.04478264384880927,0.04505968171841689,1.777370226524124
50.0,0.0,0.05,subject4_o1_4_cam4_segment000,subject4,261,9,259,1.0,0.0,0.05896821605416191,0.05735675301870901,0.05788101815598119,1.8437015241942056
50.0,0.0,0.05,subject4_o1_4_cam4_segment001,subject4,318,17,316,1.0,0.0,0.016057680938820984,0.01519185998691792,0.015401078037107012,4.08902695361552
50.0,0.0,0.05,subject4_o1_5_cam4_segment000,subject4,560,35,558,1.0,0.0,0.029979174156986674,0.029858136826905038,0.02991921111785371,0.20001564692531557
50.0,0.0,0.05,subject4_o1_6_cam4_segment000,subject4,593,39,591,1.0,0.0,0.02894719584624964,0.0285470408502109,0.028718181624847634,0.7911447541184711
50.0,0.0,0.05,subject4_o1_7_cam4_segment000,subject4,697,33,695,1.0,0.0,0.04932678971883619,0.04822998096849861,0.04836802238531128,1.9437051123535583
50.0,0.0,0.05,subject4_o2_0_cam4_segment000,subject4,463,26,461,1.0,0.0021691973969631237,0.012630565735518677,0.012030822582086462,0.012172978907160466,3.622852989644176
50.0,0.0,0.05,subject4_o2_1_cam4_segment000,subject4,839,40,837,1.0,0.0,0.039974285157482824,0.038758380166926516,0.0390472012239108,2.31920078100128
50.0,0.0,0.05,subject4_o2_2_cam4_segment000,subject4,664,39,662,1.0,0.0,0.06541714358673499,0.06414689027082877,0.06458192671657736,1.2767553340971431
50.0,0.0,0.05,subject4_o2_3_cam4_segment000,subject4,322,14,320,1.0,0.0,0.06375320981223691,0.06039090584998887,0.06090555787296689,4.466680105451619
50.0,0.0,0.05,subject4_o2_3_cam4_segment001,subject4,422,15,420,1.0,0.0,0.07411931344275657,0.07303649193379882,0.07336762744360865,1.0141567214170935
50.0,0.0,0.05,subject4_o2_4_cam4_segment000,subject4,503,31,501,1.0,0.0,0.07236821644769706,0.0717616176110373,0.07186995107365968,0.6885140998293018
50.0,0.0,0.05,subject4_o2_5_cam4_segment000,subject4,512,24,510,1.0,0.0,0.044444125932614605,0.04316335723765606,0.043362794443415446,2.433013286927172
50.0,0.0,0.05,subject4_o2_6_cam4_segment000,subject4,633,38,631,1.0,0.0,0.05623284929353957,0.05471954112117338,0.054906399924513204,2.3588514288191287
50.0,5.0,0.0,subject4_h1_0_cam4_segment000,subject4,467,0,465,1.0,0.0,0.04825180853596848,0.04738355897732436,0.04751792883919801,1.5209371815015174
50.0,5.0,0.0,subject4_h1_1_cam4_segment000,subject4,970,0,968,1.0,0.0,0.05234660687377498,0.050493828570654674,0.050841656850272025,2.8749714898080936
50.0,5.0,0.0,subject4_h1_2_cam4_segment000,subject4,530,0,528,1.0,0.0,0.05459715436661136,0.05249509047032673,0.05271476214000966,3.4477845016641884
50.0,5.0,0.0,subject4_h1_3_cam4_segment000,subject4,753,0,751,1.0,0.0,0.0766927849148839,0.07531754018636341,0.0756384445012911,1.3747582836676753
50.0,5.0,0.0,subject4_h1_4_cam4_segment000,subject4,234,0,232,1.0,0.0,0.0930761934911905,0.08886395347355346,0.0894632043639695,3.8817542829176523
50.0,5.0,0.0,subject4_h1_4_cam4_segment001,subject4,371,0,369,1.0,0.0,0.0604920930849605,0.05880466550566013,0.059118345669109784,2.2709536830231727
50.0,5.0,0.0,subject4_h1_5_cam4_segment000,subject4,437,0,435,1.0,0.0,0.0395843608027223,0.0389383545222639,0.03897682696401454,1.5347824908315182
50.0,5.0,0.0,subject4_h1_6_cam4_segment000,subject4,658,0,656,1.0,0.0,0.07884797207645775,0.07854132706506857,0.07867404536316885,0.22058489103592527
50.0,5.0,0.0,subject4_h1_7_cam4_segment000,subject4,550,0,548,1.0,0.0,0.05847155410652026,0.05699815526838882,0.057264459289272526,2.0644137746855757
50.0,5.0,0.0,subject4_h2_0_cam4_segment000,subject4,464,0,462,1.0,0.0,0.03669071229924647,0.03571284695945551,0.03608140330068747,1.6606627682491433
50.0,5.0,0.0,subject4_h2_1_cam4_segment000,subject4,806,0,804,1.0,0.0,0.038770670865575674,0.03708951688241023,0.0374040271063649,3.5249422532541446
50.0,5.0,0.0,subject4_h2_2_cam4_segment000,subject4,544,0,542,1.0,0.0,0.04488934188573959,0.04278090943449999,0.04300781631384927,4.191475064792703
50.0,5.0,0.0,subject4_h2_3_cam4_segment000,subject4,794,0,792,1.0,0.0,0.06337020237213085,0.062205313281425804,0.06253118930352443,1.3239867275150277
50.0,5.0,0.0,subject4_h2_4_cam4_segment000,subject4,266,0,264,1.0,0.0,0.05317212437736163,0.05191476731058362,0.0522422963447353,1.7487133408989881
50.0,5.0,0.0,subject4_h2_4_cam4_segment001,subject4,213,0,211,1.0,0.0,0.113276526054761,0.11255612957751895,0.11272249728138548,0.48909407153578804
50.0,5.0,0.0,subject4_h2_5_cam4_segment000,subject4,608,0,606,1.0,0.0,0.1014205376423652,0.10077456141911818,0.10087314648275036,0.5397241745503963
50.0,5.0,0.0,subject4_h2_6_cam4_segment000,subject4,527,0,525,1.0,0.0,0.04148781753538731,0.039338213561317,0.03977923187780878,4.118282809456476
50.0,5.0,0.0,subject4_h2_7_cam4_segment000,subject4,731,0,729,1.0,0.0,0.045773704796802324,0.04336995271253218,0.04374466655781897,4.432759480559013
50.0,5.0,0.0,subject4_k1_0_cam4_segment000,subject4,514,0,512,1.0,0.0,0.06982961391987112,0.0689861403644461,0.0691496771165185,0.9737083812791062
50.0,5.0,0.0,subject4_k1_1_cam4_segment000,subject4,802,0,800,1.0,0.0,0.08252685879698146,0.08056135880106892,0.08101900000392497,1.8271127909592124
50.0,5.0,0.0,subject4_k1_2_cam4_segment000,subject4,810,0,808,1.0,0.0,0.08073832153235,0.08004605111400832,0.0802580858401731,0.5948051471251792
50.0,5.0,0.0,subject4_k1_3_cam4_segment000,subject4,304,0,302,1.0,0.0,0.07674358425791963,0.07537344870339188,0.07567495888653161,1.3924621604805267
50.0,5.0,0.0,subject4_k1_3_cam4_segment001,subject4,176,0,174,1.0,0.0,0.08449921380928045,0.08351172374955423,0.08369766824072894,0.9485834629901365
50.0,5.0,0.0,subject4_k1_4_cam4_segment000,subject4,659,0,657,1.0,0.0,0.10186816945578851,0.10096597243063406,0.10113261877585036,0.7220613503390605
50.0,5.0,0.0,subject4_k1_5_cam4_segment000,subject4,427,0,425,1.0,0.0,0.040169214574160256,0.03934550522464384,0.03950177917691285,1.6615594910754001
50.0,5.0,0.0,subject4_k1_6_cam4_segment000,subject4,609,0,607,1.0,0.0,0.06411257889136193,0.06187168994141934,0.06226285203288336,2.8851231544014335
50.0,5.0,0.0,subject4_k2_0_cam4_segment000,subject4,410,0,408,1.0,0.0,0.08723568035904024,0.08515181036446616,0.08568629047182107,1.7760965247732008
50.0,5.0,0.0,subject4_k2_1_cam4_segment000,subject4,991,0,989,1.0,0.0,0.08681716938207858,0.0843994867302867,0.08486667303751079,2.246671203922507
50.0,5.0,0.0,subject4_k2_2_cam4_segment000,subject4,690,0,688,1.0,0.0,0.05164328190774711,0.05125515408845113,0.0512519669472375,0.7577267479023465
50.0,5.0,0.0,subject4_k2_3_cam4_segment000,subject4,876,0,874,1.0,0.0,0.05323303914589338,0.05327589661478507,0.053277138845489944,-0.08284272381237705
50.0,5.0,0.0,subject4_k2_4_cam4_segment000,subject4,391,0,389,1.0,0.0,0.07029491146937082,0.0691729751352713,0.06942114342748537,1.2430032610058441
50.0,5.0,0.0,subject4_k2_4_cam4_segment001,subject4,187,0,185,1.0,0.0,0.08554014611134504,0.08526693713033501,0.08527734543032926,0.3072249615679862
50.0,5.0,0.0,subject4_k2_5_cam4_segment000,subject4,736,0,734,1.0,0.0,0.04972419463268904,0.04875902665984826,0.048842027827587495,1.7741198457171228
50.0,5.0,0.0,subject4_k2_6_cam4_segment000,subject4,506,0,504,1.0,0.0,0.03183267746759623,0.031589335200732156,0.031551869168302195,0.8821384867166155
50.0,5.0,0.0,subject4_k2_7_cam4_segment000,subject4,469,0,467,1.0,0.0,0.03619452408181876,0.03489206830218305,0.03506580210899008,3.118488228432482
50.0,5.0,0.0,subject4_o1_0_cam4_segment000,subject4,427,0,425,1.0,0.0,0.01159431121947948,0.010573055027702501,0.010920165686805648,5.81445089675708
50.0,5.0,0.0,subject4_o1_1_cam4_segment000,subject4,775,0,773,1.0,0.0,0.05796912460300311,0.05621648779557897,0.05661683214388751,2.3327805420155365
50.0,5.0,0.0,subject4_o1_2_cam4_segment000,subject4,586,0,584,1.0,0.0,0.10251963161585792,0.10204915269139257,0.10217794470010921,0.33328925432448986
50.0,5.0,0.0,subject4_o1_3_cam4_segment000,subject4,625,0,623,1.0,0.0,0.04477260441073656,0.043710418416103125,0.04398615314272683,1.7565457233511756
50.0,5.0,0.0,subject4_o1_4_cam4_segment000,subject4,261,0,259,1.0,0.0,0.058888526060298714,0.05730339564577685,0.057824454741650565,1.8069246928656304
50.0,5.0,0.0,subject4_o1_4_cam4_segment001,subject4,318,0,316,1.0,0.0,0.015679429275544655,0.014785320033404705,0.015002590607398725,4.316730260084156
50.0,5.0,0.0,subject4_o1_5_cam4_segment000,subject4,560,0,558,1.0,0.0,0.029942036468969757,0.029829750415367992,0.029893721325258638,0.16136224989636444
50.0,5.0,0.0,subject4_o1_6_cam4_segment000,subject4,593,0,591,1.0,0.0,0.028672671743816616,0.028316023252147778,0.02846893196409156,0.7105713117543505
50.0,5.0,0.0,subject4_o1_7_cam4_segment000,subject4,697,0,695,1.0,0.0,0.048134547995202615,0.04705738156545545,0.04719660995688911,1.9485755603376291
50.0,5.0,0.0,subject4_o2_0_cam4_segment000,subject4,463,0,461,1.0,0.0,0.012352278413784648,0.0116960495084527,0.011864742802454937,3.946928615093725
50.0,5.0,0.0,subject4_o2_1_cam4_segment000,subject4,839,0,837,1.0,0.0,0.03968925928660588,0.038590682566445315,0.038870371962371156,2.063246679211976
50.0,5.0,0.0,subject4_o2_2_cam4_segment000,subject4,664,0,662,1.0,0.0,0.0641370178031232,0.0628282430995876,0.0632780303991486,1.3393005060063246
50.0,5.0,0.0,subject4_o2_3_cam4_segment000,subject4,322,0,320,1.0,0.0,0.06334036316728558,0.06009198344029855,0.0606136714035045,4.3048249606332885
50.0,5.0,0.0,subject4_o2_3_cam4_segment001,subject4,422,0,420,1.0,0.0,0.07367495888352159,0.0726597197001799,0.07302683700026848,0.8797044383530322
50.0,5.0,0.0,subject4_o2_4_cam4_segment000,subject4,503,0,501,1.0,0.0,0.06738335915619517,0.06654988646029643,0.0666788909269788,1.045463209371033
50.0,5.0,0.0,subject4_o2_5_cam4_segment000,subject4,512,0,510,1.0,0.0,0.04201461314140557,0.040773390052036666,0.04098572292284242,2.448886569775812
50.0,5.0,0.0,subject4_o2_6_cam4_segment000,subject4,633,0,631,1.0,0.0,0.056335794496729374,0.05485439131723924,0.055050111607174684,2.282177612014208
50.0,5.0,0.01,subject4_h1_0_cam4_segment000,subject4,467,3,465,1.0,0.0,0.04825775511169075,0.04738997062180587,0.047524014984237875,1.5204605472315575
50.0,5.0,0.01,subject4_h1_1_cam4_segment000,subject4,970,15,968,1.0,0.0,0.05235892298703635,0.05048906423412529,0.05083744579407578,2.9058603694680216
50.0,5.0,0.01,subject4_h1_2_cam4_segment000,subject4,530,1,528,1.0,0.0,0.05459567997256039,0.05249484438046361,0.05271399500931805,3.4465821548299487
50.0,5.0,0.01,subject4_h1_3_cam4_segment000,subject4,753,12,751,1.0,0.0,0.07771739617790976,0.07626629905735674,0.0766185621831303,1.4138842123120319
50.0,5.0,0.01,subject4_h1_4_cam4_segment000,subject4,234,2,232,1.0,0.0,0.0930948385661456,0.08888916964151246,0.08948438451365835,3.8782537336073206
50.0,5.0,0.01,subject4_h1_4_cam4_segment001,subject4,371,2,369,1.0,0.0,0.06049696461174558,0.058810206024717364,0.05912346203450099,2.2703661019348456
50.0,5.0,0.01,subject4_h1_5_cam4_segment000,subject4,437,3,435,1.0,0.0,0.03959126259399651,0.03897174271018776,0.03901684304349128,1.4508745436987591
50.0,5.0,0.01,subject4_h1_6_cam4_segment000,subject4,658,5,656,1.0,0.0,0.07885092482702476,0.07854215170585986,0.07867573155899844,0.22218289564851004
50.0,5.0,0.01,subject4_h1_7_cam4_segment000,subject4,550,11,548,1.0,0.0,0.05853259906249517,0.05702557724162575,0.05728839689382143,2.12565679399493
50.0,5.0,0.01,subject4_h2_0_cam4_segment000,subject4,464,3,462,1.0,0.0,0.036713047838797475,0.03570651847856095,0.03607914921951094,1.72663033063859
50.0,5.0,0.01,subject4_h2_1_cam4_segment000,subject4,806,9,804,1.0,0.0,0.03880051202607253,0.03711801173109514,0.037434175946876924,3.5214382693647863
50.0,5.0,0.01,subject4_h2_2_cam4_segment000,subject4,544,5,542,1.0,0.0,0.0448944028151955,0.04278208396961284,0.04300856635079433,4.200604855273561
50.0,5.0,0.01,subject4_h2_3_cam4_segment000,subject4,794,9,791,1.0,0.0,0.06341819492873937,0.06224972396423278,0.06257690831682766,1.3265697846762026
50.0,5.0,0.01,subject4_h2_4_cam4_segment000,subject4,266,3,264,1.0,0.0,0.05577670372682635,0.054525553643208054,0.05485338119990665,1.6553909880400812
50.0,5.0,0.01,subject4_h2_4_cam4_segment001,subject4,213,0,211,1.0,0.0,0.113276526054761,0.11255612957751895,0.11272249728138548,0.48909407153578804
50.0,5.0,0.01,subject4_h2_5_cam4_segment000,subject4,608,5,606,1.0,0.0,0.10300456266815836,0.10233592766993671,0.10244507814893446,0.5431647926377261
50.0,5.0,0.01,subject4_h2_6_cam4_segment000,subject4,527,6,525,1.0,0.0,0.04151909180355843,0.03937036551797159,0.03981050631596473,4.115180302299542
50.0,5.0,0.01,subject4_h2_7_cam4_segment000,subject4,731,13,729,1.0,0.0,0.04596678395227472,0.043568241356490185,0.04394242299025967,4.4039647501048975
50.0,5.0,0.01,subject4_k1_0_cam4_segment000,subject4,514,5,512,1.0,0.0,0.06985247309340349,0.06900901857757154,0.06917233494817854,0.9736779746015644
50.0,5.0,0.01,subject4_k1_1_cam4_segment000,subject4,802,4,800,1.0,0.0,0.08251560668533936,0.08066382110431393,0.08110033321516048,1.7151585342828606
50.0,5.0,0.01,subject4_k1_2_cam4_segment000,subject4,810,7,808,1.0,0.0,0.08074006164780088,0.0800482281463022,0.08025983742878856,0.5947781178408393
50.0,5.0,0.01,subject4_k1_3_cam4_segment000,subject4,304,3,302,1.0,0.0,0.07675031041818818,0.07535992288838965,0.07566464131430677,1.414546857160508
50.0,5.0,0.01,subject4_k1_3_cam4_segment001,subject4,176,0,174,1.0,0.0,0.08449921380928045,0.08351172374955423,0.08369766824072894,0.9485834629901365
50.0,5.0,0.01,subject4_k1_4_cam4_segment000,subject4,659,5,657,1.0,0.0,0.101927561279062,0.10101396289757915,0.10117921857923896,0.7341907237181753
50.0,5.0,0.01,subject4_k1_5_cam4_segment000,subject4,427,3,425,1.0,0.0,0.04018918700310479,0.039377800978588166,0.0395267950349303,1.6481845430795046
50.0,5.0,0.01,subject4_k1_6_cam4_segment000,subject4,609,8,607,1.0,0.0,0.0641794632523266,0.061906875602656355,0.06228752641491706,2.947885104571904
50.0,5.0,0.01,subject4_k2_0_cam4_segment000,subject4,410,4,408,1.0,0.0,0.0872350987622224,0.08515243034754437,0.085686983680687,1.7746470210976724
50.0,5.0,0.01,subject4_k2_1_cam4_segment000,subject4,991,13,989,1.0,0.0,0.08739608699713634,0.08493962195811135,0.085399385832352,2.284657395301654
50.0,5.0,0.01,subject4_k2_2_cam4_segment000,subject4,690,3,688,1.0,0.0,0.05164328190774711,0.05125540206736993,0.05125198310177508,0.7576954668973718
50.0,5.0,0.01,subject4_k2_3_cam4_segment000,subject4,876,9,874,1.0,0.0,0.0563520227350548,0.05639661878191038,0.05639741838107554,-0.08055726097742079
50.0,5.0,0.01,subject4_k2_4_cam4_segment000,subject4,391,6,389,1.0,0.0,0.07030305497371139,0.06918893913497089,0.06943608664979077,1.2331872693794173
50.0,5.0,0.01,subject4_k2_4_cam4_segment001,subject4,187,2,185,1.0,0.0,0.08364796923921795,0.08322637058825712,0.08322696965554235,0.5032992283071656
50.0,5.0,0.01,subject4_k2_5_cam4_segment000,subject4,736,10,734,1.0,0.0,0.04977511259627585,0.048815422895169,0.04889669463354421,1.7647734317679205
50.0,5.0,0.01,subject4_k2_6_cam4_segment000,subject4,506,1,504,1.0,0.0,0.031832892849770415,0.031589881393875946,0.031552177285859094,0.8818411987754541
50.0,5.0,0.01,subject4_k2_7_cam4_segment000,subject4,469,6,467,1.0,0.0,0.036199465386600994,0.03489762362917799,0.03507085040740469,3.1177669812053557
50.0,5.0,0.01,subject4_o1_0_cam4_segment000,subject4,427,4,425,1.0,0.0,0.011642163345243789,0.01060964883545721,0.010960090487742602,5.858643598054621
50.0,5.0,0.01,subject4_o1_1_cam4_segment000,subject4,775,8,773,1.0,0.0,0.05799868313332169,0.056245859738927914,0.056646538043652175,2.3313375694433187
50.0,5.0,0.01,subject4_o1_2_cam4_segment000,subject4,586,4,584,1.0,0.0,0.10252827862316231,0.10205020666040103,0.10217716390528442,0.3424564642974263
50.0,5.0,0.01,subject4_o1_3_cam4_segment000,subject4,625,9,623,1.0,0.0,0.04480840209243445,0.043733445410067004,0.044012841464049345,1.775471990150331
50.0,5.0,0.01,subject4_o1_4_cam4_segment000,subject4,261,3,259,1.0,0.0,0.05889589344821018,0.05731114951173521,0.057830963300620125,1.8081568768907428
50.0,5.0,0.01,subject4_o1_4_cam4_segment001,subject4,318,4,316,1.0,0.0,0.015767073699033372,0.01487262357492845,0.01509297624038309,4.275349196164471
50.0,5.0,0.01,subject4_o1_5_cam4_segment000,subject4,560,6,558,1.0,0.0,0.0299508746347596,0.029841666182298214,0.029903507699859586,0.15814875350933238
50.0,5.0,0.01,subject4_o1_6_cam4_segment000,subject4,593,6,591,1.0,0.0,0.028693685324202804,0.028318216426658493,0.028475121057866315,0.761715561688871
50.0,5.0,0.01,subject4_o1_7_cam4_segment000,subject4,697,8,695,1.0,0.0,0.04816772358793134,0.047098633637710836,0.04723541855018376,1.9355389217130679
50.0,5.0,0.01,subject4_o2_0_cam4_segment000,subject4,463,1,461,1.0,0.0,0.012352555227320606,0.011696106829293309,0.011864942160680252,3.947467205504836
50.0,5.0,0.01,subject4_o2_1_cam4_segment000,subject4,839,8,837,1.0,0.0,0.03972942723816522,0.03863015734287869,0.03891064349752454,2.0608999362924045
50.0,5.0,0.01,subject4_o2_2_cam4_segment000,subject4,664,9,662,1.0,0.0,0.06414540437061284,0.06283185198262192,0.06328383952882466,1.343143519386539
50.0,5.0,0.01,subject4_o2_3_cam4_segment000,subject4,322,4,320,1.0,0.0,0.06340688562245922,0.060159845754953846,0.06068400068400438,4.294304808893451
50.0,5.0,0.01,subject4_o2_3_cam4_segment001,subject4,422,2,420,1.0,0.0,0.0736826809053171,0.07266758025762342,0.07303435118510325,0.8798943147127877
50.0,5.0,0.01,subject4_o2_4_cam4_segment000,subject4,503,6,501,1.0,0.0,0.06738474864179858,0.06655015635055858,0.06667976871159591,1.0462010238402464
50.0,5.0,0.01,subject4_o2_5_cam4_segment000,subject4,512,3,510,1.0,0.0,0.04201332299353655,0.040772291236729936,0.040988901877366424,2.4383244246776825
50.0,5.0,0.01,subject4_o2_6_cam4_segment000,subject4,633,6,631,1.0,0.0,0.05635866911527745,0.054880124763820176,0.055068407568118,2.2893754721572948
50.0,5.0,0.05,subject4_h1_0_cam4_segment000,subject4,467,22,465,1.0,0.0,0.04833861168845149,0.047462350168116466,0.04759283624251623,1.54281519449064
50.0,5.0,0.05,subject4_h1_1_cam4_segment000,subject4,970,42,968,1.0,0.0,0.05251386736361957,0.05067611812832519,0.05103103881953603,2.8236894719942316
50.0,5.0,0.05,subject4_h1_2_cam4_segment000,subject4,530,22,528,1.0,0.0,0.054728773950666165,0.0526524793368041,0.052869148936532245,3.397892698656525
50.0,5.0,0.05,subject4_h1_3_cam4_segment000,subject4,753,28,751,1.0,0.0,0.0757223407888783,0.07447028612027078,0.07477026000815133,1.2573314173969645
50.0,5.0,0.05,subject4_h1_4_cam4_segment000,subject4,234,15,232,1.0,0.0,0.09333212945052337,0.08909194436841256,0.08961207427750965,3.9858248117929915
50.0,5.0,0.05,subject4_h1_4_cam4_segment001,subject4,371,15,369,1.0,0.0,0.0606561097698063,0.05906395544217428,0.05936041738821563,2.1361283908709323
50.0,5.0,0.05,subject4_h1_5_cam4_segment000,subject4,437,15,435,1.0,0.0,0.03986529647968363,0.03941940313626571,0.03945349976869331,1.0329703961945356
50.0,5.0,0.05,subject4_h1_6_cam4_segment000,subject4,658,30,656,1.0,0.0,0.0807996834326837,0.0802636891330964,0.08036793176121483,0.5343482215850239
50.0,5.0,0.05,subject4_h1_7_cam4_segment000,subject4,550,30,548,1.0,0.0,0.05855136045169572,0.05706056880064676,0.05731577005107479,2.1102676198963413
50.0,5.0,0.05,subject4_h2_0_cam4_segment000,subject4,464,20,462,1.0,0.0,0.039429169836388514,0.03848416359621517,0.03883539794011221,1.5059203598253823
50.0,5.0,0.05,subject4_h2_1_cam4_segment000,subject4,806,28,804,1.0,0.0,0.040481919389435225,0.03860373426290323,0.03890825160362106,3.887334912842232
50.0,5.0,0.05,subject4_h2_2_cam4_segment000,subject4,544,24,542,1.0,0.0,0.04511762195967014,0.04300334687165048,0.0432303571583976,4.1829881968503
50.0,5.0,0.05,subject4_h2_3_cam4_segment000,subject4,794,32,792,1.0,0.0,0.06459411893205165,0.06336889543141727,0.06372685832207832,1.3426309148757427
50.0,5.0,0.05,subject4_h2_4_cam4_segment000,subject4,266,17,264,1.0,0.0,0.0530225121698217,0.05166502988280405,0.052012345376817974,1.905165846854521
50.0,5.0,0.05,subject4_h2_4_cam4_segment001,subject4,213,7,211,1.0,0.0,0.11329935788633627,0.11256542581269109,0.11272986129171741,0.5026476806604543
50.0,5.0,0.05,subject4_h2_5_cam4_segment000,subject4,608,37,606,1.0,0.0,0.10153737979247852,0.10078950983912899,0.10087697994887433,0.6504007144501006
50.0,5.0,0.05,subject4_h2_6_cam4_segment000,subject4,527,32,525,1.0,0.0,0.041730681723028344,0.03956963800952992,0.0400140686311902,4.113551518835754
50.0,5.0,0.05,subject4_h2_7_cam4_segment000,subject4,731,37,729,1.0,0.0,0.04629235744269338,0.04394155012921338,0.044297069547620346,4.310188560915392
50.0,5.0,0.05,subject4_k1_0_cam4_segment000,subject4,514,29,512,1.0,0.0,0.06984291947197972,0.06895171272416853,0.06912238873159815,1.0316446474873409
50.0,5.0,0.05,subject4_k1_1_cam4_segment000,subject4,802,39,800,1.0,0.0,0.08628895903512916,0.08414505653370918,0.0846973606697744,1.8444982801412673
50.0,5.0,0.05,subject4_k1_2_cam4_segment000,subject4,810,46,808,1.0,0.0,0.07995008226342222,0.07935222438084781,0.07955401173733131,0.49539727149487955
50.0,5.0,0.05,subject4_k1_3_cam4_segment000,subject4,304,9,302,1.0,0.0,0.07686049858014089,0.075482379195781,0.07578830256431461,1.3949896704200078
50.0,5.0,0.05,subject4_k1_3_cam4_segment001,subject4,176,7,174,1.0,0.0,0.08449745835229663,0.08352042854168097,0.08370423275125734,0.9387567584957264
50.0,5.0,0.05,subject4_k1_4_cam4_segment000,subject4,659,35,657,1.0,0.0,0.10264711594979553,0.10182479568079791,0.10198852967032106,0.6416023220726309
50.0,5.0,0.05,subject4_k1_5_cam4_segment000,subject4,427,26,425,1.0,0.0,0.04022304909112185,0.03943018648737762,0.03957382587459023,1.6140576888163405
50.0,5.0,0.05,subject4_k1_6_cam4_segment000,subject4,609,26,606,1.0,0.0,0.06621915738208879,0.06404246097387023,0.06441719312518653,2.7212129059643826
50.0,5.0,0.05,subject4_k2_0_cam4_segment000,subject4,410,19,408,1.0,0.0,0.08778581357560526,0.08568234073742266,0.08623049120480093,1.7717240490854629
50.0,5.0,0.05,subject4_k2_1_cam4_segment000,subject4,991,49,988,1.0,0.0,0.08824234389179755,0.08568896107282623,0.08614937127921833,2.371846123155588
50.0,5.0,0.05,subject4_k2_2_cam4_segment000,subject4,690,26,688,1.0,0.0,0.05166619468712753,0.05128051806631115,0.051275207607460065,0.7567560994866063
50.0,5.0,0.05,subject4_k2_3_cam4_segment000,subject4,876,48,874,1.0,0.0,0.057155001001047444,0.05687039657692704,0.0568722351987264,0.4947350142043828
50.0,5.0,0.05,subject4_k2_4_cam4_segment000,subject4,391,19,389,1.0,0.0,0.07448702353115387,0.07340490892080329,0.07365151081415325,1.121688956535057
50.0,5.0,0.05,subject4_k2_4_cam4_segment001,subject4,187,12,185,1.0,0.0,0.08571522043100906,0.08540189925574042,0.08541616941787658,0.3488890440096082
50.0,5.0,0.05,subject4_k2_5_cam4_segment000,subject4,736,39,734,1.0,0.0,0.049753263380109596,0.04878010809399715,0.048866787980129216,1.7817432259825912
50.0,5.0,0.05,subject4_k2_6_cam4_segment000,subject4,506,32,504,1.0,0.0,0.03188227649656617,0.03164206312306079,0.03160944516888755,0.855746068534367
50.0,5.0,0.05,subject4_k2_7_cam4_segment000,subject4,469,22,467,1.0,0.0,0.03625470265194388,0.03495422600956332,0.03512129514566189,3.1262358352874844
50.0,5.0,0.05,subject4_o1_0_cam4_segment000,subject4,427,32,425,1.0,0.0,0.012051226286773287,0.010873513956991699,0.011267549143621342,6.502882980564914
50.0,5.0,0.05,subject4_o1_1_cam4_segment000,subject4,775,45,773,1.0,0.0,0.06187846379087311,0.06016472815291149,0.06054813788234338,2.149901317889456
50.0,5.0,0.05,subject4_o1_2_cam4_segment000,subject4,586,24,584,1.0,0.0017123287671232876,0.10254223691711965,0.1020400590954797,0.10217404513601984,0.35906353534827484
50.0,5.0,0.05,subject4_o1_3_cam4_segment000,subject4,625,23,623,1.0,0.0,0.044796583022733164,0.043735024175991274,0.044010421744334664,1.7549581359800182
50.0,5.0,0.05,subject4_o1_4_cam4_segment000,subject4,261,17,259,1.0,0.0,0.058954203703449184,0.057360196530018996,0.057883330221212274,1.816449743980271
50.0,5.0,0.05,subject4_o1_4_cam4_segment001,subject4,318,11,316,1.0,0.0,0.015967154789733717,0.015292458971015225,0.015437650271196226,3.3162108435119726
50.0,5.0,0.05,subject4_o1_5_cam4_segment000,subject4,560,27,558,1.0,0.0017921146953405018,0.03006222230698781,0.0299958543467568,0.030055451211325745,0.022523603188478635
50.0,5.0,0.05,subject4_o1_6_cam4_segment000,subject4,593,21,591,1.0,0.0,0.029008992532325976,0.028920301111663323,0.029093141740555717,-0.29007973350322325
50.0,5.0,0.05,subject4_o1_7_cam4_segment000,subject4,697,39,695,1.0,0.0,0.04833868354553154,0.047349920632857555,0.0474903258332131,1.7550285818589637
50.0,5.0,0.05,subject4_o2_0_cam4_segment000,subject4,463,21,461,1.0,0.0,0.012381144465214529,0.01171791265806119,0.011895273117668128,3.9242846161070255
50.0,5.0,0.05,subject4_o2_1_cam4_segment000,subject4,839,44,837,1.0,0.0,0.03995354762655381,0.03865896224988785,0.038941938869362126,2.531962284418891
50.0,5.0,0.05,subject4_o2_2_cam4_segment000,subject4,664,28,662,1.0,0.0,0.06317907669084871,0.06199204906797225,0.062431190506711344,1.183756115647219
50.0,5.0,0.05,subject4_o2_3_cam4_segment000,subject4,322,23,320,1.0,0.0,0.06337277571744117,0.06010411418395505,0.060621050053465006,4.342125830569931
50.0,5.0,0.05,subject4_o2_3_cam4_segment001,subject4,422,18,420,1.0,0.0,0.07368154079478241,0.07269044338629378,0.07305091410953965,0.8558815117604285
50.0,5.0,0.05,subject4_o2_4_cam4_segment000,subject4,503,29,501,1.0,0.0,0.06740029822906979,0.06657011319986683,0.06669793372435279,1.0420792239374261
50.0,5.0,0.05,subject4_o2_5_cam4_segment000,subject4,512,39,510,1.0,0.0,0.04215194248842586,0.040942006261361866,0.041137248348976134,2.4072298441011166
50.0,5.0,0.05,subject4_o2_6_cam4_segment000,subject4,633,38,631,1.0,0.0,0.057030277039499006,0.05544827106870482,0.055640621423217525,2.4366979934518103
50.0,10.0,0.0,subject4_h1_0_cam4_segment000,subject4,467,0,465,1.0,0.0,0.04825180853596848,0.04738355897732436,0.04751792883919801,1.5209371815015174
50.0,10.0,0.0,subject4_h1_1_cam4_segment000,subject4,970,0,968,1.0,0.0,0.05234660687377498,0.050493828570654674,0.050841656850272025,2.8749714898080936
50.0,10.0,0.0,subject4_h1_2_cam4_segment000,subject4,530,0,528,1.0,0.0,0.05459715436661136,0.05249509047032673,0.05271476214000966,3.4477845016641884
50.0,10.0,0.0,subject4_h1_3_cam4_segment000,subject4,753,0,751,1.0,0.0,0.0766927849148839,0.07531754018636341,0.0756384445012911,1.3747582836676753
50.0,10.0,0.0,subject4_h1_4_cam4_segment000,subject4,234,0,232,1.0,0.0,0.0930761934911905,0.08886395347355346,0.0894632043639695,3.8817542829176523
50.0,10.0,0.0,subject4_h1_4_cam4_segment001,subject4,371,0,369,1.0,0.0,0.0604920930849605,0.05880466550566013,0.059118345669109784,2.2709536830231727
50.0,10.0,0.0,subject4_h1_5_cam4_segment000,subject4,437,0,435,1.0,0.0,0.0395843608027223,0.0389383545222639,0.03897682696401454,1.5347824908315182
50.0,10.0,0.0,subject4_h1_6_cam4_segment000,subject4,658,0,656,1.0,0.0,0.07884797207645775,0.07854132706506857,0.07867404536316885,0.22058489103592527
50.0,10.0,0.0,subject4_h1_7_cam4_segment000,subject4,550,0,548,1.0,0.0,0.05847155410652026,0.05699815526838882,0.057264459289272526,2.0644137746855757
50.0,10.0,0.0,subject4_h2_0_cam4_segment000,subject4,464,0,462,1.0,0.0,0.03669071229924647,0.03571284695945551,0.03608140330068747,1.6606627682491433
50.0,10.0,0.0,subject4_h2_1_cam4_segment000,subject4,806,0,804,1.0,0.0,0.038770670865575674,0.03708951688241023,0.0374040271063649,3.5249422532541446
50.0,10.0,0.0,subject4_h2_2_cam4_segment000,subject4,544,0,542,1.0,0.0,0.04488934188573959,0.04278090943449999,0.04300781631384927,4.191475064792703
50.0,10.0,0.0,subject4_h2_3_cam4_segment000,subject4,794,0,792,1.0,0.0,0.06337020237213085,0.062205313281425804,0.06253118930352443,1.3239867275150277
50.0,10.0,0.0,subject4_h2_4_cam4_segment000,subject4,266,0,264,1.0,0.0,0.05317212437736163,0.05191476731058362,0.0522422963447353,1.7487133408989881
50.0,10.0,0.0,subject4_h2_4_cam4_segment001,subject4,213,0,211,1.0,0.0,0.113276526054761,0.11255612957751895,0.11272249728138548,0.48909407153578804
50.0,10.0,0.0,subject4_h2_5_cam4_segment000,subject4,608,0,606,1.0,0.0,0.1014205376423652,0.10077456141911818,0.10087314648275036,0.5397241745503963
50.0,10.0,0.0,subject4_h2_6_cam4_segment000,subject4,527,0,525,1.0,0.0,0.04148781753538731,0.039338213561317,0.03977923187780878,4.118282809456476
50.0,10.0,0.0,subject4_h2_7_cam4_segment000,subject4,731,0,729,1.0,0.0,0.045773704796802324,0.04336995271253218,0.04374466655781897,4.432759480559013
50.0,10.0,0.0,subject4_k1_0_cam4_segment000,subject4,514,0,512,1.0,0.0,0.06982961391987112,0.0689861403644461,0.0691496771165185,0.9737083812791062
50.0,10.0,0.0,subject4_k1_1_cam4_segment000,subject4,802,0,800,1.0,0.0,0.08252685879698146,0.08056135880106892,0.08101900000392497,1.8271127909592124
50.0,10.0,0.0,subject4_k1_2_cam4_segment000,subject4,810,0,808,1.0,0.0,0.08073832153235,0.08004605111400832,0.0802580858401731,0.5948051471251792
50.0,10.0,0.0,subject4_k1_3_cam4_segment000,subject4,304,0,302,1.0,0.0,0.07674358425791963,0.07537344870339188,0.07567495888653161,1.3924621604805267
50.0,10.0,0.0,subject4_k1_3_cam4_segment001,subject4,176,0,174,1.0,0.0,0.08449921380928045,0.08351172374955423,0.08369766824072894,0.9485834629901365
50.0,10.0,0.0,subject4_k1_4_cam4_segment000,subject4,659,0,657,1.0,0.0,0.10186816945578851,0.10096597243063406,0.10113261877585036,0.7220613503390605
50.0,10.0,0.0,subject4_k1_5_cam4_segment000,subject4,427,0,425,1.0,0.0,0.040169214574160256,0.03934550522464384,0.03950177917691285,1.6615594910754001
50.0,10.0,0.0,subject4_k1_6_cam4_segment000,subject4,609,0,607,1.0,0.0,0.06411257889136193,0.06187168994141934,0.06226285203288336,2.8851231544014335
50.0,10.0,0.0,subject4_k2_0_cam4_segment000,subject4,410,0,408,1.0,0.0,0.08723568035904024,0.08515181036446616,0.08568629047182107,1.7760965247732008
50.0,10.0,0.0,subject4_k2_1_cam4_segment000,subject4,991,0,989,1.0,0.0,0.08681716938207858,0.0843994867302867,0.08486667303751079,2.246671203922507
50.0,10.0,0.0,subject4_k2_2_cam4_segment000,subject4,690,0,688,1.0,0.0,0.05164328190774711,0.05125515408845113,0.0512519669472375,0.7577267479023465
50.0,10.0,0.0,subject4_k2_3_cam4_segment000,subject4,876,0,874,1.0,0.0,0.05323303914589338,0.05327589661478507,0.053277138845489944,-0.08284272381237705
50.0,10.0,0.0,subject4_k2_4_cam4_segment000,subject4,391,0,389,1.0,0.0,0.07029491146937082,0.0691729751352713,0.06942114342748537,1.2430032610058441
50.0,10.0,0.0,subject4_k2_4_cam4_segment001,subject4,187,0,185,1.0,0.0,0.08554014611134504,0.08526693713033501,0.08527734543032926,0.3072249615679862
50.0,10.0,0.0,subject4_k2_5_cam4_segment000,subject4,736,0,734,1.0,0.0,0.04972419463268904,0.04875902665984826,0.048842027827587495,1.7741198457171228
50.0,10.0,0.0,subject4_k2_6_cam4_segment000,subject4,506,0,504,1.0,0.0,0.03183267746759623,0.031589335200732156,0.031551869168302195,0.8821384867166155
50.0,10.0,0.0,subject4_k2_7_cam4_segment000,subject4,469,0,467,1.0,0.0,0.03619452408181876,0.03489206830218305,0.03506580210899008,3.118488228432482
50.0,10.0,0.0,subject4_o1_0_cam4_segment000,subject4,427,0,425,1.0,0.0,0.01159431121947948,0.010573055027702501,0.010920165686805648,5.81445089675708
50.0,10.0,0.0,subject4_o1_1_cam4_segment000,subject4,775,0,773,1.0,0.0,0.05796912460300311,0.05621648779557897,0.05661683214388751,2.3327805420155365
50.0,10.0,0.0,subject4_o1_2_cam4_segment000,subject4,586,0,584,1.0,0.0,0.10251963161585792,0.10204915269139257,0.10217794470010921,0.33328925432448986
50.0,10.0,0.0,subject4_o1_3_cam4_segment000,subject4,625,0,623,1.0,0.0,0.04477260441073656,0.043710418416103125,0.04398615314272683,1.7565457233511756
50.0,10.0,0.0,subject4_o1_4_cam4_segment000,subject4,261,0,259,1.0,0.0,0.058888526060298714,0.05730339564577685,0.057824454741650565,1.8069246928656304
50.0,10.0,0.0,subject4_o1_4_cam4_segment001,subject4,318,0,316,1.0,0.0,0.015679429275544655,0.014785320033404705,0.015002590607398725,4.316730260084156
50.0,10.0,0.0,subject4_o1_5_cam4_segment000,subject4,560,0,558,1.0,0.0,0.029942036468969757,0.029829750415367992,0.029893721325258638,0.16136224989636444
50.0,10.0,0.0,subject4_o1_6_cam4_segment000,subject4,593,0,591,1.0,0.0,0.028672671743816616,0.028316023252147778,0.02846893196409156,0.7105713117543505
50.0,10.0,0.0,subject4_o1_7_cam4_segment000,subject4,697,0,695,1.0,0.0,0.048134547995202615,0.04705738156545545,0.04719660995688911,1.9485755603376291
50.0,10.0,0.0,subject4_o2_0_cam4_segment000,subject4,463,0,461,1.0,0.0,0.012352278413784648,0.0116960495084527,0.011864742802454937,3.946928615093725
50.0,10.0,0.0,subject4_o2_1_cam4_segment000,subject4,839,0,837,1.0,0.0,0.03968925928660588,0.038590682566445315,0.038870371962371156,2.063246679211976
50.0,10.0,0.0,subject4_o2_2_cam4_segment000,subject4,664,0,662,1.0,0.0,0.0641370178031232,0.0628282430995876,0.0632780303991486,1.3393005060063246
50.0,10.0,0.0,subject4_o2_3_cam4_segment000,subject4,322,0,320,1.0,0.0,0.06334036316728558,0.06009198344029855,0.0606136714035045,4.3048249606332885
50.0,10.0,0.0,subject4_o2_3_cam4_segment001,subject4,422,0,420,1.0,0.0,0.07367495888352159,0.0726597197001799,0.07302683700026848,0.8797044383530322
50.0,10.0,0.0,subject4_o2_4_cam4_segment000,subject4,503,0,501,1.0,0.0,0.06738335915619517,0.06654988646029643,0.0666788909269788,1.045463209371033
50.0,10.0,0.0,subject4_o2_5_cam4_segment000,subject4,512,0,510,1.0,0.0,0.04201461314140557,0.040773390052036666,0.04098572292284242,2.448886569775812
50.0,10.0,0.0,subject4_o2_6_cam4_segment000,subject4,633,0,631,1.0,0.0,0.056335794496729374,0.05485439131723924,0.055050111607174684,2.282177612014208
50.0,10.0,0.01,subject4_h1_0_cam4_segment000,subject4,467,6,465,1.0,0.0,0.048266633559112815,0.04739933992237308,0.04753349564138933,1.518933191861409
50.0,10.0,0.01,subject4_h1_1_cam4_segment000,subject4,970,9,968,1.0,0.0,0.05235991256177924,0.0505020369223523,0.05084989790989739,2.8839136239965852
50.0,10.0,0.01,subject4_h1_2_cam4_segment000,subject4,530,3,528,1.0,0.0,0.05459715436661136,0.052495563707100394,0.05271479283860711,3.447728274196283
50.0,10.0,0.01,subject4_h1_3_cam4_segment000,subject4,753,5,751,1.0,0.0,0.0766995749619143,0.07532510365835109,0.07564576822917099,1.3739407725096127
50.0,10.0,0.01,subject4_h1_4_cam4_segment000,subject4,234,2,232,1.0,0.0,0.09311658904840531,0.0888753280061303,0.08947516103877326,3.910611467672107
50.0,10.0,0.01,subject4_h1_4_cam4_segment001,subject4,371,1,369,1.0,0.0,0.06059222309273265,0.05889737799445833,0.059210954356710456,2.2796138935325847
50.0,10.0,0.01,subject4_h1_5_cam4_segment000,subject4,437,4,435,1.0,0.0,0.03959651487629917,0.03894131674537491,0.03898304223616391,1.5493096855916992
50.0,10.0,0.01,subject4_h1_6_cam4_segment000,subject4,658,4,656,1.0,0.0,0.07885180151326741,0.07854569903039832,0.0786782812733833,0.22005868801223638
50.0,10.0,0.01,subject4_h1_7_cam4_segment000,subject4,550,2,548,1.0,0.0,0.05847797391552775,0.05700469379467787,0.05727111464581017,2.063784342906461
50.0,10.0,0.01,subject4_h2_0_cam4_segment000,subject4,464,4,462,1.0,0.0,0.03672080968343922,0.03574328305526255,0.03611166372436246,1.6588576459180873
50.0,10.0,0.01,subject4_h2_1_cam4_segment000,subject4,806,3,804,1.0,0.0,0.038776542057300245,0.037090574716310484,0.03740548372397453,3.535793189861276
50.0,10.0,0.01,subject4_h2_2_cam4_segment000,subject4,544,5,542,1.0,0.0,0.044935321394748054,0.04279371174579075,0.04302014837258406,4.26206592657827
50.0,10.0,0.01,subject4_h2_3_cam4_segment000,subject4,794,7,792,1.0,0.0,0.06338855846295365,0.062215082985266124,0.06254313151156576,1.3337216871432354
50.0,10.0,0.01,subject4_h2_4_cam4_segment000,subject4,266,1,264,1.0,0.0,0.05317154103251021,0.0519136147453807,0.05224139802407906,1.7493249027001938
50.0,10.0,0.01,subject4_h2_4_cam4_segment001,subject4,213,2,211,1.0,0.0,0.11319163883728939,0.11314890105502072,0.11332045296651727,-0.11380180599121008
50.0,10.0,0.01,subject4_h2_5_cam4_segment000,subject4,608,5,606,1.0,0.0,0.10142255822215758,0.10077693386531196,0.10087533754973876,0.5395453260212342
50.0,10.0,0.01,subject4_h2_6_cam4_segment000,subject4,527,8,525,1.0,0.0,0.041475872672525685,0.039313545132989736,0.039757175160985425,4.143848943481673
50.0,10.0,0.01,subject4_h2_7_cam4_segment000,subject4,731,3,729,1.0,0.0,0.045774591437288785,0.04337076132637571,0.043745520936171435,4.432744099741835
50.0,10.0,0.01,subject4_k1_0_cam4_segment000,subject4,514,6,512,1.0,0.0,0.06983662669415214,0.06899161374411397,0.06915588677447908,0.9747605975505432
50.0,10.0,0.01,subject4_k1_1_cam4_segment000,subject4,802,8,800,1.0,0.0,0.08251668393941994,0.08057355677591767,0.0810118930812182,1.8236201291201763
50.0,10.0,0.01,subject4_k1_2_cam4_segment000,subject4,810,11,808,1.0,0.0,0.08090954672662207,0.08008868572299338,0.08034106696134101,0.7026114819328333
50.0,10.0,0.01,subject4_k1_3_cam4_segment000,subject4,304,3,302,1.0,0.0,0.07679501090609572,0.07552816892662781,0.07582699453069537,1.2605198748966047
50.0,10.0,0.01,subject4_k1_3_cam4_segment001,subject4,176,2,174,1.0,0.0,0.08455557847770205,0.08354915655066061,0.08373482523456431,0.9706671728988034
50.0,10.0,0.01,subject4_k1_4_cam4_segment000,subject4,659,3,657,1.0,0.0,0.10186809780505406,0.10096401071658546,0.10112996644683554,0.7245952109865469
50.0,10.0,0.01,subject4_k1_5_cam4_segment000,subject4,427,5,425,1.0,0.0,0.04021084508751942,0.039385719856164104,0.039543527423113414,1.659546480442223
50.0,10.0,0.01,subject4_k1_6_cam4_segment000,subject4,609,5,607,1.0,0.0,0.06412880397928455,0.06187495042469808,0.062266368007435804,2.9042113001988468
50.0,10.0,0.01,subject4_k2_0_cam4_segment000,subject4,410,6,408,1.0,0.0,0.08714042708390896,0.08509434681780106,0.08562945977761866,1.7339452615206548
50.0,10.0,0.01,subject4_k2_1_cam4_segment000,subject4,991,10,989,1.0,0.0,0.08682666496270329,0.08440072438158876,0.08486651700611718,2.2575414562198146
50.0,10.0,0.01,subject4_k2_2_cam4_segment000,subject4,690,4,688,1.0,0.0,0.05164585564182142,0.05125839146518432,0.05125478580420191,0.7572143645594508
50.0,10.0,0.01,subject4_k2_3_cam4_segment000,subject4,876,6,874,1.0,0.0,0.053241081847197634,0.05328275787995382,0.053283816284631,-0.08026590736080678
50.0,10.0,0.01,subject4_k2_4_cam4_segment000,subject4,391,2,389,1.0,0.0,0.07029485935873205,0.06916954127882725,0.06941714220889651,1.2486221010221037
50.0,10.0,0.01,subject4_k2_4_cam4_segment001,subject4,187,2,185,1.0,0.0,0.08554014611134504,0.08526749179327801,0.085277381554108,0.30718273136336954
50.0,10.0,0.01,subject4_k2_5_cam4_segment000,subject4,736,9,734,1.0,0.0,0.049733974455576355,0.04877200170683228,0.04885367978968238,1.770006671556638
50.0,10.0,0.01,subject4_k2_6_cam4_segment000,subject4,506,4,504,1.0,0.0,0.03183327991855167,0.03159122004762629,0.03155275362032253,0.8812359233697907
50.0,10.0,0.01,subject4_k2_7_cam4_segment000,subject4,469,7,467,1.0,0.0,0.0362092626110832,0.034914434138394124,0.035082811380238985,3.1109477233580005
50.0,10.0,0.01,subject4_o1_0_cam4_segment000,subject4,427,2,425,1.0,0.0,0.011621931491866222,0.010600433703582688,0.010946846464041527,5.8087162903787775
50.0,10.0,0.01,subject4_o1_1_cam4_segment000,subject4,775,7,773,1.0,0.0,0.057965585277239676,0.056035476979805696,0.056409891919962825,2.6838223919179462
50.0,10.0,0.01,subject4_o1_2_cam4_segment000,subject4,586,4,584,1.0,0.0,0.102544588730914,0.10209306305085637,0.10222222241738257,0.31436696711256507
50.0,10.0,0.01,subject4_o1_3_cam4_segment000,subject4,625,7,623,1.0,0.0,0.04477792166977489,0.04371710202038618,0.043992754731919645,1.7534689163236215
50.0,10.0,0.01,subject4_o1_4_cam4_segment000,subject4,261,5,259,1.0,0.0,0.05892112878568621,0.05734278760044168,0.05786769211560035,1.7878759144576546
50.0,10.0,0.01,subject4_o1_4_cam4_segment001,subject4,318,2,316,1.0,0.0,0.015645956614347,0.014742558035419752,0.014964851476318214,4.3532342241332005
50.0,10.0,0.01,subject4_o1_5_cam4_segment000,subject4,560,5,558,1.0,0.0,0.02995389235295379,0.029859046687914653,0.029914406822181994,0.13182103449705143
50.0,10.0,0.01,subject4_o1_6_cam4_segment000,subject4,593,7,591,1.0,0.0,0.028773545835779905,0.02839815418773449,0.028558082921591146,0.7488229480595711
50.0,10.0,0.01,subject4_o1_7_cam4_segment000,subject4,697,11,695,1.0,0.0,0.048228577248073265,0.04715892603255995,0.04730253177888652,1.920117743518426
50.0,10.0,0.01,subject4_o2_0_cam4_segment000,subject4,463,4,461,1.0,0.0,0.012449774600976729,0.011734978680235382,0.011906214065258817,4.366027122091568
50.0,10.0,0.01,subject4_o2_1_cam4_segment000,subject4,839,6,837,1.0,0.0,0.03969465389499793,0.03859438748032692,0.03887397873524686,2.067470249071726
50.0,10.0,0.01,subject4_o2_2_cam4_segment000,subject4,664,6,662,1.0,0.0,0.06420622529855011,0.06288097132433722,0.06333132542369684,1.362640259235156
50.0,10.0,0.01,subject4_o2_3_cam4_segment000,subject4,322,1,320,1.0,0.0,0.06333827600769286,0.06009285480767359,0.0606128763667266,4.3029267810119185
50.0,10.0,0.01,subject4_o2_3_cam4_segment001,subject4,422,7,420,1.0,0.0,0.07367706597490735,0.07266905384216599,0.07303840085329238,0.8668438586201014
50.0,10.0,0.01,subject4_o2_4_cam4_segment000,subject4,503,6,501,1.0,0.0,0.07012302738950064,0.06981611616728048,0.06994013825722604,0.26081180331638554
50.0,10.0,0.01,subject4_o2_5_cam4_segment000,subject4,512,7,510,1.0,0.0,0.04203926110010242,0.04078949418810823,0.04099894543887356,2.4746287969993097
50.0,10.0,0.01,subject4_o2_6_cam4_segment000,subject4,633,8,630,1.0,0.0,0.05641376475821081,0.054938366575761295,0.05513482962178091,2.267062199999265
50.0,10.0,0.05,subject4_h1_0_cam4_segment000,subject4,467,30,465,1.0,0.0,0.04858566243325878,0.04759440231698717,0.047714418899697776,1.7932111860321194
50.0,10.0,0.05,subject4_h1_1_cam4_segment000,subject4,970,39,968,1.0,0.0,0.05275124374980537,0.050904867366562856,0.05125143580716883,2.8431707691101993
50.0,10.0,0.05,subject4_h1_2_cam4_segment000,subject4,530,22,528,1.0,0.0,0.054614684498425145,0.05240938864133903,0.052602672941694475,3.6840120476914726
50.0,10.0,0.05,subject4_h1_3_cam4_segment000,subject4,753,42,751,1.0,0.0,0.07672053762667073,0.07534723107191311,0.07566565869903104,1.3749628981653326
50.0,10.0,0.05,subject4_h1_4_cam4_segment000,subject4,234,9,232,1.0,0.0,0.09313682433675607,0.0889256354184308,0.08952415671514075,3.878882114933356
50.0,10.0,0.05,subject4_h1_4_cam4_segment001,subject4,371,20,368,1.0,0.0,0.062966258073659,0.061015215399913086,0.061318108989339974,2.6175115605424724
50.0,10.0,0.05,subject4_h1_5_cam4_segment000,subject4,437,22,435,1.0,0.0,0.04088559192791726,0.040260744653357806,0.04029789109645429,1.4374277190339049
50.0,10.0,0.05,subject4_h1_6_cam4_segment000,subject4,658,36,656,1.0,0.0,0.08069276056053351,0.08015965686173919,0.08029148480389289,0.4972884232156014
50.0,10.0,0.05,subject4_h1_7_cam4_segment000,subject4,550,20,548,1.0,0.0018248175182481751,0.06135027894427793,0.05995773025049724,0.06021490808941091,1.8506368257889003
50.0,10.0,0.05,subject4_h2_0_cam4_segment000,subject4,464,19,462,1.0,0.0,0.03680085410990552,0.03581444773109969,0.03618197947339391,1.681685524643932
50.0,10.0,0.05,subject4_h2_1_cam4_segment000,subject4,806,31,804,1.0,0.0,0.04040785637413714,0.03880972670483491,0.03909916343061194,3.2387091544970414
50.0,10.0,0.05,subject4_h2_2_cam4_segment000,subject4,544,35,542,1.0,0.0,0.044977004265983334,0.04286424358774337,0.043091524839159165,4.192096511528182
50.0,10.0,0.05,subject4_h2_3_cam4_segment000,subject4,794,36,792,1.0,0.0,0.06352019400995146,0.06231036656537792,0.06263752866519545,1.3895822557118174
50.0,10.0,0.05,subject4_h2_4_cam4_segment000,subject4,266,13,264,1.0,0.0,0.05349813941651529,0.05216676212774722,0.052492819376120624,1.8791682315671594
50.0,10.0,0.05,subject4_h2_4_cam4_segment001,subject4,213,7,211,1.0,0.0,0.11338334362427023,0.11266495558811687,0.11282576929989749,0.4917603472873689
50.0,10.0,0.05,subject4_h2_5_cam4_segment000,subject4,608,22,606,1.0,0.0,0.10271325318119699,0.10194323775924553,0.10203080051080819,0.6644251342958457
50.0,10.0,0.05,subject4_h2_6_cam4_segment000,subject4,527,30,525,1.0,0.0,0.04158261353568196,0.03941127853219264,0.03985178611599051,4.162382477970589
50.0,10.0,0.05,subject4_h2_7_cam4_segment000,subject4,731,46,729,1.0,0.0,0.045850769217499754,0.04346045550033993,0.04383189931881072,4.403132015326136
50.0,10.0,0.05,subject4_k1_0_cam4_segment000,subject4,514,22,512,1.0,0.0,0.07038459665557621,0.06945450325499909,0.06962062577532907,1.0854233973742837
50.0,10.0,0.05,subject4_k1_1_cam4_segment000,subject4,802,39,800,1.0,0.0,0.08265618379791363,0.08058729191805869,0.08101555863855758,1.984878909202025
50.0,10.0,0.05,subject4_k1_2_cam4_segment000,subject4,810,47,808,1.0,0.0,0.0796643450587908,0.07908290795221805,0.07929188012113009,0.467542835362349
50.0,10.0,0.05,subject4_k1_3_cam4_segment000,subject4,304,21,302,1.0,0.0,0.07875884201826851,0.07714467738182432,0.07747207891324896,1.633801452694129
50.0,10.0,0.05,subject4_k1_3_cam4_segment001,subject4,176,14,174,1.0,0.011494252873563218,0.09780136148076864,0.09623862020635213,0.09640650129084923,1.4262175585292771
50.0,10.0,0.05,subject4_k1_4_cam4_segment000,subject4,659,33,657,1.0,0.0,0.10346162866241242,0.10256626369493908,0.10273245962609578,0.7047724318122386
50.0,10.0,0.05,subject4_k1_5_cam4_segment000,subject4,427,24,425,1.0,0.0,0.04025594588740724,0.03941900150675292,0.039580401328796824,1.6781236751953632
50.0,10.0,0.05,subject4_k1_6_cam4_segment000,subject4,609,41,607,1.0,0.0016474464579901153,0.06552666211064945,0.06324649758592282,0.06362255804360838,2.905846270371239
50.0,10.0,0.05,subject4_k2_0_cam4_segment000,subject4,410,10,408,1.0,0.0,0.08731793180185639,0.08527135954495609,0.08579922512635844,1.7392838379912887
50.0,10.0,0.05,subject4_k2_1_cam4_segment000,subject4,991,49,989,1.0,0.0,0.08788557731809167,0.0853989875909441,0.08585366302844288,2.3119997064984945
50.0,10.0,0.05,subject4_k2_2_cam4_segment000,subject4,690,48,688,1.0,0.0,0.05167669915920326,0.05130743161214583,0.0512952874149763,0.7380729621524911
50.0,10.0,0.05,subject4_k2_3_cam4_segment000,subject4,876,49,874,1.0,0.0,0.05120174459193259,0.05124190065196203,0.05124688143119,-0.08815488537968012
50.0,10.0,0.05,subject4_k2_4_cam4_segment000,subject4,391,19,389,1.0,0.0,0.07203393242540593,0.07073253067522992,0.0710008295366927,1.4341892132336969
50.0,10.0,0.05,subject4_k2_4_cam4_segment001,subject4,187,10,185,1.0,0.0,0.08566786085852952,0.08545586232641046,0.0854598030716019,0.24286562643510037
50.0,10.0,0.05,subject4_k2_5_cam4_segment000,subject4,736,35,734,1.0,0.0,0.0497028892392324,0.0486750741679201,0.04872073578655138,1.9760490138785851
50.0,10.0,0.05,subject4_k2_6_cam4_segment000,subject4,506,29,504,1.0,0.0,0.03178243314830422,0.03149187529265755,0.03147151114693292,0.9782825623213607
50.0,10.0,0.05,subject4_k2_7_cam4_segment000,subject4,469,26,467,1.0,0.0,0.03628772694083276,0.03496632628239252,0.03513710553416274,3.1708280007345544
50.0,10.0,0.05,subject4_o1_0_cam4_segment000,subject4,427,18,425,1.0,0.0,0.011746930634456164,0.010754053692653677,0.01107914334489428,5.684781074667513
50.0,10.0,0.05,subject4_o1_1_cam4_segment000,subject4,775,36,773,1.0,0.0,0.058762584112190624,0.057035545727455554,0.057422872982136185,2.27987102727926
50.0,10.0,0.05,subject4_o1_2_cam4_segment000,subject4,586,25,584,1.0,0.0017123287671232876,0.10392515782838971,0.10342869309271956,0.10356033377675404,0.3510449820418815
50.0,10.0,0.05,subject4_o1_3_cam4_segment000,subject4,625,31,623,1.0,0.0,0.04641606379267409,0.04512999889770619,0.045394712580870474,2.2004261635921276
50.0,10.0,0.05,subject4_o1_4_cam4_segment000,subject4,261,14,259,1.0,0.0,0.058981721760291476,0.05738275683638715,0.057908356645962535,1.8198266891753712
50.0,10.0,0.05,subject4_o1_4_cam4_segment001,subject4,318,18,316,1.0,0.0,0.015792862238038306,0.014897061068797823,0.015123284212627089,4.239750941399892
50.0,10.0,0.05,subject4_o1_5_cam4_segment000,subject4,560,31,558,1.0,0.0,0.029926776888590807,0.02983353436459365,0.029910108261250373,0.05569803725435164
50.0,10.0,0.05,subject4_o1_6_cam4_segment000,subject4,593,31,591,1.0,0.0,0.0286839270899549,0.02833957524841539,0.02849435048335117,0.6609158014145108
50.0,10.0,0.05,subject4_o1_7_cam4_segment000,subject4,697,38,694,1.0,0.0,0.048345117116349035,0.04727414720923134,0.04739882528897038,1.9573679490759632
50.0,10.0,0.05,subject4_o2_0_cam4_segment000,subject4,463,23,461,1.0,0.0,0.012654369502673667,0.011897830374057089,0.012115529476216995,4.258134127842751
50.0,10.0,0.05,subject4_o2_1_cam4_segment000,subject4,839,30,837,1.0,0.0,0.039839165694172826,0.03866185639455866,0.03893533360391319,2.2687023548583864
50.0,10.0,0.05,subject4_o2_2_cam4_segment000,subject4,664,37,662,1.0,0.0015105740181268882,0.06432041176034921,0.06297924088624388,0.0634271429639899,1.3887796609380174
50.0,10.0,0.05,subject4_o2_3_cam4_segment000,subject4,322,16,320,1.0,0.0,0.06378652703944776,0.060412347683556716,0.0608941760364387,4.534423078435249
50.0,10.0,0.05,subject4_o2_3_cam4_segment001,subject4,422,17,420,1.0,0.0,0.07506232280385201,0.07388641115838716,0.07432724008673783,0.9792965227509092
50.0,10.0,0.05,subject4_o2_4_cam4_segment000,subject4,503,26,501,1.0,0.0,0.06754874517671847,0.06669008689112943,0.06683072570371687,1.06296493165512
50.0,10.0,0.05,subject4_o2_5_cam4_segment000,subject4,512,29,510,1.0,0.0,0.04201746412464171,0.04074295064307256,0.040971207259369175,2.49005237957458
50.0,10.0,0.05,subject4_o2_6_cam4_segment000,subject4,633,26,631,1.0,0.0,0.05519481257257077,0.05384353922475263,0.05401704861412928,2.1338308865402045
100.0,0.0,0.0,subject4_h1_0_cam4_segment000,subject4,467,0,464,1.0,0.0,0.05734810158440049,0.056291957078919666,0.056330966506017564,1.7736159528942503
100.0,0.0,0.0,subject4_h1_1_cam4_segment000,subject4,970,0,967,1.0,0.0,0.06118831065033846,0.05887427904979526,0.05909328306303687,3.4239016652603076
100.0,0.0,0.0,subject4_h1_2_cam4_segment000,subject4,530,0,527,1.0,0.0,0.06936984586214548,0.06692015376318435,0.06692219721351214,3.528404335072912
100.0,0.0,0.0,subject4_h1_3_cam4_segment000,subject4,753,0,750,1.0,0.0,0.08657145960028391,0.08491154193305896,0.08513089681645676,1.6640158205469648
100.0,0.0,0.0,subject4_h1_4_cam4_segment000,subject4,234,0,231,1.0,0.0,0.11333850129447472,0.10648478031462427,0.10673852084770225,5.823246620867592
100.0,0.0,0.0,subject4_h1_4_cam4_segment001,subject4,371,0,368,1.0,0.0,0.07598490684797769,0.0732621255778748,0.0734527291419576,3.3324745808877427
100.0,0.0,0.0,subject4_h1_5_cam4_segment000,subject4,437,0,434,1.0,0.0,0.046315045072641677,0.045720660659676435,0.045624108820879965,1.4918181568819162
100.0,0.0,0.0,subject4_h1_6_cam4_segment000,subject4,658,0,655,1.0,0.0,0.09175688102442017,0.09128094776306646,0.09144090602674058,0.34436109221660965
100.0,0.0,0.0,subject4_h1_7_cam4_segment000,subject4,550,0,547,1.0,0.0,0.06905450338106148,0.06716153504329694,0.06727447611678784,2.5777135119645433
100.0,0.0,0.0,subject4_h2_0_cam4_segment000,subject4,464,0,461,1.0,0.0,0.043692349939546404,0.042426853947572805,0.04282573726185142,1.9834425909662643
100.0,0.0,0.0,subject4_h2_1_cam4_segment000,subject4,806,0,803,1.0,0.0,0.04242002212744383,0.040063246405871666,0.040306121932745,4.983260471548012
100.0,0.0,0.0,subject4_h2_2_cam4_segment000,subject4,544,0,541,1.0,0.0,0.057806039789099616,0.055232739146954854,0.05528150874336982,4.367244417608149
100.0,0.0,0.0,subject4_h2_3_cam4_segment000,subject4,794,0,791,1.0,0.0,0.07115123960624983,0.06965391297416772,0.0699535939386816,1.683239356328845
100.0,0.0,0.0,subject4_h2_4_cam4_segment000,subject4,266,0,263,1.0,0.0,0.06569666141626435,0.06468423404759543,0.06507914759107682,0.9399470412581016
100.0,0.0,0.0,subject4_h2_4_cam4_segment001,subject4,213,0,210,1.0,0.0,0.1302789460300876,0.12918711403712763,0.12938398294938497,0.6869591042714976
100.0,0.0,0.0,subject4_h2_5_cam4_segment000,subject4,608,0,605,1.0,0.0,0.11643156362737618,0.1150358282546038,0.1151218390006277,1.124887947859298
100.0,0.0,0.0,subject4_h2_6_cam4_segment000,subject4,527,0,524,1.0,0.0,0.045721086129065176,0.04290710423060444,0.043259530045619124,5.383853035549884
100.0,0.0,0.0,subject4_h2_7_cam4_segment000,subject4,731,0,728,1.0,0.0,0.05465470348985062,0.05127692280500301,0.05142922788904248,5.901551732701484
100.0,0.0,0.0,subject4_k1_0_cam4_segment000,subject4,514,0,511,1.0,0.0,0.07695243117459862,0.07561597362619961,0.0757638460334365,1.5445712669757186
100.0,0.0,0.0,subject4_k1_1_cam4_segment000,subject4,802,0,799,1.0,0.0,0.09474360610794737,0.0922983665820364,0.09260877167594798,2.253275465963404
100.0,0.0,0.0,subject4_k1_2_cam4_segment000,subject4,810,0,807,1.0,0.0,0.08870919060553836,0.08776783929742363,0.08796702290768739,0.8366299960408361
100.0,0.0,0.0,subject4_k1_3_cam4_segment000,subject4,304,0,301,1.0,0.0,0.0960683493290857,0.09431924590266051,0.09463540069437446,1.491592855210436
100.0,0.0,0.0,subject4_k1_3_cam4_segment001,subject4,176,0,173,1.0,0.0,0.10541049082806749,0.10411745334795057,0.10429153032029788,1.0615267028731665
100.0,0.0,0.0,subject4_k1_4_cam4_segment000,subject4,659,0,656,1.0,0.0,0.11795582701554527,0.11692303517191768,0.11705972689225855,0.7596912725376669
100.0,0.0,0.0,subject4_k1_5_cam4_segment000,subject4,427,0,424,1.0,0.0,0.04419419107036126,0.04318926271970416,0.04327933564519397,2.070080711989398
100.0,0.0,0.0,subject4_k1_6_cam4_segment000,subject4,609,0,606,1.0,0.0,0.07175508590090499,0.06923113847905545,0.06937884493303424,3.311599363357147
100.0,0.0,0.0,subject4_k2_0_cam4_segment000,subject4,410,0,407,1.0,0.0,0.10321180266533547,0.10071587516071799,0.1010906002032362,2.055193696187327
100.0,0.0,0.0,subject4_k2_1_cam4_segment000,subject4,991,0,988,1.0,0.0,0.09561941864177294,0.09262896023153382,0.0928676814150661,2.8778016701982914
100.0,0.0,0.0,subject4_k2_2_cam4_segment000,subject4,690,0,687,1.0,0.0,0.06430098371246278,0.06384814258961537,0.06377802340160382,0.8133006381325278
100.0,0.0,0.0,subject4_k2_3_cam4_segment000,subject4,876,0,873,1.0,0.0,0.06400317003973946,0.06365330325155877,0.0637077020540917,0.4616458613914121
100.0,0.0,0.0,subject4_k2_4_cam4_segment000,subject4,391,0,388,1.0,0.0,0.08733970511596018,0.08562753644868137,0.0858479406901041,1.7080025904317817
100.0,0.0,0.0,subject4_k2_4_cam4_segment001,subject4,187,0,184,1.0,0.0,0.08916924935109648,0.08858235641184875,0.0886252263980176,0.6101015283159175
100.0,0.0,0.0,subject4_k2_5_cam4_segment000,subject4,736,0,733,1.0,0.0,0.058368541160614115,0.056844644520183105,0.05681409514134067,2.663157221963178
100.0,0.0,0.0,subject4_k2_6_cam4_segment000,subject4,506,0,503,1.0,0.0,0.03839538516617995,0.03810696319294011,0.03803013810896739,0.9512785342085409
100.0,0.0,0.0,subject4_k2_7_cam4_segment000,subject4,469,0,466,1.0,0.0,0.03747186390974418,0.03591747473117483,0.03593333632332918,4.105820810303806
100.0,0.0,0.0,subject4_o1_0_cam4_segment000,subject4,427,0,424,1.0,0.0,0.015843953640244178,0.014382452800362397,0.014787002699107325,6.67100501008891
100.0,0.0,0.0,subject4_o1_1_cam4_segment000,subject4,775,0,772,1.0,0.0,0.07154051070647463,0.06905663156985277,0.06937754379689082,3.023415528103098
100.0,0.0,0.0,subject4_o1_2_cam4_segment000,subject4,586,0,583,1.0,0.0,0.11990935164101892,0.119818641177275,0.1199891738160897,-0.06656876547023101
100.0,0.0,0.0,subject4_o1_3_cam4_segment000,subject4,625,0,622,1.0,0.0,0.05160793057653973,0.050158263648953316,0.05047420732217038,2.1968004562553096
100.0,0.0,0.0,subject4_o1_4_cam4_segment000,subject4,261,0,258,1.0,0.0,0.07311644568503202,0.0710590284453928,0.07163901751177021,2.0206509758778677
100.0,0.0,0.0,subject4_o1_4_cam4_segment001,subject4,318,0,315,1.0,0.0,0.02092943957691661,0.019783236676107464,0.019958642118063495,4.638430261285262
100.0,0.0,0.0,subject4_o1_5_cam4_segment000,subject4,560,0,557,1.0,0.0,0.03373786561565848,0.03381806254243531,0.03384624620834,-0.3212431809296742
100.0,0.0,0.0,subject4_o1_6_cam4_segment000,subject4,593,0,590,1.0,0.0,0.03647764322263843,0.03593281912614958,0.03620494031908443,0.7475891517705279
100.0,0.0,0.0,subject4_o1_7_cam4_segment000,subject4,697,0,694,1.0,0.0,0.058772781383594964,0.057357472565731836,0.057460678666409026,2.23250063430243
100.0,0.0,0.0,subject4_o2_0_cam4_segment000,subject4,463,0,460,1.0,0.0,0.016324448710707182,0.015410409294574396,0.01560878993752499,4.383969013990612
100.0,0.0,0.0,subject4_o2_1_cam4_segment000,subject4,839,0,836,1.0,0.0,0.04816514132700264,0.046674420338509395,0.04694379532704784,2.5357467377970435
100.0,0.0,0.0,subject4_o2_2_cam4_segment000,subject4,664,0,661,1.0,0.0,0.07567813141904936,0.07404761624429193,0.07448316372595525,1.5790132111973936
100.0,0.0,0.0,subject4_o2_3_cam4_segment000,subject4,322,0,319,1.0,0.0,0.07996906995086199,0.07537113371260976,0.07553469208122435,5.545116221011952
100.0,0.0,0.0,subject4_o2_3_cam4_segment001,subject4,422,0,419,1.0,0.0,0.08481574652404039,0.08326545506895625,0.08368219030600993,1.336492649639256
100.0,0.0,0.0,subject4_o2_4_cam4_segment000,subject4,503,0,500,1.0,0.0,0.07917927206487493,0.07768141770140703,0.0777955062243926,1.7476364765623933
100.0,0.0,0.0,subject4_o2_5_cam4_segment000,subject4,512,0,509,1.0,0.0,0.04518464298375649,0.04410388297239211,0.04414574516156504,2.2992276879667415
100.0,0.0,0.0,subject4_o2_6_cam4_segment000,subject4,633,0,630,1.0,0.0,0.06835363706347244,0.06618404199429795,0.06621367130828229,3.130726976829346
100.0,0.0,0.01,subject4_h1_0_cam4_segment000,subject4,467,5,464,1.0,0.0,0.05737418834767758,0.05634093228287026,0.056369031365034405,1.7519323786370609
100.0,0.0,0.01,subject4_h1_1_cam4_segment000,subject4,970,7,967,1.0,0.0,0.061181711796093045,0.05884332747378396,0.05906400865621703,3.4613335876150573
100.0,0.0,0.01,subject4_h1_2_cam4_segment000,subject4,530,8,527,1.0,0.0,0.06937662697148243,0.06679816968930252,0.06680143568171203,3.7119003938155575
100.0,0.0,0.01,subject4_h1_3_cam4_segment000,subject4,753,5,750,1.0,0.0,0.0865740351129678,0.08491721041880684,0.0851369238858875,1.6599794906233118
100.0,0.0,0.01,subject4_h1_4_cam4_segment000,subject4,234,3,231,1.0,0.0,0.1142752486704604,0.10745359869950749,0.1077268971622378,5.730332319911484
100.0,0.0,0.01,subject4_h1_4_cam4_segment001,subject4,371,4,368,1.0,0.0,0.07604938080904983,0.07332454383164748,0.07352051695795264,3.325291835638788
100.0,0.0,0.01,subject4_h1_5_cam4_segment000,subject4,437,3,434,1.0,0.0,0.046368548841494744,0.04578580478440664,0.045689646147846,1.4641447934234282
100.0,0.0,0.01,subject4_h1_6_cam4_segment000,subject4,658,7,655,1.0,0.0,0.09176847728706151,0.09129123080725292,0.09145177513080245,0.34510996109087155
100.0,0.0,0.01,subject4_h1_7_cam4_segment000,subject4,550,8,547,1.0,0.0,0.07023274616022979,0.06836371036752571,0.06846606791033888,2.515462297117626
100.0,0.0,0.01,subject4_h2_0_cam4_segment000,subject4,464,3,461,1.0,0.0,0.04369373089234786,0.0424284559645187,0.04282742162136983,1.9826855095355387
100.0,0.0,0.01,subject4_h2_1_cam4_segment000,subject4,806,6,803,1.0,0.0,0.04244718646285724,0.040086387545867276,0.040332037773751626,4.983012692623209
100.0,0.0,0.01,subject4_h2_2_cam4_segment000,subject4,544,6,541,1.0,0.0,0.05782002649088852,0.05524351029396425,0.05529468445707467,4.3675905859569255
100.0,0.0,0.01,subject4_h2_3_cam4_segment000,subject4,794,3,791,1.0,0.0,0.07115486044563579,0.06966867521564077,0.06996486065381835,1.6724082998190033
100.0,0.0,0.01,subject4_h2_4_cam4_segment000,subject4,266,1,263,1.0,0.0,0.06570613043253037,0.06466614546271207,0.06507696041042525,0.95755147649606
100.0,0.0,0.01,subject4_h2_4_cam4_segment001,subject4,213,1,210,1.0,0.0,0.13027880098308448,0.12918695206385492,0.12938380692330811,0.6869836481628101
100.0,0.0,0.01,subject4_h2_5_cam4_segment000,subject4,608,9,605,1.0,0.0,0.11646091396166494,0.11505012123708189,0.11513759767899677,1.1362750279495173
100.0,0.0,0.01,subject4_h2_6_cam4_segment000,subject4,527,9,524,1.0,0.0,0.04575839743882563,0.04294708274818304,0.04329743912230298,5.378156697495146
100.0,0.0,0.01,subject4_h2_7_cam4_segment000,subject4,731,5,728,1.0,0.0,0.05465516678115581,0.05127819394674036,0.051429951957242856,5.901024576188753
100.0,0.0,0.01,subject4_k1_0_cam4_segment000,subject4,514,6,511,1.0,0.0,0.07694155553271807,0.0756057841152112,0.07575345712055792,1.544156995441733
100.0,0.0,0.01,subject4_k1_1_cam4_segment000,subject4,802,4,799,1.0,0.0,0.09474469198250887,0.09224431385350353,0.09255342167343307,2.3128159089696965
100.0,0.0,0.01,subject4_k1_2_cam4_segment000,subject4,810,4,807,1.0,0.0,0.08870947647040071,0.08778017055715026,0.08797926928985059,0.8231445045149961
100.0,0.0,0.01,subject4_k1_3_cam4_segment000,subject4,304,3,300,1.0,0.0,0.09622920774206097,0.09447653306797632,0.09479369914281294,1.491759760815925
100.0,0.0,0.01,subject4_k1_3_cam4_segment001,subject4,176,3,173,1.0,0.0,0.10544808572077931,0.10414162281985845,0.10431695150424358,1.0726929832855445
100.0,0.0,0.01,subject4_k1_4_cam4_segment000,subject4,659,7,656,1.0,0.0,0.11796039075269554,0.1169257344414384,0.11706347594846932,0.7603525204546089
100.0,0.0,0.01,subject4_k1_5_cam4_segment000,subject4,427,6,424,1.0,0.0,0.04420541107050763,0.04320892221808255,0.04329410887410384,2.06151729920633
100.0,0.0,0.01,subject4_k1_6_cam4_segment000,subject4,609,1,606,1.0,0.0,0.07175508590090499,0.0692311787347422,0.06937884657143469,3.3115970800340593
100.0,0.0,0.01,subject4_k2_0_cam4_segment000,subject4,410,3,407,1.0,0.0,0.10321182669420832,0.10071431398536275,0.10108878909110024,2.0569712513645673
100.0,0.0,0.01,subject4_k2_1_cam4_segment000,subject4,991,3,988,1.0,0.0,0.09562005651494444,0.09262897986409718,0.09286791834135025,2.878201785170525
100.0,0.0,0.01,subject4_k2_2_cam4_segment000,subject4,690,2,687,1.0,0.0,0.06430098371246278,0.06384821959590406,0.06377802654588911,0.8132957481835583
100.0,0.0,0.01,subject4_k2_3_cam4_segment000,subject4,876,9,873,1.0,0.0,0.06401060331010994,0.06365983345254789,0.06371433330864414,0.4628451946163857
100.0,0.0,0.01,subject4_k2_4_cam4_segment000,subject4,391,6,388,1.0,0.0,0.08822591568922683,0.08653621253468421,0.08675632600299697,1.6657120243517154
100.0,0.0,0.01,subject4_k2_4_cam4_segment001,subject4,187,3,184,1.0,0.0,0.08921422953630466,0.08864989487863927,0.08868872405599562,0.5890377387557777
100.0,0.0,0.01,subject4_k2_5_cam4_segment000,subject4,736,11,733,1.0,0.0,0.05838061997482189,0.056867658381142584,0.056833131177589605,2.650689214845064
100.0,0.0,0.01,subject4_k2_6_cam4_segment000,subject4,506,2,503,1.0,0.0,0.038539083537396344,0.03827169223264145,0.03819776400250059,0.8856451777441813
100.0,0.0,0.01,subject4_k2_7_cam4_segment000,subject4,469,4,466,1.0,0.0,0.037480876503758316,0.03570131337421545,0.03571831697601352,4.702556856075816
100.0,0.0,0.01,subject4_o1_0_cam4_segment000,subject4,427,4,424,1.0,0.0,0.015860688449522528,0.014394658542482572,0.014803142538342607,6.667717574464795
100.0,0.0,0.01,subject4_o1_1_cam4_segment000,subject4,775,4,772,1.0,0.0,0.07154082397218328,0.0690558851418018,0.06937702878451876,3.024560058891483
100.0,0.0,0.01,subject4_o1_2_cam4_segment000,subject4,586,4,583,1.0,0.0,0.11992510390442897,0.11983392963201217,0.12000513830024781,-0.06673698267764176
100.0,0.0,0.01,subject4_o1_3_cam4_segment000,subject4,625,5,622,1.0,0.001607717041800643,0.05160956236738721,0.050234656026345845,0.050549604296817444,2.0538017025301634
100.0,0.0,0.01,subject4_o1_4_cam4_segment000,subject4,261,4,258,1.0,0.0,0.07318033254806672,0.07105639116054811,0.07162935863161121,2.1193862646590005
100.0,0.0,0.01,subject4_o1_4_cam4_segment001,subject4,318,3,315,1.0,0.0,0.0211363997706675,0.019951528128660797,0.020132864409916164,4.747901116745592
100.0,0.0,0.01,subject4_o1_5_cam4_segment000,subject4,560,2,557,1.0,0.0,0.03374137511159026,0.0338202349247451,0.03384921499641136,-0.31960726100950604
100.0,0.0,0.01,subject4_o1_6_cam4_segment000,subject4,593,4,590,1.0,0.0,0.036500954490267724,0.03596152518158153,0.03623533352320899,0.7277096469615761
100.0,0.0,0.01,subject4_o1_7_cam4_segment000,subject4,697,7,694,1.0,0.0,0.05881242176390614,0.05739764562064687,0.057501077408686894,2.2297064393699833
100.0,0.0,0.01,subject4_o2_0_cam4_segment000,subject4,463,5,460,1.0,0.0,0.016335488554669757,0.015372713424549607,0.015599221204215474,4.507164557645316
100.0,0.0,0.01,subject4_o2_1_cam4_segment000,subject4,839,6,836,1.0,0.0,0.0481706578080478,0.04667903473699471,0.04694826916081438,2.5376208315535913
100.0,0.0,0.01,subject4_o2_2_cam4_segment000,subject4,664,6,661,1.0,0.0,0.07569937203226913,0.0740633871460065,0.0744993366683729,1.5852646219901052
100.0,0.0,0.01,subject4_o2_3_cam4_segment000,subject4,322,2,319,1.0,0.0,0.0799353857127155,0.07533876470453757,0.07550153521774602,5.546793144783899
100.0,0.0,0.01,subject4_o2_3_cam4_segment001,subject4,422,3,419,1.0,0.0,0.0848195467035698,0.0832677000736672,0.08368486715486713,1.3377571477340977
100.0,0.0,0.01,subject4_o2_4_cam4_segment000,subject4,503,9,500,1.0,0.002,0.07919056599983545,0.0776875878381555,0.07780341535326551,1.751661487774721
100.0,0.0,0.01,subject4_o2_5_cam4_segment000,subject4,512,5,509,1.0,0.0,0.045190349233022585,0.044108006366644706,0.044150409098393115,2.301243854671387
100.0,0.0,0.01,subject4_o2_6_cam4_segment000,subject4,633,10,630,1.0,0.0,0.06838686914184407,0.06622062261007847,0.06625320842556591,3.1199859608321043
100.0,0.0,0.05,subject4_h1_0_cam4_segment000,subject4,467,24,464,1.0,0.004310344827586207,0.057630860612118036,0.05662121536985331,0.05663890617930797,1.7212209262089184
100.0,0.0,0.05,subject4_h1_1_cam4_segment000,subject4,970,43,967,1.0,0.001034126163391934,0.061428497618739204,0.05910947062880657,0.059328996319338904,3.4177969196496054
100.0,0.0,0.05,subject4_h1_2_cam4_segment000,subject4,530,25,527,1.0,0.0,0.06982042807261377,0.06755851595084511,0.06754936700851791,3.2527171872019145
100.0,0.0,0.05,subject4_h1_3_cam4_segment000,subject4,753,39,750,1.0,0.0,0.08740447531712602,0.08571496990307478,0.08596024242607776,1.6523557698941647
100.0,0.0,0.05,subject4_h1_4_cam4_segment000,subject4,234,11,231,1.0,0.004329004329004329,0.11832841017669693,0.11081082522964211,0.1110588571397626,6.143539853259993
100.0,0.0,0.05,subject4_h1_4_cam4_segment001,subject4,371,23,368,1.0,0.008152173913043478,0.07606889085264233,0.07334781783895636,0.07353923089930046,3.325485523697493
100.0,0.0,0.05,subject4_h1_5_cam4_segment000,subject4,437,22,434,1.0,0.002304147465437788,0.04634654744304881,0.04578353705667852,0.04568003749736035,1.4381005327472907
100.0,0.0,0.05,subject4_h1_6_cam4_segment000,subject4,658,27,655,1.0,0.0015267175572519084,0.09181573561660367,0.09131455272999381,0.09148259333382427,0.3628378954240468
100.0,0.0,0.05,subject4_h1_7_cam4_segment000,subject4,550,29,547,1.0,0.003656307129798903,0.06908051008833495,0.06714872593470307,0.06725031106183525,2.6493710370108374
100.0,0.0,0.05,subject4_h2_0_cam4_segment000,subject4,464,22,461,1.0,0.0,0.043787009270414484,0.04240180449611429,0.0428710214831844,2.091916763652984
100.0,0.0,0.05,subject4_h2_1_cam4_segment000,subject4,806,39,803,1.0,0.0012453300124533001,0.042532816745760794,0.03999016678225594,0.04022900327379126,5.416555140799965
100.0,0.0,0.05,subject4_h2_2_cam4_segment000,subject4,544,22,541,1.0,0.0018484288354898336,0.057846539865258964,0.055283261746828474,0.05533177079256004,4.347311141783996
100.0,0.0,0.05,subject4_h2_3_cam4_segment000,subject4,794,49,791,1.0,0.0050568900126422255,0.07275846697322959,0.07103420307316519,0.07134308850269461,1.9453110124705468
100.0,0.0,0.05,subject4_h2_4_cam4_segment000,subject4,266,11,263,1.0,0.0,0.06588306322796258,0.06487666206951268,0.06527056051012817,0.9296816022580668
100.0,0.0,0.05,subject4_h2_4_cam4_segment001,subject4,213,10,210,1.0,0.0,0.13325730053628773,0.13201792390331044,0.13219993573041441,0.7934760809486631
100.0,0.0,0.05,subject4_h2_5_cam4_segment000,subject4,608,39,605,1.0,0.0049586776859504135,0.11652697872177745,0.115108397481444,0.11520657219609991,1.1331337516526305
100.0,0.0,0.05,subject4_h2_6_cam4_segment000,subject4,527,27,524,1.0,0.003816793893129771,0.045848917721812314,0.043028347465702325,0.04337528379023069,5.395184999982699
100.0,0.0,0.05,subject4_h2_7_cam4_segment000,subject4,731,40,728,1.0,0.0013736263736263737,0.054191116192471266,0.05090092559180562,0.05105505479117969,5.787039687747324
100.0,0.0,0.05,subject4_k1_0_cam4_segment000,subject4,514,19,511,1.0,0.0019569471624266144,0.0773613839703828,0.07604375981038694,0.07619163983458432,1.5120517185244482
100.0,0.0,0.05,subject4_k1_1_cam4_segment000,subject4,802,36,799,1.0,0.0037546933667083854,0.09541902245522865,0.0929210782151373,0.09322232501149665,2.3021588224326175
100.0,0.0,0.05,subject4_k1_2_cam4_segment000,subject4,810,40,806,1.0,0.0012406947890818859,0.08877845091672612,0.0877895229774235,0.08800095471792382,0.875771305732272
100.0,0.0,0.05,subject4_k1_3_cam4_segment000,subject4,304,7,301,1.0,0.0,0.09613106824874192,0.0943745677526289,0.09469383568129977,1.4950760390212918
100.0,0.0,0.05,subject4_k1_3_cam4_segment001,subject4,176,5,173,1.0,0.0,0.1054557323927137,0.10416254406927186,0.104334629336972,1.0631030009509108
100.0,0.0,0.05,subject4_k1_4_cam4_segment000,subject4,659,37,656,1.0,0.001524390243902439,0.12037974790136605,0.1193890593607598,0.11952391531219764,0.7109439952222208
100.0,0.0,0.05,subject4_k1_5_cam4_segment000,subject4,427,21,424,1.0,0.0,0.04714120443206126,0.045489244443308506,0.04560282905170796,3.263334908148916
100.0,0.0,0.05,subject4_k1_6_cam4_segment000,subject4,609,29,606,1.0,0.0,0.07182914663524094,0.06927912359393583,0.06943493087203417,3.3332092546845216
100.0,0.0,0.05,subject4_k2_0_cam4_segment000,subject4,410,25,407,1.0,0.002457002457002457,0.10330191666463483,0.10078345808268392,0.10128539438701425,1.952066663164754
100.0,0.0,0.05,subject4_k2_1_cam4_segment000,subject4,991,36,988,1.0,0.0,0.09575981229477745,0.09276879885293397,0.09301146454631659,2.8700429570607566
100.0,0.0,0.05,subject4_k2_2_cam4_segment000,subject4,690,34,687,1.0,0.001455604075691412,0.06433838295657404,0.06388819052908949,0.06381659595192005,0.8110042259007062
100.0,0.0,0.05,subject4_k2_3_cam4_segment000,subject4,876,40,873,1.0,0.002290950744558992,0.0640516168616591,0.0636889195181939,0.06374586963138756,0.4773450620800042
100.0,0.0,0.05,subject4_k2_4_cam4_segment000,subject4,391,27,388,1.0,0.002577319587628866,0.0873726601298666,0.08532912725323216,0.08555548314006699,2.0798004628663485
100.0,0.0,0.05,subject4_k2_4_cam4_segment001,subject4,187,10,184,1.0,0.005434782608695652,0.0892616123898376,0.08848659824746587,0.08853376182355707,0.8154127477573888
100.0,0.0,0.05,subject4_k2_5_cam4_segment000,subject4,736,39,733,1.0,0.002728512960436562,0.05846351524929236,0.0569463484544122,0.05691731675888438,2.64472377997608
100.0,0.0,0.05,subject4_k2_6_cam4_segment000,subject4,506,27,503,1.0,0.003976143141153081,0.038404870521774555,0.03811903213273367,0.03803151298182696,0.972161954656005
100.0,0.0,0.05,subject4_k2_7_cam4_segment000,subject4,469,28,466,1.0,0.004291845493562232,0.0424611352261449,0.039282790254008014,0.03930084021072231,7.442794448596551
100.0,0.0,0.05,subject4_o1_0_cam4_segment000,subject4,427,14,424,1.0,0.0047169811320754715,0.01590220141857799,0.01447268612027292,0.014860929121955503,6.547975775265958
100.0,0.0,0.05,subject4_o1_1_cam4_segment000,subject4,775,32,772,1.0,0.0,0.07166448774865439,0.06916799778531149,0.06948028942963078,3.047811248835199
100.0,0.0,0.05,subject4_o1_2_cam4_segment000,subject4,586,32,583,1.0,0.003430531732418525,0.12238218301273539,0.12207234631026892,0.12226307362017351,0.0973257623207156
100.0,0.0,0.05,subject4_o1_3_cam4_segment000,subject4,625,23,622,1.0,0.0,0.051741486835682464,0.050255894631139456,0.05058106092954498,2.242737843662467
100.0,0.0,0.05,subject4_o1_4_cam4_segment000,subject4,261,13,258,1.0,0.0,0.07312492599094975,0.07104988709614043,0.07163868258869835,2.0324716669598284
100.0,0.0,0.05,subject4_o1_4_cam4_segment001,subject4,318,14,315,1.0,0.0031746031746031746,0.021120712978208212,0.019964704346711267,0.020138130235874505,4.652223356983783
100.0,0.0,0.05,subject4_o1_5_cam4_segment000,subject4,560,30,557,1.0,0.003590664272890485,0.033881483207123544,0.033986462991478755,0.03401125683737836,-0.3830222822934993
100.0,0.0,0.05,subject4_o1_6_cam4_segment000,subject4,593,39,590,1.0,0.003389830508474576,0.03651213290058796,0.03590704341441997,0.03621390356150748,0.8167951729702445
100.0,0.0,0.05,subject4_o1_7_cam4_segment000,subject4,697,40,693,1.0,0.004329004329004329,0.06032019340442579,0.05865186861575078,0.05887258958836747,2.399866005655265
100.0,0.0,0.05,subject4_o2_0_cam4_segment000,subject4,463,16,460,1.0,0.0,0.016375265029063446,0.01549676471926746,0.0156764805271886,4.267317204543653
100.0,0.0,0.05,subject4_o2_1_cam4_segment000,subject4,839,49,836,1.0,0.0023923444976076554,0.04834527552550124,0.046853664744259595,0.047126007423106055,2.5220005246470127
100.0,0.0,0.05,subject4_o2_2_cam4_segment000,subject4,664,37,661,1.0,0.0015128593040847202,0.07679768159448046,0.07514801153590359,0.07558231510057473,1.5825562291363249
100.0,0.0,0.05,subject4_o2_3_cam4_segment000,subject4,322,17,319,1.0,0.0,0.08022141886185635,0.07562285998849502,0.07578567975263477,5.529370051232898
100.0,0.0,0.05,subject4_o2_3_cam4_segment001,subject4,422,23,419,1.0,0.002386634844868735,0.08480042672441934,0.08313030340555656,0.08362264665873713,1.3888845978449027
100.0,0.0,0.05,subject4_o2_4_cam4_segment000,subject4,503,26,500,1.0,0.002,0.07959351938495854,0.07801535975330803,0.07815161262079452,1.8115881485151488
100.0,0.0,0.05,subject4_o2_5_cam4_segment000,subject4,512,33,509,1.0,0.003929273084479371,0.04525467226369244,0.04415769865596371,0.04419857902048637,2.3336667583235706
100.0,0.0,0.05,subject4_o2_6_cam4_segment000,subject4,633,29,630,1.0,0.0,0.06841755719137932,0.0662223843549728,0.06625430892124315,3.161832077817507
100.0,5.0,0.0,subject4_h1_0_cam4_segment000,subject4,467,0,463,1.0,0.0,0.061849294862593406,0.060407317003166615,0.06044451537321057,2.2712942685987656
100.0,5.0,0.0,subject4_h1_1_cam4_segment000,subject4,970,0,966,1.0,0.0,0.06661341998885388,0.0630067297705593,0.06336536002317819,4.875984398067495
100.0,5.0,0.0,subject4_h1_2_cam4_segment000,subject4,530,0,526,1.0,0.0,0.07173690631941175,0.06968180733679184,0.069719303783387,2.812502851797485
100.0,5.0,0.0,subject4_h1_3_cam4_segment000,subject4,753,0,749,1.0,0.0,0.08873328027390348,0.08668090946049634,0.08710400120757063,1.8361533139579258
100.0,5.0,0.0,subject4_h1_4_cam4_segment000,subject4,234,0,230,1.0,0.0,0.12186941748925226,0.1152893432174082,0.11562149616465092,5.126734379568479
100.0,5.0,0.0,subject4_h1_4_cam4_segment001,subject4,371,0,367,1.0,0.0,0.08407060108284918,0.0800015138101901,0.0802432320237507,4.552565355547683
100.0,5.0,0.0,subject4_h1_5_cam4_segment000,subject4,437,0,434,1.0,0.0,0.04869438861824765,0.047596125794426646,0.047473044499250175,2.508182469591154
100.0,5.0,0.0,subject4_h1_6_cam4_segment000,subject4,658,0,654,1.0,0.0,0.09826095891543679,0.09793308480823022,0.09808063966725192,0.18351057243401836
100.0,5.0,0.0,subject4_h1_7_cam4_segment000,subject4,550,0,547,1.0,0.0,0.06908460198856296,0.06674927893020419,0.06691248689978614,3.1441378053193643
100.0,5.0,0.0,subject4_h2_0_cam4_segment000,subject4,464,0,460,1.0,0.0,0.04913391463186231,0.047488511768104195,0.04820360635462505,1.8934137127229431
100.0,5.0,0.0,subject4_h2_1_cam4_segment000,subject4,806,0,803,1.0,0.0,0.04545466405812629,0.042338151990640706,0.04264155973233043,6.188813368411505
100.0,5.0,0.0,subject4_h2_2_cam4_segment000,subject4,544,0,541,1.0,0.0,0.06165604087220693,0.05856508115103276,0.058591952731634124,4.969647900233602
100.0,5.0,0.0,subject4_h2_3_cam4_segment000,subject4,794,0,791,1.0,0.0,0.07384719859920717,0.07172647387523093,0.0722303924824444,2.189393974899051
100.0,5.0,0.0,subject4_h2_4_cam4_segment000,subject4,266,0,263,1.0,0.0,0.06888687345978503,0.06826146276433766,0.06864926567794055,0.3449246132257551
100.0,5.0,0.0,subject4_h2_4_cam4_segment001,subject4,213,0,209,1.0,0.0,0.14012930669495677,0.13994411259502854,0.1400805440155061,0.034798344900699565
100.0,5.0,0.0,subject4_h2_5_cam4_segment000,subject4,608,0,604,1.0,0.0,0.12604876691994876,0.12461878040340044,0.12468513412277334,1.0818295414515593
100.0,5.0,0.0,subject4_h2_6_cam4_segment000,subject4,527,0,524,1.0,0.0,0.04814996718214858,0.04486393430308242,0.045321254707785454,5.874796266552521
100.0,5.0,0.0,subject4_h2_7_cam4_segment000,subject4,731,0,728,1.0,0.0,0.06040007231116484,0.056425569412027185,0.05665993911910456,6.192266083378393
100.0,5.0,0.0,subject4_k1_0_cam4_segment000,subject4,514,0,511,1.0,0.0,0.0866930423721741,0.08507442279266886,0.08525412269915159,1.659786799089612
100.0,5.0,0.0,subject4_k1_1_cam4_segment000,subject4,802,0,799,1.0,0.0,0.10188447276244618,0.09860617473744449,0.09898645048798024,2.844419955161337
100.0,5.0,0.0,subject4_k1_2_cam4_segment000,subject4,810,0,807,1.0,0.0,0.09316683903738476,0.09182066466799495,0.09208653862658192,1.1595331793636936
100.0,5.0,0.0,subject4_k1_3_cam4_segment000,subject4,304,0,300,1.0,0.0,0.1049583247697965,0.10315441319605112,0.10354720383889643,1.3444583209526804
100.0,5.0,0.0,subject4_k1_3_cam4_segment001,subject4,176,0,173,1.0,0.0,0.11074818486781829,0.10932593720687107,0.10964998552715341,0.9916183655521014
100.0,5.0,0.0,subject4_k1_4_cam4_segment000,subject4,659,0,656,1.0,0.0,0.12087646959225674,0.12006488428461336,0.12022204201726998,0.5414019595329808
100.0,5.0,0.0,subject4_k1_5_cam4_segment000,subject4,427,0,424,1.0,0.0,0.04738488644273934,0.04586275284872875,0.04593573962704969,3.0582468894186725
100.0,5.0,0.0,subject4_k1_6_cam4_segment000,subject4,609,0,606,1.0,0.0,0.07910404921098017,0.07579717813132804,0.07587131791953097,4.086682443811582
100.0,5.0,0.0,subject4_k2_0_cam4_segment000,subject4,410,0,407,1.0,0.0,0.11055159109168428,0.10690347262821247,0.1074205296388041,2.8322174488501792
100.0,5.0,0.0,subject4_k2_1_cam4_segment000,subject4,991,0,988,1.0,0.0,0.1017701735973806,0.09690624611258654,0.09720841040487675,4.482416636676795
100.0,5.0,0.0,subject4_k2_2_cam4_segment000,subject4,690,0,687,1.0,0.0,0.06887750383858479,0.06877174957792674,0.06874459687243183,0.19296135711368728
100.0,5.0,0.0,subject4_k2_3_cam4_segment000,subject4,876,0,872,1.0,0.0,0.07046029077339488,0.07007262212161744,0.07014210436503195,0.4515825933592128
100.0,5.0,0.0,subject4_k2_4_cam4_segment000,subject4,391,0,388,1.0,0.0,0.09380355309934926,0.0919839296263587,0.0922553058971119,1.6505208503110624
100.0,5.0,0.0,subject4_k2_4_cam4_segment001,subject4,187,0,184,1.0,0.0,0.0927570829713149,0.09197142334700094,0.09201678828751281,0.7981004362017537
100.0,5.0,0.0,subject4_k2_5_cam4_segment000,subject4,736,0,733,1.0,0.0,0.0633975897487702,0.061192615872009276,0.06119005509639775,3.482048231045367
100.0,5.0,0.0,subject4_k2_6_cam4_segment000,subject4,506,0,502,1.0,0.0,0.04293599146280373,0.042322031720686534,0.04227613444625649,1.5368388945178761
100.0,5.0,0.0,subject4_k2_7_cam4_segment000,subject4,469,0,465,1.0,0.0,0.04071233628964069,0.03833111354389315,0.03836727092427632,5.760085465694771
100.0,5.0,0.0,subject4_o1_0_cam4_segment000,subject4,427,0,423,1.0,0.0,0.017723246299069968,0.016291502197875313,0.01667516174814108,5.913614996051178
100.0,5.0,0.0,subject4_o1_1_cam4_segment000,subject4,775,0,772,1.0,0.0,0.0750769765644393,0.07191580773689374,0.07236328366933738,3.6145473876038916
100.0,5.0,0.0,subject4_o1_2_cam4_segment000,subject4,586,0,583,1.0,0.0,0.12462603973395492,0.12449647798937488,0.12472072349708405,-0.07597430146320416
100.0,5.0,0.0,subject4_o1_3_cam4_segment000,subject4,625,0,622,1.0,0.0,0.04921354543725146,0.04804413092350734,0.048326335179516094,1.802776552375368
100.0,5.0,0.0,subject4_o1_4_cam4_segment000,subject4,261,0,257,1.0,0.0,0.08187693289447441,0.07922289427889175,0.08010873899691599,2.1595751514499475
100.0,5.0,0.0,subject4_o1_4_cam4_segment001,subject4,318,0,315,1.0,0.0,0.023236917402428527,0.02178593888900015,0.022010108002798214,5.279570342243838
100.0,5.0,0.0,subject4_o1_5_cam4_segment000,subject4,560,0,557,1.0,0.0,0.03689267135505845,0.03718888323887316,0.0371646957794151,-0.7373400037602637
100.0,5.0,0.0,subject4_o1_6_cam4_segment000,subject4,593,0,590,1.0,0.0,0.040463077883846156,0.0396977493096448,0.03998176503713848,1.1895112084388064
100.0,5.0,0.0,subject4_o1_7_cam4_segment000,subject4,697,0,693,1.0,0.0,0.06170323510936333,0.05955453831332275,0.05964796228140667,3.33089962676006
100.0,5.0,0.0,subject4_o2_0_cam4_segment000,subject4,463,0,460,1.0,0.0,0.018326777107182193,0.017498597063463656,0.017641812871108956,3.7375051383410027
100.0,5.0,0.0,subject4_o2_1_cam4_segment000,subject4,839,0,835,1.0,0.0,0.049829916911724816,0.0481329124997165,0.04844124035913852,2.786832968327795
100.0,5.0,0.0,subject4_o2_2_cam4_segment000,subject4,664,0,661,1.0,0.0,0.08150709708234265,0.07921679530317417,0.07981103995880111,2.0808704815337675
100.0,5.0,0.0,subject4_o2_3_cam4_segment000,subject4,322,0,319,1.0,0.0,0.08559607072439965,0.08001955919968828,0.08022595828067491,6.27378382941818
100.0,5.0,0.0,subject4_o2_3_cam4_segment001,subject4,422,0,419,1.0,0.0,0.0850803757478487,0.08360605185574979,0.0840390981705235,1.2238751511996278
100.0,5.0,0.0,subject4_o2_4_cam4_segment000,subject4,503,0,499,1.0,0.0,0.0880325499560793,0.08677826677934546,0.08694225090759598,1.2385180811271324
100.0,5.0,0.0,subject4_o2_5_cam4_segment000,subject4,512,0,508,1.0,0.0,0.044878798047519354,0.04373548941713887,0.04376989786917568,2.4708776228131843
100.0,5.0,0.0,subject4_o2_6_cam4_segment000,subject4,633,0,630,1.0,0.0,0.07560732059065779,0.07311186871274117,0.07315110379197509,3.2486494422686842
100.0,5.0,0.01,subject4_h1_0_cam4_segment000,subject4,467,5,463,1.0,0.008639308855291577,0.057383305104999546,0.055698836993804506,0.05577577172597315,2.801395590729642
100.0,5.0,0.01,subject4_h1_1_cam4_segment000,subject4,970,7,966,1.0,0.003105590062111801,0.06442968584492577,0.06171242256776223,0.06197706816494917,3.8066578283180603
100.0,5.0,0.01,subject4_h1_2_cam4_segment000,subject4,530,7,526,1.0,0.011406844106463879,0.07481663399440198,0.07144881392855888,0.07147299723995795,4.469108774252279
100.0,5.0,0.01,subject4_h1_3_cam4_segment000,subject4,753,7,749,1.0,0.0013351134846461949,0.09030854319126413,0.08831934801338195,0.08856553791439746,1.9300558012270996
100.0,5.0,0.01,subject4_h1_4_cam4_segment000,subject4,234,2,230,1.0,0.004347826086956522,0.12840854471394136,0.119689961704581,0.12005352372059702,6.506592697516362
100.0,5.0,0.01,subject4_h1_4_cam4_segment001,subject4,371,1,367,1.0,0.0027247956403269754,0.08571015190567968,0.08209064125639032,0.08233496496366394,3.9379080155288873
100.0,5.0,0.01,subject4_h1_5_cam4_segment000,subject4,437,6,434,1.0,0.004608294930875576,0.04488043897807035,0.04430884562655374,0.044185148387453965,1.5492063055713847
100.0,5.0,0.01,subject4_h1_6_cam4_segment000,subject4,658,5,654,1.0,0.0030581039755351682,0.10042161615697898,0.09994662558530945,0.10013630899762327,0.28410930860713873
100.0,5.0,0.01,subject4_h1_7_cam4_segment000,subject4,550,6,547,1.0,0.005484460694698354,0.07592050475173602,0.07344323904262791,0.07355815051457161,3.111615557469528
100.0,5.0,0.01,subject4_h2_0_cam4_segment000,subject4,464,9,460,1.0,0.010869565217391304,0.046227400087769384,0.04459865682231008,0.04529427777786027,2.0185481081294783
100.0,5.0,0.01,subject4_h2_1_cam4_segment000,subject4,806,5,802,1.0,0.0012468827930174563,0.04461811982696444,0.041799744465136235,0.04211981227278352,5.599311588811276
100.0,5.0,0.01,subject4_h2_2_cam4_segment000,subject4,544,10,540,1.0,0.012962962962962963,0.05967459009265878,0.05686855556322593,0.05691588543832066,4.622913454545043
100.0,5.0,0.01,subject4_h2_3_cam4_segment000,subject4,794,7,791,1.0,0.006321112515802781,0.07711158412749743,0.07533320573913477,0.07585639028519987,1.6277630092804174
100.0,5.0,0.01,subject4_h2_4_cam4_segment000,subject4,266,5,263,1.0,0.011406844106463879,0.0680826744066724,0.06768975323014877,0.0680625041430784,0.02962613288883521
100.0,5.0,0.01,subject4_h2_4_cam4_segment001,subject4,213,2,209,1.0,0.004784688995215311,0.1452259007512745,0.14489425362870867,0.1450279658529106,0.136294488338477
100.0,5.0,0.01,subject4_h2_5_cam4_segment000,subject4,608,7,604,1.0,0.0033112582781456954,0.12873878957185772,0.12680888328897336,0.12690096462778544,1.4275611493507694
100.0,5.0,0.01,subject4_h2_6_cam4_segment000,subject4,527,3,524,1.0,0.003816793893129771,0.04569585804472653,0.04287341952095884,0.043310816298880186,5.219382779751924
100.0,5.0,0.01,subject4_h2_7_cam4_segment000,subject4,731,4,727,1.0,0.002751031636863824,0.05691370408832499,0.05264726011239901,0.05282004184334043,7.19275315244209
100.0,5.0,0.01,subject4_k1_0_cam4_segment000,subject4,514,8,511,1.0,0.011741682974559686,0.08550399375653868,0.08402800472272394,0.0842008596233974,1.5240622991854338
100.0,5.0,0.01,subject4_k1_1_cam4_segment000,subject4,802,8,799,1.0,0.0050062578222778474,0.10163561723000024,0.09856925246907715,0.0989558288061918,2.636662714158664
100.0,5.0,0.01,subject4_k1_2_cam4_segment000,subject4,810,8,806,1.0,0.004962779156327543,0.09329479318498557,0.09200596678239611,0.09221185389633614,1.1607714125076296
100.0,5.0,0.01,subject4_k1_3_cam4_segment000,subject4,304,3,301,1.0,0.006644518272425249,0.1059937176680014,0.10416110314711931,0.10449886147809244,1.4103252747405524
100.0,5.0,0.01,subject4_k1_3_cam4_segment001,subject4,176,3,172,1.0,0.01744186046511628,0.11827972542448789,0.1162880777227259,0.11659655602868726,1.4230413452178625
100.0,5.0,0.01,subject4_k1_4_cam4_segment000,subject4,659,1,656,1.0,0.001524390243902439,0.12379881448839973,0.12257859916497993,0.12274086620061524,0.8545706129388065
100.0,5.0,0.01,subject4_k1_5_cam4_segment000,subject4,427,2,423,1.0,0.002364066193853428,0.04489533998270733,0.04410067791394874,0.044108861462960086,1.7518043521892899
100.0,5.0,0.01,subject4_k1_6_cam4_segment000,subject4,609,5,605,1.0,0.003305785123966942,0.07698556901172923,0.07384103570494031,0.0741744575898838,3.6514783977463985
100.0,5.0,0.01,subject4_k2_0_cam4_segment000,subject4,410,4,407,1.0,0.009828009828009828,0.10805617376188648,0.10441693512550934,0.1049851346948275,2.8420764498161386
100.0,5.0,0.01,subject4_k2_1_cam4_segment000,subject4,991,5,988,1.0,0.0020242914979757085,0.10068650516807572,0.09625201108801212,0.09655416256703532,4.104167280552927
100.0,5.0,0.01,subject4_k2_2_cam4_segment000,subject4,690,6,686,1.0,0.004373177842565598,0.06642218864513708,0.0653618727884937,0.06533690248437903,1.6339211081348595
100.0,5.0,0.01,subject4_k2_3_cam4_segment000,subject4,876,7,873,1.0,0.006872852233676976,0.06967795775807382,0.06948806621896518,0.06956576709460305,0.16101313396742964
100.0,5.0,0.01,subject4_k2_4_cam4_segment000,subject4,391,3,388,1.0,0.002577319587628866,0.09727443779669279,0.09491305470071135,0.09517084930190609,2.1625295837569167
100.0,5.0,0.01,subject4_k2_4_cam4_segment001,subject4,187,2,184,1.0,0.005434782608695652,0.0950829113106961,0.0944250667935099,0.09449584600961798,0.6174246170900303
100.0,5.0,0.01,subject4_k2_5_cam4_segment000,subject4,736,10,733,1.0,0.005457025920873124,0.06063874333864115,0.05907799844966111,0.059025981283072064,2.6596231497782026
100.0,5.0,0.01,subject4_k2_6_cam4_segment000,subject4,506,5,503,1.0,0.007952286282306162,0.0425368111200858,0.04191330613129218,0.04183935922471796,1.6396431161679361
100.0,5.0,0.01,subject4_k2_7_cam4_segment000,subject4,469,11,466,1.0,0.01072961373390558,0.04060582372573342,0.03788454632663281,0.03791971621608653,6.6150794718261094
100.0,5.0,0.01,subject4_o1_0_cam4_segment000,subject4,427,4,423,1.0,0.0070921985815602835,0.017991551927507832,0.01639658807996547,0.016865129563970186,6.260840465993514
100.0,5.0,0.01,subject4_o1_1_cam4_segment000,subject4,775,12,771,1.0,0.009079118028534372,0.08012417471926515,0.07658242328334673,0.07701736510767686,3.8774934312568847
100.0,5.0,0.01,subject4_o1_2_cam4_segment000,subject4,586,8,582,1.0,0.006872852233676976,0.12079701447795803,0.12007814513658585,0.1203002373601147,0.41124949982432696
100.0,5.0,0.01,subject4_o1_3_cam4_segment000,subject4,625,8,622,1.0,0.00482315112540193,0.05292087555064045,0.05134174379306969,0.05173864390068641,2.233960866393363
100.0,5.0,0.01,subject4_o1_4_cam4_segment000,subject4,261,1,257,1.0,0.0038910505836575876,0.08008528776366508,0.07765688433919538,0.07841168758898623,2.089772318253652
100.0,5.0,0.01,subject4_o1_4_cam4_segment001,subject4,318,2,314,1.0,0.0031847133757961785,0.02344423832643257,0.022407109973243567,0.022552862338836733,3.8021110994714746
100.0,5.0,0.01,subject4_o1_5_cam4_segment000,subject4,560,2,556,1.0,0.0,0.034020669098265795,0.03435026936279504,0.03432529004480733,-0.895399633856896
100.0,5.0,0.01,subject4_o1_6_cam4_segment000,subject4,593,10,590,1.0,0.006779661016949152,0.0391917418137411,0.03832822915945183,0.0386785604624735,1.3094119513914337
100.0,5.0,0.01,subject4_o1_7_cam4_segment000,subject4,697,5,694,1.0,0.005763688760806916,0.06297486783517899,0.06026721961232482,0.06063779178548679,3.7111249773622537
100.0,5.0,0.01,subject4_o2_0_cam4_segment000,subject4,463,5,460,1.0,0.008695652173913044,0.017748369998340185,0.016650141459451668,0.01689317923007169,4.818418639843958
100.0,5.0,0.01,subject4_o2_1_cam4_segment000,subject4,839,15,836,1.0,0.011961722488038277,0.049538861895637526,0.047985738158867586,0.0482906653247546,2.5196310999483065
100.0,5.0,0.01,subject4_o2_2_cam4_segment000,subject4,664,7,660,1.0,0.006060606060606061,0.07965942340864933,0.07766211519727387,0.07829178806035243,1.7168531854429678
100.0,5.0,0.01,subject4_o2_3_cam4_segment000,subject4,322,1,318,1.0,0.0,0.09012063200696754,0.08432300836326663,0.08460306434318383,6.122424511356208
100.0,5.0,0.01,subject4_o2_3_cam4_segment001,subject4,422,4,419,1.0,0.007159904534606206,0.09041484390148083,0.08854118487377353,0.08910054441811789,1.4536324199099924
100.0,5.0,0.01,subject4_o2_4_cam4_segment000,subject4,503,3,500,1.0,0.002,0.08549682260965429,0.0839482233176917,0.08410049994061028,1.6331866219392506
100.0,5.0,0.01,subject4_o2_5_cam4_segment000,subject4,512,5,509,1.0,0.0019646365422396855,0.048170795021219515,0.046714679086513236,0.04677473661209297,2.8981427616288498
100.0,5.0,0.01,subject4_o2_6_cam4_segment000,subject4,633,6,630,1.0,0.004761904761904762,0.07438651793424515,0.07162095439624135,0.07167348304894444,3.647213178736139
100.0,5.0,0.05,subject4_h1_0_cam4_segment000,subject4,467,24,463,1.0,0.02591792656587473,0.05986894456627734,0.058278556502698475,0.05830742445689839,2.608230562090971
100.0,5.0,0.05,subject4_h1_1_cam4_segment000,subject4,970,30,967,1.0,0.020682523267838676,0.06634451608342075,0.06343949442077132,0.0637753509473303,3.8724604349514093
100.0,5.0,0.05,subject4_h1_2_cam4_segment000,subject4,530,21,527,1.0,0.020872865275142316,0.07030021984635756,0.06715630777861872,0.06716472122569438,4.460154786878161
100.0,5.0,0.05,subject4_h1_3_cam4_segment000,subject4,753,42,749,1.0,0.03337783711615487,0.0929023626921331,0.09028056430228865,0.09055655401118347,2.525025858301746
100.0,5.0,0.05,subject4_h1_4_cam4_segment000,subject4,234,13,230,1.0,0.017391304347826087,0.1294120343494288,0.12035829514262872,0.12065723428906797,6.765058678176537
100.0,5.0,0.05,subject4_h1_4_cam4_segment001,subject4,371,26,367,1.0,0.0326975476839237,0.07876964661991799,0.07532613515092076,0.07556088344823175,4.073603614307517
100.0,5.0,0.05,subject4_h1_5_cam4_segment000,subject4,437,36,434,1.0,0.03917050691244239,0.0482687462752761,0.04810636337550339,0.047961605699611325,0.6363135555938371
100.0,5.0,0.05,subject4_h1_6_cam4_segment000,subject4,658,21,655,1.0,0.01984732824427481,0.09814371460090764,0.09686379397494747,0.09710774719893286,1.0555616385495878
100.0,5.0,0.05,subject4_h1_7_cam4_segment000,subject4,550,28,547,1.0,0.02010968921389397,0.07072674282986753,0.06749570163739575,0.06770894712379481,4.266838235901793
100.0,5.0,0.05,subject4_h2_0_cam4_segment000,subject4,464,25,461,1.0,0.0368763557483731,0.05189589856957921,0.04984050113445804,0.05068250566122065,2.338128718846078
100.0,5.0,0.05,subject4_h2_1_cam4_segment000,subject4,806,36,803,1.0,0.0323785803237858,0.046816972339502404,0.04365027941504962,0.04391495690063368,6.198639710881336
100.0,5.0,0.05,subject4_h2_2_cam4_segment000,subject4,544,26,540,1.0,0.03148148148148148,0.06195871545265835,0.05849122343067161,0.058542800776855065,5.513210935454807
100.0,5.0,0.05,subject4_h2_3_cam4_segment000,subject4,794,49,791,1.0,0.03286978508217446,0.08110944822398893,0.07890584309209579,0.07946713740417703,2.0248082754509027
100.0,5.0,0.05,subject4_h2_4_cam4_segment000,subject4,266,13,262,1.0,0.03435114503816794,0.06662183200960457,0.06566809038383302,0.06620997359703015,0.6182033729049126
100.0,5.0,0.05,subject4_h2_4_cam4_segment001,subject4,213,10,209,1.0,0.023923444976076555,0.13934199150537083,0.1376977733617662,0.13783422762192352,1.082059949881795
100.0,5.0,0.05,subject4_h2_5_cam4_segment000,subject4,608,25,604,1.0,0.02152317880794702,0.12314426210583634,0.12128869234358683,0.12135682751938755,1.451496444806
100.0,5.0,0.05,subject4_h2_6_cam4_segment000,subject4,527,25,523,1.0,0.021032504780114723,0.05130709559575538,0.04603579243162615,0.0464209527079495,9.523327779657263
100.0,5.0,0.05,subject4_h2_7_cam4_segment000,subject4,731,37,727,1.0,0.03163686382393398,0.05618403378912293,0.05376008995819597,0.05388050806456445,4.0999650064364594
100.0,5.0,0.05,subject4_k1_0_cam4_segment000,subject4,514,16,510,1.0,0.013725490196078431,0.08779591181031635,0.08636108442079138,0.08656209719961859,1.4053212561462096
100.0,5.0,0.05,subject4_k1_1_cam4_segment000,subject4,802,33,798,1.0,0.022556390977443608,0.10189359154625596,0.09869418032529875,0.09915679794843493,2.6859329976396267
100.0,5.0,0.05,subject4_k1_2_cam4_segment000,subject4,810,38,807,1.0,0.023543990086741014,0.09475383551083294,0.09382353583991952,0.09403495080938035,0.758686651128128
100.0,5.0,0.05,subject4_k1_3_cam4_segment000,subject4,304,25,301,1.0,0.029900332225913623,0.10419518003405022,0.10231223297558666,0.10267485981546699,1.4591080106454033
100.0,5.0,0.05,subject4_k1_3_cam4_segment001,subject4,176,6,172,1.0,0.01744186046511628,0.12244624641157703,0.12083400870936403,0.1211520295604973,1.0569673542539642
100.0,5.0,0.05,subject4_k1_4_cam4_segment000,subject4,659,23,654,1.0,0.01529051987767584,0.12146404704863385,0.12079936908177416,0.12093088099011907,0.43894969043909743
100.0,5.0,0.05,subject4_k1_5_cam4_segment000,subject4,427,20,424,1.0,0.02358490566037736,0.04493197637738959,0.043657871311573275,0.0436839929440628,2.7774950802181833
100.0,5.0,0.05,subject4_k1_6_cam4_segment000,subject4,609,37,606,1.0,0.034653465346534656,0.07837675789573113,0.07503306682296512,0.07513208191104755,4.139844606739355
100.0,5.0,0.05,subject4_k2_0_cam4_segment000,subject4,410,22,407,1.0,0.02702702702702703,0.10804694738277314,0.10388423064915599,0.10437717228794434,3.3964634667817575
100.0,5.0,0.05,subject4_k2_1_cam4_segment000,subject4,991,54,988,1.0,0.030364372469635626,0.09736178435125992,0.09353792352245006,0.09385758444345293,3.5991533342944897
100.0,5.0,0.05,subject4_k2_2_cam4_segment000,subject4,690,28,686,1.0,0.021865889212827987,0.0713894735172563,0.07046768890228977,0.07041626064170449,1.3632442257983135
100.0,5.0,0.05,subject4_k2_3_cam4_segment000,subject4,876,47,872,1.0,0.022935779816513763,0.07155376158786456,0.07116949275681884,0.07124771009343757,0.4277224392335694
100.0,5.0,0.05,subject4_k2_4_cam4_segment000,subject4,391,17,387,1.0,0.015503875968992248,0.09381039157749335,0.09172979316085036,0.0919831346684245,1.9478192962870395
100.0,5.0,0.05,subject4_k2_4_cam4_segment001,subject4,187,12,184,1.0,0.02717391304347826,0.09688461958270776,0.0966053426334742,0.09665712806857886,0.2348066340237824
100.0,5.0,0.05,subject4_k2_5_cam4_segment000,subject4,736,34,733,1.0,0.03137789904502047,0.058108745744066985,0.05568915824744337,0.0556691784373884,4.198279063573948
100.0,5.0,0.05,subject4_k2_6_cam4_segment000,subject4,506,28,503,1.0,0.03180914512922465,0.0410792516296853,0.040760242185185654,0.04068781881545083,0.9528723107302316
100.0,5.0,0.05,subject4_k2_7_cam4_segment000,subject4,469,27,465,1.0,0.025806451612903226,0.03565181338370264,0.03389841060214803,0.03386982308698914,4.998316011404042
100.0,5.0,0.05,subject4_o1_0_cam4_segment000,subject4,427,19,423,1.0,0.030732860520094562,0.018118841747264913,0.016642067793327258,0.017036099406540484,5.975781210671879
100.0,5.0,0.05,subject4_o1_1_cam4_segment000,subject4,775,39,772,1.0,0.025906735751295335,0.07574709696589034,0.07237936046958632,0.07281234984965088,3.874402100929372
100.0,5.0,0.05,subject4_o1_2_cam4_segment000,subject4,586,27,583,1.0,0.024013722126929673,0.12274118226101136,0.12167393819548782,0.12193945943616073,0.6531816054580156
100.0,5.0,0.05,subject4_o1_3_cam4_segment000,subject4,625,28,621,1.0,0.01932367149758454,0.0566578166797456,0.0548187495371965,0.05514630147453246,2.66779642031898
100.0,5.0,0.05,subject4_o1_4_cam4_segment000,subject4,261,9,258,1.0,0.01937984496124031,0.081561671610263,0.07888073935580706,0.0797461994688175,2.225888834305169
100.0,5.0,0.05,subject4_o1_4_cam4_segment001,subject4,318,22,314,1.0,0.028662420382165606,0.023536152130457,0.022267521221099235,0.022448567662945302,4.620910255352691
100.0,5.0,0.05,subject4_o1_5_cam4_segment000,subject4,560,22,557,1.0,0.025134649910233394,0.03396135630414081,0.03414189942855317,0.03419822315885022,-0.6974599382549665
100.0,5.0,0.05,subject4_o1_6_cam4_segment000,subject4,593,32,589,1.0,0.03395585738539898,0.04156335651871083,0.040938830232275784,0.041239779605826886,0.778514874606613
100.0,5.0,0.05,subject4_o1_7_cam4_segment000,subject4,697,33,694,1.0,0.025936599423631124,0.061344038828428156,0.05925304655625987,0.059379694808810474,3.2021758872312183
100.0,5.0,0.05,subject4_o2_0_cam4_segment000,subject4,463,31,459,1.0,0.030501089324618737,0.018248516421682653,0.017252251445171268,0.01750076876350399,4.097580542439056
100.0,5.0,0.05,subject4_o2_1_cam4_segment000,subject4,839,35,836,1.0,0.02033492822966507,0.04827753466167091,0.04638504406147801,0.04669407900338915,3.2799016548351556
100.0,5.0,0.05,subject4_o2_2_cam4_segment000,subject4,664,26,661,1.0,0.02118003025718608,0.07960140958484549,0.07786846942347915,0.07849787881803551,1.3863206349804038
100.0,5.0,0.05,subject4_o2_3_cam4_segment000,subject4,322,20,319,1.0,0.02821316614420063,0.0916316957388767,0.08543949123104684,0.08566571877782689,6.510822388413592
100.0,5.0,0.05,subject4_o2_3_cam4_segment001,subject4,422,23,419,1.0,0.026252983293556086,0.08361363203828845,0.08129628617035184,0.08196943878371683,1.9664176934913018
100.0,5.0,0.05,subject4_o2_4_cam4_segment000,subject4,503,24,498,1.0,0.02208835341365462,0.08542927159812973,0.08330658950961858,0.0834749243368103,2.2876787133489023
100.0,5.0,0.05,subject4_o2_5_cam4_segment000,subject4,512,24,509,1.0,0.019646365422396856,0.04856606458980125,0.046828586653544245,0.046827300079388505,3.580204665744895
100.0,5.0,0.05,subject4_o2_6_cam4_segment000,subject4,633,26,630,1.0,0.025396825396825397,0.07594614727173733,0.07332503562840884,0.07336665076395288,3.3964810598685764
100.0,10.0,0.0,subject4_h1_0_cam4_segment000,subject4,467,0,463,1.0,0.0,0.06152973222437062,0.059554977534665425,0.05966218024428728,3.035202515221812
100.0,10.0,0.0,subject4_h1_1_cam4_segment000,subject4,970,0,966,1.0,0.0,0.06636994010587141,0.06348432015982881,0.06374717011364342,3.9517437985392547
100.0,10.0,0.0,subject4_h1_2_cam4_segment000,subject4,530,0,526,1.0,0.0,0.0767300069207979,0.07471692337848877,0.07475230380866413,2.57748329695212
100.0,10.0,0.0,subject4_h1_3_cam4_segment000,subject4,753,0,749,1.0,0.0,0.08832915984801885,0.08635560056929698,0.08669631269087576,1.8485935561400229
100.0,10.0,0.0,subject4_h1_4_cam4_segment000,subject4,234,0,231,1.0,0.0,0.12445124425028503,0.11643408549491659,0.11677157032666502,6.170829363646497
100.0,10.0,0.0,subject4_h1_4_cam4_segment001,subject4,371,0,368,1.0,0.0,0.08257832637836723,0.07906453200444852,0.07931209027689781,3.955318840568155
100.0,10.0,0.0,subject4_h1_5_cam4_segment000,subject4,437,0,434,1.0,0.0,0.04721877986380513,0.04682248157126654,0.04669948237634791,1.0997689668285464
100.0,10.0,0.0,subject4_h1_6_cam4_segment000,subject4,658,0,654,1.0,0.0,0.09902963236308472,0.09857265676349981,0.09870652564413646,0.3262727642607205
100.0,10.0,0.0,subject4_h1_7_cam4_segment000,subject4,550,0,547,1.0,0.0,0.07225730946403223,0.06998592812266984,0.07016017241449504,2.9023182084867023
100.0,10.0,0.0,subject4_h2_0_cam4_segment000,subject4,464,0,460,1.0,0.0,0.047649627667672514,0.04593960838951777,0.04643416132289904,2.5508412222034944
100.0,10.0,0.0,subject4_h2_1_cam4_segment000,subject4,806,0,803,1.0,0.0,0.048466716174829894,0.045062125222873915,0.04535680953628503,6.416582108279756
100.0,10.0,0.0,subject4_h2_2_cam4_segment000,subject4,544,0,541,1.0,0.0,0.06451644232814796,0.062326880119549115,0.06235841914304785,3.344919693686495
100.0,10.0,0.0,subject4_h2_3_cam4_segment000,subject4,794,0,790,1.0,0.0,0.07629911585547065,0.0740949837805994,0.07455688047268676,2.283428009944598
100.0,10.0,0.0,subject4_h2_4_cam4_segment000,subject4,266,0,263,1.0,0.0,0.07115576046810664,0.06978075142820513,0.07035892265772896,1.1198500376295384
100.0,10.0,0.0,subject4_h2_4_cam4_segment001,subject4,213,0,210,1.0,0.0,0.14345963048928437,0.14204415483554533,0.14225242791500978,0.8414928786288501
100.0,10.0,0.0,subject4_h2_5_cam4_segment000,subject4,608,0,605,1.0,0.0,0.1285223169931102,0.12708306389578108,0.1271688494859228,1.0530992117578744
100.0,10.0,0.0,subject4_h2_6_cam4_segment000,subject4,527,0,523,1.0,0.0,0.051239731631573214,0.04660630566354978,0.047015192563038606,8.244654946497622
100.0,10.0,0.0,subject4_h2_7_cam4_segment000,subject4,731,0,728,1.0,0.0,0.06008710892100456,0.05562738209767837,0.05588973512430177,6.98548136543064
100.0,10.0,0.0,subject4_k1_0_cam4_segment000,subject4,514,0,510,1.0,0.0,0.08093975642346352,0.0791142713292569,0.07933820188247269,1.9786994818859551
100.0,10.0,0.0,subject4_k1_1_cam4_segment000,subject4,802,0,799,1.0,0.0,0.10066671874989688,0.09762252274830936,0.09799823421566292,2.650811079740984
100.0,10.0,0.0,subject4_k1_2_cam4_segment000,subject4,810,0,807,1.0,0.0,0.09378913926960586,0.09250412921249673,0.09275152614540587,1.106325457596185
100.0,10.0,0.0,subject4_k1_3_cam4_segment000,subject4,304,0,301,1.0,0.0,0.1086090987125007,0.10678407023189217,0.10714004579646917,1.3526057516785577
100.0,10.0,0.0,subject4_k1_3_cam4_segment001,subject4,176,0,172,1.0,0.0,0.11827307990023916,0.11665521613426799,0.1168692507069897,1.1869388997340455
100.0,10.0,0.0,subject4_k1_4_cam4_segment000,subject4,659,0,656,1.0,0.0,0.12083381489354211,0.11940072580540456,0.11950318128083914,1.1012096356266612
100.0,10.0,0.0,subject4_k1_5_cam4_segment000,subject4,427,0,423,1.0,0.0,0.050179331712732304,0.04864318455942385,0.048706720779649756,2.9346961843034935
100.0,10.0,0.0,subject4_k1_6_cam4_segment000,subject4,609,0,605,1.0,0.0,0.07562842453059308,0.07199073659675488,0.07213591409029159,4.6179865070291255
100.0,10.0,0.0,subject4_k2_0_cam4_segment000,subject4,410,0,407,1.0,0.0,0.10580476366639571,0.1030575765008388,0.10354007715092395,2.1404390851553345
100.0,10.0,0.0,subject4_k2_1_cam4_segment000,subject4,991,0,987,1.0,0.0,0.09925840608927244,0.0949486689700975,0.09526359673812701,4.024655954632724
100.0,10.0,0.0,subject4_k2_2_cam4_segment000,subject4,690,0,686,1.0,0.0,0.07063417022764285,0.07001637076147385,0.07003805049246463,0.8439537595713459
100.0,10.0,0.0,subject4_k2_3_cam4_segment000,subject4,876,0,872,1.0,0.0,0.06881663815690962,0.06809165872602364,0.06817536822316628,0.9318530386229843
100.0,10.0,0.0,subject4_k2_4_cam4_segment000,subject4,391,0,387,1.0,0.0,0.09726158064063856,0.09466401477945971,0.09493561682635474,2.391451793157441
100.0,10.0,0.0,subject4_k2_4_cam4_segment001,subject4,187,0,183,1.0,0.0,0.10287987317673046,0.10291519058845769,0.1029340867543533,-0.05269599966332187
100.0,10.0,0.0,subject4_k2_5_cam4_segment000,subject4,736,0,733,1.0,0.0,0.06172049610555466,0.059723548008437856,0.059719367433407174,3.24224333635483
100.0,10.0,0.0,subject4_k2_6_cam4_segment000,subject4,506,0,503,1.0,0.0,0.04297374426856817,0.042324769716166985,0.042277299802662933,1.6206278455811178
100.0,10.0,0.0,subject4_k2_7_cam4_segment000,subject4,469,0,466,1.0,0.0,0.03822232506726683,0.0358318576952161,0.03589960368861859,6.076870976740755
100.0,10.0,0.0,subject4_o1_0_cam4_segment000,subject4,427,0,424,1.0,0.0,0.01801030451248621,0.016493069689818018,0.016897041628200164,6.181255200400654
100.0,10.0,0.0,subject4_o1_1_cam4_segment000,subject4,775,0,771,1.0,0.0,0.07579824710769678,0.07239465124152904,0.07282183642460772,3.9267539773842906
100.0,10.0,0.0,subject4_o1_2_cam4_segment000,subject4,586,0,583,1.0,0.0,0.12529392631147168,0.12522048794635246,0.1254277708042124,-0.10682440616315543
100.0,10.0,0.0,subject4_o1_3_cam4_segment000,subject4,625,0,621,1.0,0.0,0.053132548503773136,0.05190555851573632,0.05227601795972813,1.6120637314887678
100.0,10.0,0.0,subject4_o1_4_cam4_segment000,subject4,261,0,258,1.0,0.0,0.07867482353774263,0.07674081159094989,0.07762522312555786,1.3340994806060746
100.0,10.0,0.0,subject4_o1_4_cam4_segment001,subject4,318,0,314,1.0,0.0,0.023585978197788057,0.02250470773839753,0.02262744287820516,4.064004942024375
100.0,10.0,0.0,subject4_o1_5_cam4_segment000,subject4,560,0,556,1.0,0.0,0.03410537459026934,0.034229204054351904,0.03426796096533709,-0.47671775202883937
100.0,10.0,0.0,subject4_o1_6_cam4_segment000,subject4,593,0,589,1.0,0.0,0.03917448382660456,0.038478152531424524,0.03884047960138461,0.8526065760006607
100.0,10.0,0.0,subject4_o1_7_cam4_segment000,subject4,697,0,694,1.0,0.0,0.06116671207903623,0.05962380998078823,0.05971715170988077,2.3698517050947863
100.0,10.0,0.0,subject4_o2_0_cam4_segment000,subject4,463,0,460,1.0,0.0,0.01843196659957068,0.01750491856051187,0.01774778431841052,3.7119331649401737
100.0,10.0,0.0,subject4_o2_1_cam4_segment000,subject4,839,0,836,1.0,0.0,0.05432890097684602,0.052297854111449354,0.0526293178248814,3.128322350361827
100.0,10.0,0.0,subject4_o2_2_cam4_segment000,subject4,664,0,661,1.0,0.0,0.07795331027306689,0.07605923580270321,0.07656142909191989,1.7855318475524664
100.0,10.0,0.0,subject4_o2_3_cam4_segment000,subject4,322,0,319,1.0,0.0,0.08523179952161447,0.07920225442819442,0.07938671985937765,6.857862552525989
100.0,10.0,0.0,subject4_o2_3_cam4_segment001,subject4,422,0,418,1.0,0.0,0.08834845131090673,0.08548718976668575,0.08621900180633103,2.4102850394988296
100.0,10.0,0.0,subject4_o2_4_cam4_segment000,subject4,503,0,499,1.0,0.0,0.08940871895569823,0.08671817760291864,0.08686942129260233,2.840100711379288
100.0,10.0,0.0,subject4_o2_5_cam4_segment000,subject4,512,0,509,1.0,0.0,0.048285305722418764,0.04686957324397982,0.046892105561072435,2.8853501919518125
100.0,10.0,0.0,subject4_o2_6_cam4_segment000,subject4,633,0,630,1.0,0.0,0.07422084210293638,0.0719477020965315,0.07196785489582586,3.035518249693083
100.0,10.0,0.01,subject4_h1_0_cam4_segment000,subject4,467,3,463,1.0,0.004319654427645789,0.060165835400014835,0.05842583076925418,0.05850812643725929,2.7552330184301472
100.0,10.0,0.01,subject4_h1_1_cam4_segment000,subject4,970,13,967,1.0,0.005170630816959669,0.06495433662491241,0.06152865263604381,0.0618069211115979,4.845581799241046
100.0,10.0,0.01,subject4_h1_2_cam4_segment000,subject4,530,9,526,1.0,0.009505703422053232,0.07911613606100147,0.07663959611738175,0.07666540024076866,3.097643467248198
100.0,10.0,0.01,subject4_h1_3_cam4_segment000,subject4,753,3,749,1.0,0.0,0.08689235107518957,0.08482950486677411,0.08513111495986664,2.0269173218697936
100.0,10.0,0.01,subject4_h1_4_cam4_segment000,subject4,234,1,231,1.0,0.0,0.12171615810803225,0.11319231604037568,0.11353461229125804,6.721823908960779
100.0,10.0,0.01,subject4_h1_4_cam4_segment001,subject4,371,3,367,1.0,0.0,0.08661083899743932,0.0835388272593479,0.08373072297990192,3.325352866772894
100.0,10.0,0.01,subject4_h1_5_cam4_segment000,subject4,437,3,433,1.0,0.0023094688221709007,0.04926813208383384,0.048405225007220005,0.04827821965615492,2.0092347442653273
100.0,10.0,0.01,subject4_h1_6_cam4_segment000,subject4,658,2,655,1.0,0.0015267175572519084,0.0961554542716566,0.09564893203318121,0.09584870152854943,0.319017517446836
100.0,10.0,0.01,subject4_h1_7_cam4_segment000,subject4,550,5,546,1.0,0.005494505494505495,0.07289385667158652,0.07030940169395253,0.07045963514197211,3.3394055970744785
100.0,10.0,0.01,subject4_h2_0_cam4_segment000,subject4,464,4,460,1.0,0.006521739130434782,0.04910264011706084,0.04766005976920872,0.04825539216156878,1.7254631389925696
100.0,10.0,0.01,subject4_h2_1_cam4_segment000,subject4,806,10,802,1.0,0.007481296758104738,0.04319367574433963,0.04070167509572897,0.0409767877349183,5.132436569054549
100.0,10.0,0.01,subject4_h2_2_cam4_segment000,subject4,544,5,540,1.0,0.001851851851851852,0.06497378186042825,0.06310150870526368,0.06316098058871872,2.790050416956881
100.0,10.0,0.01,subject4_h2_3_cam4_segment000,subject4,794,13,790,1.0,0.008860759493670886,0.0757900980607887,0.07430891809502414,0.07466772521008476,1.4808964223845136
100.0,10.0,0.01,subject4_h2_4_cam4_segment000,subject4,266,1,263,1.0,0.0038022813688212928,0.0677307507000817,0.06706002690896068,0.06752879814233166,0.29816967280386036
100.0,10.0,0.01,subject4_h2_4_cam4_segment001,subject4,213,3,210,1.0,0.009523809523809525,0.1399277850808013,0.13822877773539136,0.13846587768633295,1.0447584756838542
100.0,10.0,0.01,subject4_h2_5_cam4_segment000,subject4,608,7,605,1.0,0.006611570247933884,0.12214228597985279,0.12106054323197714,0.12113378479365666,0.8256773467973851
100.0,10.0,0.01,subject4_h2_6_cam4_segment000,subject4,527,4,524,1.0,0.0019083969465648854,0.04533460945775047,0.042311770350984955,0.042748788004929636,5.703857348171675
100.0,10.0,0.01,subject4_h2_7_cam4_segment000,subject4,731,8,728,1.0,0.0027472527472527475,0.05623012350035947,0.05190255945898114,0.052109167800887646,7.328733146825614
100.0,10.0,0.01,subject4_k1_0_cam4_segment000,subject4,514,2,510,1.0,0.00196078431372549,0.08616351059203502,0.08415001640889033,0.08434302781083144,2.112823361878965
100.0,10.0,0.01,subject4_k1_1_cam4_segment000,subject4,802,8,799,1.0,0.0012515644555694619,0.10184006869278443,0.09837976707219344,0.09876926794819067,3.015316843370641
100.0,10.0,0.01,subject4_k1_2_cam4_segment000,subject4,810,9,806,1.0,0.004962779156327543,0.09740960289194851,0.09637312864348367,0.0965770294512266,0.8547139255309743
100.0,10.0,0.01,subject4_k1_3_cam4_segment000,subject4,304,3,300,1.0,0.006666666666666667,0.10260117537519615,0.10051820560465001,0.10091667044716163,1.6417988603683744
100.0,10.0,0.01,subject4_k1_3_cam4_segment001,subject4,176,1,173,1.0,0.005780346820809248,0.10695016844072378,0.10600887850478626,0.10618401184682322,0.7163678235113706
100.0,10.0,0.01,subject4_k1_4_cam4_segment000,subject4,659,8,655,1.0,0.004580152671755725,0.1188634367469818,0.11762915856345078,0.11776294895450046,0.9258421450692956
100.0,10.0,0.01,subject4_k1_5_cam4_segment000,subject4,427,5,423,1.0,0.0070921985815602835,0.050283969551471186,0.0487430808541073,0.04878568322804537,2.9796500490919957
100.0,10.0,0.01,subject4_k1_6_cam4_segment000,subject4,609,7,605,1.0,0.008264462809917356,0.07535975343023117,0.0718088502728887,0.07217239160124687,4.2295279428364765
100.0,10.0,0.01,subject4_k2_0_cam4_segment000,subject4,410,3,407,1.0,0.004914004914004914,0.10384661375696597,0.10055546481412796,0.10098859516953909,2.7521538584932057
100.0,10.0,0.01,subject4_k2_1_cam4_segment000,subject4,991,10,988,1.0,0.004048582995951417,0.09823172343719584,0.09365841556489352,0.09398015966605264,4.328096486937267
100.0,10.0,0.01,subject4_k2_2_cam4_segment000,subject4,690,16,686,1.0,0.01020408163265306,0.06679908114323053,0.0651010182273161,0.06503248493974297,2.6446414729861853
100.0,10.0,0.01,subject4_k2_3_cam4_segment000,subject4,876,11,873,1.0,0.006872852233676976,0.07387754011882919,0.07363850951048126,0.07372826701864967,0.20205477867755575
100.0,10.0,0.01,subject4_k2_4_cam4_segment000,subject4,391,4,387,1.0,0.007751937984496124,0.0963675661799245,0.09405728936855626,0.09432666194382042,2.117833122706011
100.0,10.0,0.01,subject4_k2_4_cam4_segment001,subject4,187,0,183,1.0,0.0,0.10466269975634307,0.10408927424906861,0.1041283206627135,0.510572625083826
100.0,10.0,0.01,subject4_k2_5_cam4_segment000,subject4,736,9,733,1.0,0.004092769440654843,0.05927029706993005,0.05717816838234673,0.05713926604510922,3.5954451557860896
100.0,10.0,0.01,subject4_k2_6_cam4_segment000,subject4,506,4,502,1.0,0.00398406374501992,0.0392544859911434,0.03883963729983067,0.038797893347437086,1.1631604189374243
100.0,10.0,0.01,subject4_k2_7_cam4_segment000,subject4,469,4,465,1.0,0.0064516129032258064,0.035352796945065636,0.033480309606468285,0.033513325805007106,5.203184186294696
100.0,10.0,0.01,subject4_o1_0_cam4_segment000,subject4,427,4,423,1.0,0.002364066193853428,0.018104032539829132,0.016783627460076875,0.017092634015782766,5.5865924998824115
100.0,10.0,0.01,subject4_o1_1_cam4_segment000,subject4,775,5,771,1.0,0.0025940337224383916,0.07674465369013632,0.07369741063765854,0.0740761435735206,3.47712835787894
100.0,10.0,0.01,subject4_o1_2_cam4_segment000,subject4,586,8,582,1.0,0.005154639175257732,0.12430805551929826,0.12322838334443,0.1235062307897537,0.6450303853559005
100.0,10.0,0.01,subject4_o1_3_cam4_segment000,subject4,625,6,622,1.0,0.006430868167202572,0.055770337613361885,0.05407648407806685,0.054467317748217836,2.3364030430969844
100.0,10.0,0.01,subject4_o1_4_cam4_segment000,subject4,261,2,257,1.0,0.0038910505836575876,0.08181921882762241,0.07917672338340984,0.07999983971675598,2.223657396069161
100.0,10.0,0.01,subject4_o1_4_cam4_segment001,subject4,318,2,315,1.0,0.006349206349206349,0.023207597461795938,0.022071927986689978,0.022194439051610303,4.365632469511264
100.0,10.0,0.01,subject4_o1_5_cam4_segment000,subject4,560,8,557,1.0,0.008976660682226212,0.0367129045409175,0.03702845310102127,0.03700516442788735,-0.7960685503488738
100.0,10.0,0.01,subject4_o1_6_cam4_segment000,subject4,593,8,590,1.0,0.006779661016949152,0.04159299733806698,0.04125458366829036,0.04155702324858332,0.08649073590744398
100.0,10.0,0.01,subject4_o1_7_cam4_segment000,subject4,697,9,693,1.0,0.007215007215007215,0.06392892427257843,0.06157739729293464,0.0618085419014524,3.316780933283345
100.0,10.0,0.01,subject4_o2_0_cam4_segment000,subject4,463,0,460,1.0,0.0,0.01853514891690785,0.017381704125669258,0.017736888965337747,4.30673611066554
100.0,10.0,0.01,subject4_o2_1_cam4_segment000,subject4,839,11,835,1.0,0.008383233532934131,0.04950537690378839,0.047754046413181664,0.048053315315587465,2.9331391436993672
100.0,10.0,0.01,subject4_o2_2_cam4_segment000,subject4,664,9,660,1.0,0.007575757575757576,0.08291271472962736,0.08068720249247947,0.08112153004502116,2.1603256996796234
100.0,10.0,0.01,subject4_o2_3_cam4_segment000,subject4,322,2,318,1.0,0.0031446540880503146,0.0842164023630296,0.07891228176771309,0.07910744715383254,6.066461005035589
100.0,10.0,0.01,subject4_o2_3_cam4_segment001,subject4,422,3,419,1.0,0.00477326968973747,0.08299640874374462,0.08108228987259632,0.08158900629556425,1.6957389717015254
100.0,10.0,0.01,subject4_o2_4_cam4_segment000,subject4,503,2,500,1.0,0.0,0.08545941755545439,0.08370303689746039,0.08384192382876643,1.8927038973070114
100.0,10.0,0.01,subject4_o2_5_cam4_segment000,subject4,512,2,508,1.0,0.001968503937007874,0.04801272338818829,0.04619061613178024,0.04622536200762163,3.722682769139416
100.0,10.0,0.01,subject4_o2_6_cam4_segment000,subject4,633,6,630,1.0,0.0031746031746031746,0.07570732034504596,0.07265062032361595,0.07275531112273008,3.8992388171470256
100.0,10.0,0.05,subject4_h1_0_cam4_segment000,subject4,467,19,464,1.0,0.021551724137931036,0.06088624785054689,0.058907541462751505,0.05901064416334912,3.080504635138098
100.0,10.0,0.05,subject4_h1_1_cam4_segment000,subject4,970,53,967,1.0,0.028955532574974147,0.06454325121826286,0.06136921556947105,0.061655705550927205,4.473815019901895
100.0,10.0,0.05,subject4_h1_2_cam4_segment000,subject4,530,29,527,1.0,0.03415559772296015,0.0744695978283688,0.07229701594128587,0.07231779717076092,2.8895021866066304
100.0,10.0,0.05,subject4_h1_3_cam4_segment000,subject4,753,41,750,1.0,0.028,0.08597245061056438,0.08417868606848516,0.08445470604802782,1.765384785193105
100.0,10.0,0.05,subject4_h1_4_cam4_segment000,subject4,234,12,230,1.0,0.008695652173913044,0.13111700505569815,0.1226934789623211,0.12300482745255523,6.186975975920813
100.0,10.0,0.05,subject4_h1_4_cam4_segment001,subject4,371,12,368,1.0,0.01358695652173913,0.08379199461150935,0.07987739161846913,0.08010927670685584,4.395071297357162
100.0,10.0,0.05,subject4_h1_5_cam4_segment000,subject4,437,23,434,1.0,0.03686635944700461,0.04784558242385717,0.047199678289539665,0.047079048114039145,1.6021004886666588
100.0,10.0,0.05,subject4_h1_6_cam4_segment000,subject4,658,39,655,1.0,0.024427480916030534,0.09830718542785087,0.09791022287298423,0.09808199547218807,0.22906764615702466
100.0,10.0,0.05,subject4_h1_7_cam4_segment000,subject4,550,34,547,1.0,0.018281535648994516,0.07123530179715133,0.06904544312200141,0.06914387345126162,2.9359436868046616
100.0,10.0,0.05,subject4_h2_0_cam4_segment000,subject4,464,25,460,1.0,0.02391304347826087,0.04675595619352764,0.045278364479846026,0.045734020139934266,2.185681005781332
100.0,10.0,0.05,subject4_h2_1_cam4_segment000,subject4,806,50,803,1.0,0.029887920298879204,0.04452891101882648,0.041534067057072695,0.04183016560667181,6.060658907678336
100.0,10.0,0.05,subject4_h2_2_cam4_segment000,subject4,544,25,541,1.0,0.018484288354898338,0.059423995666518875,0.05668657471768884,0.05677354306038078,4.460239632844875
100.0,10.0,0.05,subject4_h2_3_cam4_segment000,subject4,794,37,791,1.0,0.025284450063211124,0.07369275388695336,0.07215052995073305,0.07254257461625366,1.560776616469111
100.0,10.0,0.05,subject4_h2_4_cam4_segment000,subject4,266,11,263,1.0,0.022813688212927757,0.06922013145614153,0.06945003592002885,0.06994240162228742,-1.0434394603880843
100.0,10.0,0.05,subject4_h2_4_cam4_segment001,subject4,213,8,209,1.0,0.019138755980861243,0.14427452284687878,0.1437056688933713,0.1438911841424332,0.2657008991479478
100.0,10.0,0.05,subject4_h2_5_cam4_segment000,subject4,608,35,604,1.0,0.028145695364238412,0.12533256436159346,0.12339282595684417,0.12348153393681897,1.476895038574434
100.0,10.0,0.05,subject4_h2_6_cam4_segment000,subject4,527,28,523,1.0,0.028680688336520075,0.04759911533899995,0.04366105894515769,0.044111180797844304,7.327729762023193
100.0,10.0,0.05,subject4_h2_7_cam4_segment000,subject4,731,53,728,1.0,0.03159340659340659,0.05666784843067587,0.05238809663483445,0.05260206629507853,7.1747600238805305
100.0,10.0,0.05,subject4_k1_0_cam4_segment000,subject4,514,25,511,1.0,0.021526418786692758,0.08788584078439617,0.08614385058809,0.08631443658156891,1.788006109746692
100.0,10.0,0.05,subject4_k1_1_cam4_segment000,subject4,802,38,799,1.0,0.02252816020025031,0.10328652136973068,0.10015683249785932,0.10063964383429477,2.5626553206889278
100.0,10.0,0.05,subject4_k1_2_cam4_segment000,subject4,810,52,806,1.0,0.034739454094292806,0.09161839832809644,0.09063288067250612,0.09079290949195255,0.9010077137429484
100.0,10.0,0.05,subject4_k1_3_cam4_segment000,subject4,304,13,301,1.0,0.023255813953488372,0.1065970690385963,0.10454778227292293,0.1049395034854266,1.5549822974677894
100.0,10.0,0.05,subject4_k1_3_cam4_segment001,subject4,176,8,172,1.0,0.023255813953488372,0.12008145554485901,0.11834900422256395,0.1185608526916178,1.2663094782967181
100.0,10.0,0.05,subject4_k1_4_cam4_segment000,subject4,659,34,655,1.0,0.02748091603053435,0.12475052195371328,0.12323402944965231,0.12337048336797155,1.106238726803704
100.0,10.0,0.05,subject4_k1_5_cam4_segment000,subject4,427,18,423,1.0,0.028368794326241134,0.04482108290183885,0.04399992523403577,0.04405511515709101,1.708945199796621
100.0,10.0,0.05,subject4_k1_6_cam4_segment000,subject4,609,31,606,1.0,0.0297029702970297,0.0749360757390528,0.07166373323051506,0.07185364779792293,4.1134098773249015
100.0,10.0,0.05,subject4_k2_0_cam4_segment000,subject4,410,17,407,1.0,0.029484029484029485,0.10865151249302026,0.10465451694991196,0.10528680211221161,3.0967911109611013
100.0,10.0,0.05,subject4_k2_1_cam4_segment000,subject4,991,56,987,1.0,0.031408308004052685,0.10195300683977905,0.09760456373051865,0.09793367059476374,3.94234203541615
100.0,10.0,0.05,subject4_k2_2_cam4_segment000,subject4,690,35,687,1.0,0.027656477438136828,0.06997432918146029,0.0692504057389001,0.06923273951570007,1.059802465325684
100.0,10.0,0.05,subject4_k2_3_cam4_segment000,subject4,876,45,873,1.0,0.029782359679266894,0.07178694137170176,0.0707750981893763,0.07085162485093054,1.3029062151127153
100.0,10.0,0.05,subject4_k2_4_cam4_segment000,subject4,391,19,388,1.0,0.01804123711340206,0.09567697825815263,0.09384761573580781,0.09410195543656022,1.6461878816267974
100.0,10.0,0.05,subject4_k2_4_cam4_segment001,subject4,187,10,183,1.0,0.03825136612021858,0.10766442970812601,0.10725552443824383,0.10730669360686816,0.33226953621326477
100.0,10.0,0.05,subject4_k2_5_cam4_segment000,subject4,736,44,732,1.0,0.031420765027322405,0.05565230174940122,0.05397568437701331,0.05394030147839377,3.0762434206521756
100.0,10.0,0.05,subject4_k2_6_cam4_segment000,subject4,506,26,502,1.0,0.025896414342629483,0.04058504935378682,0.040250337807501826,0.04014927052243882,1.0737422727991202
100.0,10.0,0.05,subject4_k2_7_cam4_segment000,subject4,469,20,465,1.0,0.008602150537634409,0.038267414699887814,0.03581773421333752,0.03579510808835573,6.4606052719295155
100.0,10.0,0.05,subject4_o1_0_cam4_segment000,subject4,427,27,423,1.0,0.030732860520094562,0.018069683397497184,0.01662949814455962,0.017025121461450445,5.780742877827183
100.0,10.0,0.05,subject4_o1_1_cam4_segment000,subject4,775,40,772,1.0,0.03238341968911917,0.07840325455934696,0.07446179664434749,0.07492211710783862,4.440042025134696
100.0,10.0,0.05,subject4_o1_2_cam4_segment000,subject4,586,29,583,1.0,0.025728987993138937,0.11974137942171788,0.11919400344274775,0.11944980689769027,0.2435018916900163
100.0,10.0,0.05,subject4_o1_3_cam4_segment000,subject4,625,28,622,1.0,0.028938906752411574,0.05514846612713716,0.05346722579500091,0.05379196118506518,2.4597328581084192
100.0,10.0,0.05,subject4_o1_4_cam4_segment000,subject4,261,7,258,1.0,0.015503875968992248,0.07902092777320918,0.07654064412881599,0.0775005877832604,1.9239713235361846
100.0,10.0,0.05,subject4_o1_4_cam4_segment001,subject4,318,16,314,1.0,0.03503184713375796,0.023931016645513586,0.022588073909627242,0.0227828205083717,4.7979413250591705
100.0,10.0,0.05,subject4_o1_5_cam4_segment000,subject4,560,28,557,1.0,0.03590664272890485,0.036730860752415724,0.036828935899890995,0.03688843870959945,-0.4290069820195093
100.0,10.0,0.05,subject4_o1_6_cam4_segment000,subject4,593,27,590,1.0,0.025423728813559324,0.04373210077472456,0.04306202335037552,0.04335694434928482,0.8578513695746494
100.0,10.0,0.05,subject4_o1_7_cam4_segment000,subject4,697,30,694,1.0,0.021613832853025938,0.06437061767165383,0.06160640024774309,0.061762454657576835,4.051791187372011
100.0,10.0,0.05,subject4_o2_0_cam4_segment000,subject4,463,23,460,1.0,0.02608695652173913,0.017760447783301273,0.016601620175682494,0.01688360556035177,4.937050200805896
100.0,10.0,0.05,subject4_o2_1_cam4_segment000,subject4,839,49,835,1.0,0.027544910179640718,0.050784470342420736,0.04887433891888291,0.049176660924209185,3.1659470057887606
100.0,10.0,0.05,subject4_o2_2_cam4_segment000,subject4,664,36,660,1.0,0.022727272727272728,0.08439975101060368,0.08237525279479121,0.08292402991174569,1.7484898725265035
100.0,10.0,0.05,subject4_o2_3_cam4_segment000,subject4,322,7,318,1.0,0.012578616352201259,0.08397152728511915,0.07905340848753556,0.079287102526205,5.578587064408796
100.0,10.0,0.05,subject4_o2_3_cam4_segment001,subject4,422,25,419,1.0,0.03341288782816229,0.09138573078039022,0.0888794721684416,0.08959428159361296,1.9603160925443675
100.0,10.0,0.05,subject4_o2_4_cam4_segment000,subject4,503,24,499,1.0,0.03006012024048096,0.08909557191217099,0.08805735882305382,0.08821868247997205,0.9842121368987439
100.0,10.0,0.05,subject4_o2_5_cam4_segment000,subject4,512,26,508,1.0,0.027559055118110236,0.0422428582406498,0.04143277936857034,0.041473194203998184,1.8219980103310742
100.0,10.0,0.05,subject4_o2_6_cam4_segment000,subject4,633,40,630,1.0,0.023809523809523808,0.07592488029640065,0.07303912507121581,0.07307967589732567,3.747393987277537
