delay_ms,jitter_ms,loss_rate,sequence_id,subject,source_packets,lost_packets,evaluated_ticks,prediction_available_fraction,horizon_clamped_fraction,hold_rmse,raw_rmse,gated_rmse,gated_rmse_improvement_percent
0.0,0.0,0.0,session_20260828_210132_segment000,runtime_camera,2,0,2,0.0,0.0,0.0,0.0,0.0,
0.0,0.0,0.0,session_20260828_210132_segment001,runtime_camera,5,0,5,0.0,0.0,0.0,0.0,0.0,
0.0,0.0,0.0,session_20260828_210132_segment002,runtime_camera,19,0,19,0.2631578947368421,0.0,0.0,0.0,0.0,
0.0,0.0,0.0,session_20260828_210132_segment003,runtime_camera,13,0,13,0.0,0.0,0.0,0.0,0.0,
0.0,0.0,0.0,session_20260828_210132_segment004,runtime_camera,7,0,7,0.0,0.0,0.0,0.0,0.0,
0.0,0.0,0.0,session_20260828_210132_segment005,runtime_camera,24,0,24,0.4166666666666667,0.0,0.0,0.0,0.0,
0.0,0.0,0.0,session_20260828_210132_segment006,runtime_camera,5,0,5,0.0,0.0,0.0,0.0,0.0,
0.0,0.0,0.0,session_20260828_210132_segment007,runtime_camera,10,0,10,0.0,0.0,0.0,0.0,0.0,
0.0,0.0,0.0,session_20260828_210132_segment008,runtime_camera,15,0,15,0.13333333333333333,0.0,0.0,0.0,0.0,
0.0,0.0,0.0,session_20260828_210132_segment009,runtime_camera,2,0,2,0.0,0.0,0.0,0.0,0.0,
0.0,0.0,0.0,session_20260828_210132_segment010,runtime_camera,7,0,7,0.0,0.0,0.0,0.0,0.0,
0.0,0.0,0.0,session_20260828_210132_segment011,runtime_camera,7,0,7,0.0,0.0,0.0,0.0,0.0,
0.0,0.0,0.0,session_20260828_210132_segment012,runtime_camera,8,0,8,0.0,0.0,0.0,0.0,0.0,
0.0,0.0,0.0,session_20260828_210132_segment013,runtime_camera,16,0,16,0.1875,0.0,0.0,0.0,0.0,
0.0,0.0,0.0,session_20260828_210132_segment014,runtime_camera,117,0,117,0.8888888888888888,0.0,0.0,0.0,0.0,
0.0,0.0,0.0,session_20260828_210132_segment015,runtime_camera,18,0,18,0.2777777777777778,0.0,0.0,0.0,0.0,
0.0,0.0,0.0,session_20260828_210132_segment016,runtime_camera,11,0,11,0.0,0.0,0.0,0.0,0.0,
0.0,0.0,0.0,session_20260828_210132_segment017,runtime_camera,40,0,40,0.675,0.0,0.0,0.0,0.0,
0.0,0.0,0.0,session_20260828_210132_segment018,runtime_camera,50,0,50,0.74,0.0,0.0,0.0,0.0,
0.0,0.0,0.0,session_20260828_210132_segment019,runtime_camera,4,0,4,0.0,0.0,0.0,0.0,0.0,
0.0,0.0,0.0,session_20260828_210132_segment020,runtime_camera,54,0,54,0.7592592592592593,0.0,0.0,0.0,0.0,
0.0,0.0,0.0,session_20260828_210132_segment021,runtime_camera,46,0,46,0.717391304347826,0.0,0.0,0.0,0.0,
0.0,0.0,0.0,session_20260828_210132_segment022,runtime_camera,45,0,45,0.7111111111111111,0.0,0.0,0.0,0.0,
0.0,0.0,0.0,session_20260828_210132_segment023,runtime_camera,65,0,65,0.8,0.0,0.0,0.0,0.0,
0.0,0.0,0.0,session_20260828_210132_segment024,runtime_camera,120,0,120,0.8916666666666667,0.0,0.0,0.0,0.0,
0.0,0.0,0.01,session_20260828_210132_segment000,runtime_camera,2,0,2,0.0,0.0,0.0,0.0,0.0,
0.0,0.0,0.01,session_20260828_210132_segment001,runtime_camera,5,0,5,0.0,0.0,0.0,0.0,0.0,
0.0,0.0,0.01,session_20260828_210132_segment002,runtime_camera,19,0,19,0.2631578947368421,0.0,0.0,0.0,0.0,
0.0,0.0,0.01,session_20260828_210132_segment003,runtime_camera,13,0,13,0.0,0.0,0.0,0.0,0.0,
0.0,0.0,0.01,session_20260828_210132_segment004,runtime_camera,7,0,7,0.0,0.0,0.0,0.0,0.0,
0.0,0.0,0.01,session_20260828_210132_segment005,runtime_camera,24,0,24,0.4166666666666667,0.0,0.0,0.0,0.0,
0.0,0.0,0.01,session_20260828_210132_segment006,runtime_camera,5,0,5,0.0,0.0,0.0,0.0,0.0,
0.0,0.0,0.01,session_20260828_210132_segment007,runtime_camera,10,0,10,0.0,0.0,0.0,0.0,0.0,
0.0,0.0,0.01,session_20260828_210132_segment008,runtime_camera,15,0,15,0.13333333333333333,0.0,0.0,0.0,0.0,
0.0,0.0,0.01,session_20260828_210132_segment009,runtime_camera,2,0,2,0.0,0.0,0.0,0.0,0.0,
0.0,0.0,0.01,session_20260828_210132_segment010,runtime_camera,7,0,7,0.0,0.0,0.0,0.0,0.0,
0.0,0.0,0.01,session_20260828_210132_segment011,runtime_camera,7,0,7,0.0,0.0,0.0,0.0,0.0,
0.0,0.0,0.01,session_20260828_210132_segment012,runtime_camera,8,0,8,0.0,0.0,0.0,0.0,0.0,
0.0,0.0,0.01,session_20260828_210132_segment013,runtime_camera,16,0,16,0.1875,0.0,0.0,0.0,0.0,
0.0,0.0,0.01,session_20260828_210132_segment014,runtime_camera,117,2,117,0.8888888888888888,0.0,0.0069786134214159705,0.007059059677697696,0.0069867479036553074,-0.11656301543188827
0.0,0.0,0.01,session_20260828_210132_segment015,runtime_camera,18,0,18,0.2777777777777778,0.0,0.0,0.0,0.0,
0.0,0.0,0.01,session_20260828_210132_segment016,runtime_camera,11,0,11,0.0,0.0,0.0,0.0,0.0,
0.0,0.0,0.01,session_20260828_210132_segment017,runtime_camera,40,0,40,0.675,0.0,0.0,0.0,0.0,
0.0,0.0,0.01,session_20260828_210132_segment018,runtime_camera,50,0,50,0.74,0.0,0.0,0.0,0.0,
0.0,0.0,0.01,session_20260828_210132_segment019,runtime_camera,4,0,4,0.0,0.0,0.0,0.0,0.0,
0.0,0.0,0.01,session_20260828_210132_segment020,runtime_camera,54,0,54,0.7592592592592593,0.0,0.0,0.0,0.0,
0.0,0.0,0.01,session_20260828_210132_segment021,runtime_camera,46,0,46,0.717391304347826,0.0,0.0,0.0,0.0,
0.0,0.0,0.01,session_20260828_210132_segment022,runtime_camera,45,0,45,0.7111111111111111,0.0,0.0,0.0,0.0,
0.0,0.0,0.01,session_20260828_210132_segment023,runtime_camera,65,1,65,0.8,0.0,0.0018774491185676965,0.006007578576760342,0.005692689557132602,-203.21405255848148
0.0,0.0,0.01,session_20260828_210132_segment024,runtime_camera,120,1,120,0.8916666666666667,0.0,0.032015948832952515,0.031236955015680596,0.03130334545977598,2.2257762120205795
0.0,0.0,0.05,session_20260828_210132_segment000,runtime_camera,2,0,2,0.0,0.0,0.0,0.0,0.0,
0.0,0.0,0.05,session_20260828_210132_segment001,runtime_camera,5,0,5,0.0,0.0,0.0,0.0,0.0,
0.0,0.0,0.05,session_20260828_210132_segment002,runtime_camera,19,1,19,0.2631578947368421,0.0,0.014756210361535264,0.014756210361535264,0.014756210361535264,0.0
0.0,0.0,0.05,session_20260828_210132_segment003,runtime_camera,13,0,13,0.0,0.0,0.0,0.0,0.0,
0.0,0.0,0.05,session_20260828_210132_segment004,runtime_camera,7,0,7,0.0,0.0,0.0,0.0,0.0,
0.0,0.0,0.05,session_20260828_210132_segment005,runtime_camera,24,1,24,0.4166666666666667,0.0,0.0014330468990172024,0.0014330468990172024,0.0014330468990172024,0.0
0.0,0.0,0.05,session_20260828_210132_segment006,runtime_camera,5,0,5,0.0,0.0,0.0,0.0,0.0,
0.0,0.0,0.05,session_20260828_210132_segment007,runtime_camera,10,1,10,0.0,0.0,0.0,0.0,0.0,
0.0,0.0,0.05,session_20260828_210132_segment008,runtime_camera,15,1,15,0.13333333333333333,0.0,0.09575234685808097,0.09575234685808097,0.09575234685808097,0.0
0.0,0.0,0.05,session_20260828_210132_segment009,runtime_camera,2,0,2,0.0,0.0,0.0,0.0,0.0,
0.0,0.0,0.05,session_20260828_210132_segment010,runtime_camera,7,1,7,0.0,0.0,0.00033129746586958654,0.00033129746586958654,0.00033129746586958654,0.0
0.0,0.0,0.05,session_20260828_210132_segment011,runtime_camera,7,0,7,0.0,0.0,0.0,0.0,0.0,
0.0,0.0,0.05,session_20260828_210132_segment012,runtime_camera,8,0,8,0.0,0.0,0.0,0.0,0.0,
0.0,0.0,0.05,session_20260828_210132_segment013,runtime_camera,16,1,16,0.1875,0.0,0.0,0.0010564223816860868,0.00017703390002376854,
0.0,0.0,0.05,session_20260828_210132_segment014,runtime_camera,117,7,117,0.8888888888888888,0.0,0.06943649998513976,0.06941459259326424,0.0694148638718884,0.031159567743173338
0.0,0.0,0.05,session_20260828_210132_segment015,runtime_camera,18,0,18,0.2777777777777778,0.0,0.0,0.0,0.0,
0.0,0.0,0.05,session_20260828_210132_segment016,runtime_camera,11,0,11,0.0,0.0,0.0,0.0,0.0,
0.0,0.0,0.05,session_20260828_210132_segment017,runtime_camera,40,3,40,0.65,0.0,0.01828697785483746,0.017458478975128484,0.01751606573694135,4.215634338356143
0.0,0.0,0.05,session_20260828_210132_segment018,runtime_camera,50,3,50,0.74,0.0,0.05428569694324913,0.0397658520399299,0.04089141080703208,24.67369287018565
0.0,0.0,0.05,session_20260828_210132_segment019,runtime_camera,4,0,4,0.0,0.0,0.0,0.0,0.0,
0.0,0.0,0.05,session_20260828_210132_segment020,runtime_camera,54,2,54,0.7592592592592593,0.0,0.0008374407365439786,0.0020193931749813827,0.0013377047875649908,-59.73724816463362
0.0,0.0,0.05,session_20260828_210132_segment021,runtime_camera,46,0,46,0.717391304347826,0.0,0.0,0.0,0.0,
0.0,0.0,0.05,session_20260828_210132_segment022,runtime_camera,45,3,45,0.7111111111111111,0.0,0.03559104013375993,0.03582227216096617,0.03579067131175929,-0.5609029049139719
0.0,0.0,0.05,session_20260828_210132_segment023,runtime_camera,65,4,65,0.8,0.015384615384615385,0.047628323315900487,0.051995270447031526,0.04987315028402644,-4.713218546949202
0.0,0.0,0.05,session_20260828_210132_segment024,runtime_camera,120,5,120,0.8916666666666667,0.0,0.013429884980648208,0.005491884100980973,0.006012228650204876,55.232463577549645
0.0,5.0,0.0,session_20260828_210132_segment000,runtime_camera,2,0,2,0.0,0.0,0.0,0.0,0.0,
0.0,5.0,0.0,session_20260828_210132_segment001,runtime_camera,5,0,5,0.0,0.0,0.06261020636002289,0.06261020636002289,0.06261020636002289,0.0
0.0,5.0,0.0,session_20260828_210132_segment002,runtime_camera,19,0,19,0.21052631578947367,0.0,0.07437625073826135,0.07438904121366706,0.07437808531287786,-0.002466613466399837
0.0,5.0,0.0,session_20260828_210132_segment003,runtime_camera,13,0,13,0.0,0.0,0.10369666628992558,0.10369666628992558,0.10369666628992558,0.0
0.0,5.0,0.0,session_20260828_210132_segment004,runtime_camera,7,0,7,0.0,0.0,0.1169157629309354,0.1169157629309354,0.1169157629309354,0.0
0.0,5.0,0.0,session_20260828_210132_segment005,runtime_camera,24,0,23,0.391304347826087,0.0,0.07499529379656887,0.06394047026649402,0.06536799955612448,12.837197846786562
0.0,5.0,0.0,session_20260828_210132_segment006,runtime_camera,5,0,4,0.0,0.0,0.0,0.0,0.0,
0.0,5.0,0.0,session_20260828_210132_segment007,runtime_camera,10,0,9,0.0,0.0,0.2012103710087571,0.2012103710087571,0.2012103710087571,0.0
0.0,5.0,0.0,session_20260828_210132_segment008,runtime_camera,15,0,14,0.14285714285714285,0.0,0.1036733959740016,0.1036733959740016,0.1036733959740016,0.0
0.0,5.0,0.0,session_20260828_210132_segment009,runtime_camera,2,0,2,0.0,0.0,0.026794371300383472,0.026794371300383472,0.026794371300383472,0.0
0.0,5.0,0.0,session_20260828_210132_segment010,runtime_camera,7,0,6,0.0,0.0,0.00855205091966499,0.00855205091966499,0.00855205091966499,0.0
0.0,5.0,0.0,session_20260828_210132_segment011,runtime_camera,7,0,6,0.0,0.0,0.0,0.0,0.0,
0.0,5.0,0.0,session_20260828_210132_segment012,runtime_camera,8,0,8,0.0,0.0,0.005209062790997238,0.005209062790997238,0.005209062790997238,0.0
0.0,5.0,0.0,session_20260828_210132_segment013,runtime_camera,16,0,15,0.13333333333333333,0.0,0.08145393482023679,0.08146431775991671,0.08145433738974084,-0.0004942296586899585
0.0,5.0,0.0,session_20260828_210132_segment014,runtime_camera,117,0,117,0.8888888888888888,0.0,0.11425360013759585,0.10727979485726329,0.10773282877910818,5.707278677113619
0.0,5.0,0.0,session_20260828_210132_segment015,runtime_camera,18,0,17,0.29411764705882354,0.0,0.11038819246545437,0.10946635747487268,0.1101418731215243,0.22313921301605213
0.0,5.0,0.0,session_20260828_210132_segment016,runtime_camera,11,0,10,0.0,0.0,0.057053618077206165,0.057053618077206165,0.057053618077206165,0.0
0.0,5.0,0.0,session_20260828_210132_segment017,runtime_camera,40,0,40,0.65,0.0,0.06283553722929955,0.06402763126661494,0.06389248048629019,-1.6820788101701791
0.0,5.0,0.0,session_20260828_210132_segment018,runtime_camera,50,0,50,0.74,0.0,0.121660341042648,0.12047161627735353,0.1208730305628986,0.6471381495416118
0.0,5.0,0.0,session_20260828_210132_segment019,runtime_camera,4,0,3,0.0,0.0,0.0072763186960949815,0.0072763186960949815,0.0072763186960949815,0.0
0.0,5.0,0.0,session_20260828_210132_segment020,runtime_camera,54,0,53,0.7735849056603774,0.0,0.07623600382656473,0.07543413552884767,0.07560586113295398,0.8265683692501951
0.0,5.0,0.0,session_20260828_210132_segment021,runtime_camera,46,0,45,0.7111111111111111,0.0,0.0899594229120177,0.0910051150297696,0.09081179939001258,-0.947512167600858
0.0,5.0,0.0,session_20260828_210132_segment022,runtime_camera,45,0,44,0.7045454545454546,0.0,0.09339601422284384,0.09329690489815919,0.09357634239055454,-0.19307908288295375
0.0,5.0,0.0,session_20260828_210132_segment023,runtime_camera,65,0,65,0.8,0.0,0.05557984978306874,0.054589258608443464,0.0549133609322539,1.1991555454291172
0.0,5.0,0.0,session_20260828_210132_segment024,runtime_camera,120,0,120,0.8833333333333333,0.0,0.10271065518424159,0.10088351478201314,0.10066166930123424,1.9949107318339034
0.0,5.0,0.01,session_20260828_210132_segment000,runtime_camera,2,0,2,0.0,0.0,0.23360747379549546,0.23360747379549546,0.23360747379549546,0.0
0.0,5.0,0.01,session_20260828_210132_segment001,runtime_camera,5,0,4,0.0,0.0,0.058065172118258374,0.058065172118258374,0.058065172118258374,0.0
0.0,5.0,0.01,session_20260828_210132_segment002,runtime_camera,19,0,19,0.2631578947368421,0.0,0.013030201320212209,0.013015750019041072,0.013005649790462766,0.18842018742534297
0.0,5.0,0.01,session_20260828_210132_segment003,runtime_camera,13,0,13,0.0,0.0,0.019065100198008764,0.019065100198008764,0.019065100198008764,0.0
0.0,5.0,0.01,session_20260828_210132_segment004,runtime_camera,7,0,6,0.0,0.0,0.09607424280897739,0.09607424280897739,0.09607424280897739,0.0
0.0,5.0,0.01,session_20260828_210132_segment005,runtime_camera,24,0,23,0.43478260869565216,0.0,0.09819472255050422,0.09329801493065831,0.09397728436692526,4.294974387661025
0.0,5.0,0.01,session_20260828_210132_segment006,runtime_camera,5,0,5,0.0,0.0,0.0,0.0,0.0,
0.0,5.0,0.01,session_20260828_210132_segment007,runtime_camera,10,0,9,0.0,0.0,0.11760830922796582,0.11760830922796582,0.11760830922796582,0.0
0.0,5.0,0.01,session_20260828_210132_segment008,runtime_camera,15,0,14,0.07142857142857142,0.0,0.2103242527909626,0.21025450985506736,0.21030996058664186,0.006795319194563286
0.0,5.0,0.01,session_20260828_210132_segment009,runtime_camera,2,0,1,0.0,0.0,0.03789296328826273,0.03789296328826273,0.03789296328826273,0.0
0.0,5.0,0.01,session_20260828_210132_segment010,runtime_camera,7,0,6,0.0,0.0,0.009266663035755471,0.009266663035755471,0.009266663035755471,0.0
0.0,5.0,0.01,session_20260828_210132_segment011,runtime_camera,7,0,6,0.0,0.0,0.0,0.0,0.0,
0.0,5.0,0.01,session_20260828_210132_segment012,runtime_camera,8,0,7,0.0,0.0,0.003044512926415413,0.003044512926415413,0.003044512926415413,0.0
0.0,5.0,0.01,session_20260828_210132_segment013,runtime_camera,16,1,16,0.125,0.0,0.17362344820098294,0.17362801505644004,0.17362362525944694,-0.00010197842851073454
0.0,5.0,0.01,session_20260828_210132_segment014,runtime_camera,117,2,117,0.8803418803418803,0.008547008547008548,0.15953747110022576,0.15364383306749538,0.15387674879918656,3.548208619580651
0.0,5.0,0.01,session_20260828_210132_segment015,runtime_camera,18,0,18,0.2777777777777778,0.0,0.0846461339608007,0.06448343239347785,0.06531947357968056,22.832301342988973
0.0,5.0,0.01,session_20260828_210132_segment016,runtime_camera,11,0,11,0.0,0.0,0.1646231015932704,0.1646231015932704,0.1646231015932704,0.0
0.0,5.0,0.01,session_20260828_210132_segment017,runtime_camera,40,0,39,0.6923076923076923,0.0,0.019606274934449976,0.027325160240535735,0.026354365020560738,-34.41801213474655
0.0,5.0,0.01,session_20260828_210132_segment018,runtime_camera,50,0,49,0.7346938775510204,0.0,0.12322264732877132,0.11487650284734696,0.1150644586855709,6.620689313250585
0.0,5.0,0.01,session_20260828_210132_segment019,runtime_camera,4,0,3,0.0,0.0,0.18961839309235046,0.18961839309235046,0.18961839309235046,0.0
0.0,5.0,0.01,session_20260828_210132_segment020,runtime_camera,54,1,54,0.7407407407407407,0.0,0.028384583449608466,0.031058722634123244,0.030845766725486046,-8.670845144678454
0.0,5.0,0.01,session_20260828_210132_segment021,runtime_camera,46,0,46,0.717391304347826,0.0,0.10433112434829134,0.1034340396557023,0.1035975475386361,0.7031236500493493
0.0,5.0,0.01,session_20260828_210132_segment022,runtime_camera,45,0,45,0.6888888888888889,0.0,0.08833417151462243,0.08820799526677757,0.08839227337083927,-0.06577506215385795
0.0,5.0,0.01,session_20260828_210132_segment023,runtime_camera,65,1,64,0.8125,0.015625,0.08447823444416336,0.08110524397157828,0.08018761636029936,5.078962779104856
0.0,5.0,0.01,session_20260828_210132_segment024,runtime_camera,120,1,120,0.8916666666666667,0.008333333333333333,0.08349262685287337,0.08426717197512162,0.08393744521258509,-0.5327636421064528
0.0,5.0,0.05,session_20260828_210132_segment000,runtime_camera,2,0,2,0.0,0.0,0.0,0.0,0.0,
0.0,5.0,0.05,session_20260828_210132_segment001,runtime_camera,5,0,5,0.0,0.0,0.02531835472526777,0.02531835472526777,0.02531835472526777,0.0
0.0,5.0,0.05,session_20260828_210132_segment002,runtime_camera,19,0,19,0.21052631578947367,0.0,0.07343915023558323,0.0734479975657118,0.07343755578651566,0.0021711158999711514
0.0,5.0,0.05,session_20260828_210132_segment003,runtime_camera,13,0,12,0.0,0.0,0.10971413194070292,0.10971413194070292,0.10971413194070292,0.0
0.0,5.0,0.05,session_20260828_210132_segment004,runtime_camera,7,1,6,0.0,0.0,0.1261012781036042,0.1261012781036042,0.1261012781036042,0.0
0.0,5.0,0.05,session_20260828_210132_segment005,runtime_camera,24,2,23,0.391304347826087,0.0,0.11202770312484102,0.1046697055407973,0.10576795382425462,5.587679766682962
0.0,5.0,0.05,session_20260828_210132_segment006,runtime_camera,5,0,4,0.0,0.0,0.0,0.0,0.0,
0.0,5.0,0.05,session_20260828_210132_segment007,runtime_camera,10,0,10,0.0,0.0,0.15496026664174495,0.15496026664174495,0.15496026664174495,0.0
0.0,5.0,0.05,session_20260828_210132_segment008,runtime_camera,15,1,15,0.13333333333333333,0.0,0.1390864933768223,0.1390864933768223,0.1390864933768223,0.0
0.0,5.0,0.05,session_20260828_210132_segment009,runtime_camera,2,0,2,0.0,0.0,0.026794371300383472,0.026794371300383472,0.026794371300383472,0.0
0.0,5.0,0.05,session_20260828_210132_segment010,runtime_camera,7,0,6,0.0,0.0,0.14166234873202643,0.14166234873202643,0.14166234873202643,0.0
0.0,5.0,0.05,session_20260828_210132_segment011,runtime_camera,7,0,7,0.0,0.0,0.0,0.0,0.0,
0.0,5.0,0.05,session_20260828_210132_segment012,runtime_camera,8,0,7,0.0,0.0,0.2939027016127415,0.2939027016127415,0.2939027016127415,0.0
0.0,5.0,0.05,session_20260828_210132_segment013,runtime_camera,16,0,15,0.13333333333333333,0.0,0.09449472706483834,0.09450102577850705,0.09449490395497616,-0.0001871957762191473
0.0,5.0,0.05,session_20260828_210132_segment014,runtime_camera,117,8,116,0.896551724137931,0.034482758620689655,0.15331329358185813,0.1506915233580556,0.15081494666614875,1.6295696591864335
0.0,5.0,0.05,session_20260828_210132_segment015,runtime_camera,18,1,17,0.23529411764705882,0.058823529411764705,0.14171977463049878,0.12894072238907894,0.13018469636646904,8.139356906334893
0.0,5.0,0.05,session_20260828_210132_segment016,runtime_camera,11,1,10,0.0,0.0,0.056919028241551,0.056919028241551,0.056919028241551,0.0
0.0,5.0,0.05,session_20260828_210132_segment017,runtime_camera,40,2,40,0.675,0.025,0.0772660177423351,0.07872828738064126,0.0786527033364779,-1.7946901298408953
0.0,5.0,0.05,session_20260828_210132_segment018,runtime_camera,50,1,49,0.7551020408163265,0.02040816326530612,0.11072856883701238,0.10001423977687444,0.10081959706000368,8.948884539087894
0.0,5.0,0.05,session_20260828_210132_segment019,runtime_camera,4,0,4,0.0,0.0,0.03199593035752687,0.03199593035752687,0.03199593035752687,0.0
0.0,5.0,0.05,session_20260828_210132_segment020,runtime_camera,54,5,53,0.7735849056603774,0.05660377358490566,0.09531208739371466,0.09461177643410451,0.094711582545848,0.6300406006072506
0.0,5.0,0.05,session_20260828_210132_segment021,runtime_camera,46,3,46,0.6956521739130435,0.0,0.0944363727261042,0.09348501388214095,0.09365100358245712,0.8316384047541694
0.0,5.0,0.05,session_20260828_210132_segment022,runtime_camera,45,1,45,0.7111111111111111,0.0,0.09711756067146274,0.09988250590685611,0.09940219637251178,-2.352443456418452
0.0,5.0,0.05,session_20260828_210132_segment023,runtime_camera,65,4,64,0.8125,0.015625,0.06611006099778717,0.0685759725787403,0.06700149669119612,-1.3484115427435308
0.0,5.0,0.05,session_20260828_210132_segment024,runtime_camera,120,5,120,0.8916666666666667,0.025,0.08102985462098125,0.08145759284617388,0.08066907166200293,0.44524695331848585
0.0,10.0,0.0,session_20260828_210132_segment000,runtime_camera,2,0,1,0.0,0.0,0.0,0.0,0.0,
0.0,10.0,0.0,session_20260828_210132_segment001,runtime_camera,5,0,4,0.0,0.0,0.0907779556536917,0.0907779556536917,0.0907779556536917,0.0
0.0,10.0,0.0,session_20260828_210132_segment002,runtime_camera,19,0,18,0.2777777777777778,0.0,0.0769567595153513,0.07696546482795145,0.07695495564513817,0.002344004898975112
0.0,10.0,0.0,session_20260828_210132_segment003,runtime_camera,13,0,12,0.0,0.0,0.05264765844000835,0.05264765844000835,0.05264765844000835,0.0
0.0,10.0,0.0,session_20260828_210132_segment004,runtime_camera,7,0,7,0.0,0.0,0.08957537996268095,0.08957537996268095,0.08957537996268095,0.0
0.0,10.0,0.0,session_20260828_210132_segment005,runtime_camera,24,0,23,0.391304347826087,0.0,0.07509451707436025,0.06405525473722624,0.06548172205760437,12.800927938902756
0.0,10.0,0.0,session_20260828_210132_segment006,runtime_camera,5,0,5,0.0,0.0,0.0,0.0,0.0,
0.0,10.0,0.0,session_20260828_210132_segment007,runtime_camera,10,0,10,0.0,0.0,0.15491194509786246,0.15491194509786246,0.15491194509786246,0.0
0.0,10.0,0.0,session_20260828_210132_segment008,runtime_camera,15,0,14,0.07142857142857142,0.0,0.1439681982735653,0.1439681982735653,0.1439681982735653,0.0
0.0,10.0,0.0,session_20260828_210132_segment009,runtime_camera,2,0,2,0.0,0.0,0.0,0.0,0.0,
0.0,10.0,0.0,session_20260828_210132_segment010,runtime_camera,7,0,7,0.0,0.0,0.002503461419455032,0.002503461419455032,0.002503461419455032,0.0
0.0,10.0,0.0,session_20260828_210132_segment011,runtime_camera,7,0,6,0.0,0.0,0.0,0.0,0.0,
0.0,10.0,0.0,session_20260828_210132_segment012,runtime_camera,8,0,8,0.0,0.0,0.0052093112038184355,0.0052093112038184355,0.0052093112038184355,0.0
0.0,10.0,0.0,session_20260828_210132_segment013,runtime_camera,16,0,16,0.125,0.0,0.11847368869231083,0.11848038132789135,0.11847394817172267,-0.00021901859789299306
0.0,10.0,0.0,session_20260828_210132_segment014,runtime_camera,117,0,117,0.8888888888888888,0.0,0.14340404687002162,0.13840425968561268,0.13838977163736021,3.4966065059560245
0.0,10.0,0.0,session_20260828_210132_segment015,runtime_camera,18,0,18,0.2222222222222222,0.0,0.10770074989186233,0.10681244106082806,0.10746403646935215,0.2197880913065627
0.0,10.0,0.0,session_20260828_210132_segment016,runtime_camera,11,0,11,0.0,0.0,0.005729424121565985,0.005729424121565985,0.005729424121565985,0.0
0.0,10.0,0.0,session_20260828_210132_segment017,runtime_camera,40,0,39,0.6923076923076923,0.0,0.07856300222402086,0.0828436864746163,0.08261313081086208,-5.155261983614567
0.0,10.0,0.0,session_20260828_210132_segment018,runtime_camera,50,0,49,0.7346938775510204,0.0,0.12235742101083533,0.11917496634590878,0.11959979690470032,2.2537448757528185
0.0,10.0,0.0,session_20260828_210132_segment019,runtime_camera,4,0,3,0.0,0.0,0.0,0.0,0.0,
0.0,10.0,0.0,session_20260828_210132_segment020,runtime_camera,54,0,53,0.7735849056603774,0.0,0.07096305658352774,0.0708217387573329,0.07081997780249179,0.20162432105434583
0.0,10.0,0.0,session_20260828_210132_segment021,runtime_camera,46,0,46,0.717391304347826,0.0,0.09096432943491498,0.08901243378437212,0.0893686501829077,1.7541812949316447
0.0,10.0,0.0,session_20260828_210132_segment022,runtime_camera,45,0,45,0.6888888888888889,0.0,0.0840766729687784,0.08654349220540472,0.08592600624113828,-2.1995795112475767
0.0,10.0,0.0,session_20260828_210132_segment023,runtime_camera,65,0,64,0.8125,0.0,0.09990397498872372,0.09892419365888803,0.09697769753398787,2.929090113847966
0.0,10.0,0.0,session_20260828_210132_segment024,runtime_camera,120,0,119,0.8907563025210085,0.0,0.07428656675075822,0.07540704935132192,0.07482601009456595,-0.7261653989443885
0.0,10.0,0.01,session_20260828_210132_segment000,runtime_camera,2,0,2,0.0,0.0,0.23360747379549546,0.23360747379549546,0.23360747379549546,0.0
0.0,10.0,0.01,session_20260828_210132_segment001,runtime_camera,5,0,5,0.0,0.0,0.062412005380635856,0.062412005380635856,0.062412005380635856,0.0
0.0,10.0,0.01,session_20260828_210132_segment002,runtime_camera,19,0,18,0.2777777777777778,0.0,0.0770279061423256,0.0770235663742483,0.07702423401644935,0.004767266903847882
0.0,10.0,0.01,session_20260828_210132_segment003,runtime_camera,13,0,12,0.0,0.0,0.1505444171496577,0.1505444171496577,0.1505444171496577,0.0
0.0,10.0,0.01,session_20260828_210132_segment004,runtime_camera,7,0,7,0.0,0.0,0.1352407581574985,0.1352407581574985,0.1352407581574985,0.0
0.0,10.0,0.01,session_20260828_210132_segment005,runtime_camera,24,0,24,0.375,0.0,0.0857625059635483,0.08201091403832139,0.08261551749752756,3.66942223838271
0.0,10.0,0.01,session_20260828_210132_segment006,runtime_camera,5,0,4,0.0,0.0,0.0,0.0,0.0,
0.0,10.0,0.01,session_20260828_210132_segment007,runtime_camera,10,0,9,0.0,0.0,0.2012103710087571,0.2012103710087571,0.2012103710087571,0.0
0.0,10.0,0.01,session_20260828_210132_segment008,runtime_camera,15,0,15,0.06666666666666667,0.0,0.2031925324036416,0.20312515432634545,0.20317872482248533,0.006795319194525236
0.0,10.0,0.01,session_20260828_210132_segment009,runtime_camera,2,0,1,0.0,0.0,0.0,0.0,0.0,
0.0,10.0,0.01,session_20260828_210132_segment010,runtime_camera,7,0,7,0.0,0.0,0.13132722223412865,0.13132722223412865,0.13132722223412865,0.0
0.0,10.0,0.01,session_20260828_210132_segment011,runtime_camera,7,0,7,0.0,0.0,0.0,0.0,0.0,
0.0,10.0,0.01,session_20260828_210132_segment012,runtime_camera,8,0,8,0.0,0.0,0.0052117809397675356,0.0052117809397675356,0.0052117809397675356,0.0
0.0,10.0,0.01,session_20260828_210132_segment013,runtime_camera,16,1,16,0.1875,0.0,6.993858364408069e-05,0.001261244879255724,0.00025763237167520807,-268.3694439485736
0.0,10.0,0.01,session_20260828_210132_segment014,runtime_camera,117,2,117,0.8888888888888888,0.017094017094017096,0.12926712117302783,0.1260235486517738,0.12636250594502602,2.24698686072996
0.0,10.0,0.01,session_20260828_210132_segment015,runtime_camera,18,0,18,0.2777777777777778,0.0,0.004412308479355361,0.00431418986661749,0.00437011000100575,0.9563809635489545
0.0,10.0,0.01,session_20260828_210132_segment016,runtime_camera,11,0,11,0.0,0.0,0.15555978983552807,0.15555978983552807,0.15555978983552807,0.0
0.0,10.0,0.01,session_20260828_210132_segment017,runtime_camera,40,0,39,0.6666666666666666,0.0,0.09956908815927065,0.1035348449479007,0.10313340809138014,-3.5797454792475345
0.0,10.0,0.01,session_20260828_210132_segment018,runtime_camera,50,0,50,0.74,0.0,0.1280966211709981,0.12278751637769007,0.12302403738382316,3.95996689124491
0.0,10.0,0.01,session_20260828_210132_segment019,runtime_camera,4,0,3,0.0,0.0,0.036222110174465784,0.036222110174465784,0.036222110174465784,0.0
0.0,10.0,0.01,session_20260828_210132_segment020,runtime_camera,54,1,53,0.7735849056603774,0.0,0.10799860799673003,0.10660321863590266,0.10684624577468307,1.0670158101314096
0.0,10.0,0.01,session_20260828_210132_segment021,runtime_camera,46,2,46,0.6956521739130435,0.043478260869565216,0.09136533844241045,0.09056961452375836,0.09073532372732744,0.689555498642537
0.0,10.0,0.01,session_20260828_210132_segment022,runtime_camera,45,0,45,0.6888888888888889,0.0,0.08115005790609024,0.08292044873955103,0.08289080440701195,-2.1450958210481654
0.0,10.0,0.01,session_20260828_210132_segment023,runtime_camera,65,0,65,0.8,0.0,0.08341274190176644,0.08714655443824729,0.08480116858538138,-1.6645258889224186
0.0,10.0,0.01,session_20260828_210132_segment024,runtime_camera,120,0,119,0.8907563025210085,0.0,0.10219440129701103,0.09787594427932565,0.09777914768089668,4.320445699644687
0.0,10.0,0.05,session_20260828_210132_segment000,runtime_camera,2,0,2,0.0,0.0,0.0,0.0,0.0,
0.0,10.0,0.05,session_20260828_210132_segment001,runtime_camera,5,0,5,0.0,0.0,0.02531835472526777,0.02531835472526777,0.02531835472526777,0.0
0.0,10.0,0.05,session_20260828_210132_segment002,runtime_camera,19,1,18,0.2777777777777778,0.0,0.0766343023202755,0.07665894498721774,0.0766389710823506,-0.0060922614726559255
0.0,10.0,0.05,session_20260828_210132_segment003,runtime_camera,13,3,13,0.0,0.0,0.16073132480024965,0.16073132480024965,0.16073132480024965,0.0
0.0,10.0,0.05,session_20260828_210132_segment004,runtime_camera,7,1,6,0.0,0.0,0.1402366042614969,0.1402366042614969,0.1402366042614969,0.0
0.0,10.0,0.05,session_20260828_210132_segment005,runtime_camera,24,0,24,0.375,0.0,0.0528010128847112,0.04645507233275262,0.04751881113238063,10.00397807493587
0.0,10.0,0.05,session_20260828_210132_segment006,runtime_camera,5,0,4,0.0,0.0,0.0,0.0,0.0,
0.0,10.0,0.05,session_20260828_210132_segment007,runtime_camera,10,2,9,0.0,0.0,0.0031975046146063032,0.0031975046146063032,0.0031975046146063032,0.0
0.0,10.0,0.05,session_20260828_210132_segment008,runtime_camera,15,0,14,0.07142857142857142,0.0,0.15759311680450444,0.15750002560785845,0.157574041878846,0.012103907864268716
0.0,10.0,0.05,session_20260828_210132_segment009,runtime_camera,2,0,2,0.0,0.0,0.0,0.0,0.0,
0.0,10.0,0.05,session_20260828_210132_segment010,runtime_camera,7,0,7,0.0,0.0,0.008937080008797027,0.008937080008797027,0.008937080008797027,0.0
0.0,10.0,0.05,session_20260828_210132_segment011,runtime_camera,7,0,6,0.0,0.0,0.0,0.0,0.0,
0.0,10.0,0.05,session_20260828_210132_segment012,runtime_camera,8,2,7,0.0,0.0,0.4175177422402544,0.4175177422402544,0.4175177422402544,0.0
0.0,10.0,0.05,session_20260828_210132_segment013,runtime_camera,16,1,15,0.2,0.0,0.07991112334663558,0.07991112334663558,0.07991112334663558,0.0
0.0,10.0,0.05,session_20260828_210132_segment014,runtime_camera,117,7,117,0.8888888888888888,0.017094017094017096,0.11467469947034123,0.1124922582550229,0.11270159249001803,1.7206122967285493
0.0,10.0,0.05,session_20260828_210132_segment015,runtime_camera,18,0,18,0.2222222222222222,0.0,0.004118827417988312,0.0040135405052654045,0.004073589891369959,1.0983108061480211
0.0,10.0,0.05,session_20260828_210132_segment016,runtime_camera,11,0,10,0.0,0.0,0.03080593365922809,0.03080593365922809,0.03080593365922809,0.0
0.0,10.0,0.05,session_20260828_210132_segment017,runtime_camera,40,2,39,0.6666666666666666,0.0,0.07024769412253185,0.07667465271750802,0.07608681316228218,-8.312186062029674
0.0,10.0,0.05,session_20260828_210132_segment018,runtime_camera,50,1,50,0.72,0.0,0.09825269899855876,0.09260553001201062,0.09260672484234428,5.746380724154258
0.0,10.0,0.05,session_20260828_210132_segment019,runtime_camera,4,0,3,0.0,0.0,0.18612655300476072,0.18612655300476072,0.18612655300476072,0.0
0.0,10.0,0.05,session_20260828_210132_segment020,runtime_camera,54,5,54,0.7407407407407407,0.037037037037037035,0.07606415519555797,0.07538263851693006,0.07556767336519318,0.652714579013398
0.0,10.0,0.05,session_20260828_210132_segment021,runtime_camera,46,4,46,0.6956521739130435,0.0,0.08259827712119058,0.08084108952862747,0.08149170593102743,1.3397025080069849
0.0,10.0,0.05,session_20260828_210132_segment022,runtime_camera,45,3,45,0.7111111111111111,0.044444444444444446,0.09241347825797477,0.09631071753753523,0.09597796076990492,-3.857102426098273
0.0,10.0,0.05,session_20260828_210132_segment023,runtime_camera,65,5,63,0.8253968253968254,0.031746031746031744,0.052600676542211705,0.055723664026368594,0.05397773515226276,-2.6179484762823746
0.0,10.0,0.05,session_20260828_210132_segment024,runtime_camera,120,6,119,0.8907563025210085,0.008403361344537815,0.0795694981985531,0.07699843337601009,0.07664042542388541,3.681150240961251
20.0,0.0,0.0,session_20260828_210132_segment000,runtime_camera,2,0,1,0.0,0.0,0.3303708577133071,0.3303708577133071,0.3303708577133071,0.0
20.0,0.0,0.0,session_20260828_210132_segment001,runtime_camera,5,0,4,0.0,0.0,0.0907779556536917,0.0907779556536917,0.0907779556536917,0.0
20.0,0.0,0.0,session_20260828_210132_segment002,runtime_camera,19,0,18,0.2222222222222222,0.0,0.07758245828779642,0.07760249249059516,0.07758342433518575,-0.0012451879080061946
20.0,0.0,0.0,session_20260828_210132_segment003,runtime_camera,13,0,12,0.0,0.0,0.15054955598512265,0.15054955598512265,0.15054955598512265,0.0
20.0,0.0,0.0,session_20260828_210132_segment004,runtime_camera,7,0,6,0.0,0.0,0.15253025964762604,0.15253025964762604,0.15253025964762604,0.0
20.0,0.0,0.0,session_20260828_210132_segment005,runtime_camera,24,0,23,0.391304347826087,0.0,0.12307259264994656,0.11174604156930529,0.11347507934708224,7.798253937952193
20.0,0.0,0.0,session_20260828_210132_segment006,runtime_camera,5,0,4,0.0,0.0,0.0,0.0,0.0,
20.0,0.0,0.0,session_20260828_210132_segment007,runtime_camera,10,0,9,0.0,0.0,0.20123577573891308,0.20123577573891308,0.20123577573891308,0.0
20.0,0.0,0.0,session_20260828_210132_segment008,runtime_camera,15,0,14,0.07142857142857142,0.0,0.21069303442543802,0.21062341360284875,0.21067876723883908,0.0067715511515839865
20.0,0.0,0.0,session_20260828_210132_segment009,runtime_camera,2,0,1,0.0,0.0,0.03789296328826273,0.03789296328826273,0.03789296328826273,0.0
20.0,0.0,0.0,session_20260828_210132_segment010,runtime_camera,7,0,6,0.0,0.0,0.14192025310135487,0.14192025310135487,0.14192025310135487,0.0
20.0,0.0,0.0,session_20260828_210132_segment011,runtime_camera,7,0,6,0.0,0.0,0.0,0.0,0.0,
20.0,0.0,0.0,session_20260828_210132_segment012,runtime_camera,8,0,7,0.0,0.0,0.2939184749655413,0.2939184749655413,0.2939184749655413,0.0
20.0,0.0,0.0,session_20260828_210132_segment013,runtime_camera,16,0,15,0.13333333333333333,0.0,0.13328275275785445,0.13329356392276567,0.13328312419438398,-0.0002786831167934922
20.0,0.0,0.0,session_20260828_210132_segment014,runtime_camera,117,0,116,0.8879310344827587,0.0,0.18359442991524727,0.17751033565185548,0.17772313213020824,3.197971631137938
20.0,0.0,0.0,session_20260828_210132_segment015,runtime_camera,18,0,17,0.23529411764705882,0.0,0.14092867717459215,0.1283636252835385,0.12938220105416212,8.193134535794625
20.0,0.0,0.0,session_20260828_210132_segment016,runtime_camera,11,0,10,0.0,0.0,0.17548776770893484,0.17548776770893484,0.17548776770893484,0.0
20.0,0.0,0.0,session_20260828_210132_segment017,runtime_camera,40,0,39,0.6666666666666666,0.0,0.1078467248385222,0.11050649098178958,0.11020543121158291,-2.1870913341062295
20.0,0.0,0.0,session_20260828_210132_segment018,runtime_camera,50,0,49,0.7346938775510204,0.0,0.15803336716919428,0.15358495553561202,0.1537652410865336,2.7007752597532835
20.0,0.0,0.0,session_20260828_210132_segment019,runtime_camera,4,0,3,0.0,0.0,0.18961839309235046,0.18961839309235046,0.18961839309235046,0.0
20.0,0.0,0.0,session_20260828_210132_segment020,runtime_camera,54,0,53,0.7547169811320755,0.0,0.11180790739742016,0.11075778921265945,0.11093086053878548,0.784422925936024
20.0,0.0,0.0,session_20260828_210132_segment021,runtime_camera,46,0,45,0.7111111111111111,0.0,0.12174051375459646,0.1208974376919162,0.12110522210334047,0.5218407838631316
20.0,0.0,0.0,session_20260828_210132_segment022,runtime_camera,45,0,44,0.7045454545454546,0.0,0.10793083929456562,0.11028481391365887,0.10992964273285318,-1.8519298574454737
20.0,0.0,0.0,session_20260828_210132_segment023,runtime_camera,65,0,64,0.796875,0.0,0.11437738918986066,0.11298685867990978,0.11137629733722502,2.62385063507087
20.0,0.0,0.0,session_20260828_210132_segment024,runtime_camera,120,0,119,0.8907563025210085,0.0,0.12282773099875575,0.12036905954116242,0.1199321752790596,2.357412040547659
20.0,0.0,0.01,session_20260828_210132_segment000,runtime_camera,2,0,1,0.0,0.0,0.3303708577133071,0.3303708577133071,0.3303708577133071,0.0
20.0,0.0,0.01,session_20260828_210132_segment001,runtime_camera,5,0,4,0.0,0.0,0.0907779556536917,0.0907779556536917,0.0907779556536917,0.0
20.0,0.0,0.01,session_20260828_210132_segment002,runtime_camera,19,0,18,0.2222222222222222,0.0,0.07758245828779642,0.07760249249059516,0.07758342433518575,-0.0012451879080061946
20.0,0.0,0.01,session_20260828_210132_segment003,runtime_camera,13,0,12,0.0,0.0,0.15054955598512265,0.15054955598512265,0.15054955598512265,0.0
20.0,0.0,0.01,session_20260828_210132_segment004,runtime_camera,7,0,6,0.0,0.0,0.15253025964762604,0.15253025964762604,0.15253025964762604,0.0
20.0,0.0,0.01,session_20260828_210132_segment005,runtime_camera,24,0,23,0.391304347826087,0.0,0.12307259264994656,0.11174604156930529,0.11347507934708224,7.798253937952193
20.0,0.0,0.01,session_20260828_210132_segment006,runtime_camera,5,0,4,0.0,0.0,0.0,0.0,0.0,
20.0,0.0,0.01,session_20260828_210132_segment007,runtime_camera,10,0,9,0.0,0.0,0.20123577573891308,0.20123577573891308,0.20123577573891308,0.0
20.0,0.0,0.01,session_20260828_210132_segment008,runtime_camera,15,0,14,0.07142857142857142,0.0,0.21069303442543802,0.21062341360284875,0.21067876723883908,0.0067715511515839865
20.0,0.0,0.01,session_20260828_210132_segment009,runtime_camera,2,1,0,,,,,,
20.0,0.0,0.01,session_20260828_210132_segment010,runtime_camera,7,0,6,0.0,0.0,0.14192025310135487,0.14192025310135487,0.14192025310135487,0.0
20.0,0.0,0.01,session_20260828_210132_segment011,runtime_camera,7,0,6,0.0,0.0,0.0,0.0,0.0,
20.0,0.0,0.01,session_20260828_210132_segment012,runtime_camera,8,0,7,0.0,0.0,0.2939184749655413,0.2939184749655413,0.2939184749655413,0.0
20.0,0.0,0.01,session_20260828_210132_segment013,runtime_camera,16,0,15,0.13333333333333333,0.0,0.13328275275785445,0.13329356392276567,0.13328312419438398,-0.0002786831167934922
20.0,0.0,0.01,session_20260828_210132_segment014,runtime_camera,117,2,116,0.8879310344827587,0.008620689655172414,0.18376570594582084,0.17761914984947558,0.17783756316971758,3.225924415870631
20.0,0.0,0.01,session_20260828_210132_segment015,runtime_camera,18,0,17,0.23529411764705882,0.0,0.14092867717459215,0.1283636252835385,0.12938220105416212,8.193134535794625
20.0,0.0,0.01,session_20260828_210132_segment016,runtime_camera,11,0,10,0.0,0.0,0.17548776770893484,0.17548776770893484,0.17548776770893484,0.0
20.0,0.0,0.01,session_20260828_210132_segment017,runtime_camera,40,1,39,0.6666666666666666,0.0,0.10784688076295704,0.110506643153305,0.11020558379880072,-2.187085077618527
20.0,0.0,0.01,session_20260828_210132_segment018,runtime_camera,50,0,49,0.7346938775510204,0.0,0.15803336716919428,0.15358495553561202,0.1537652410865336,2.7007752597532835
20.0,0.0,0.01,session_20260828_210132_segment019,runtime_camera,4,0,3,0.0,0.0,0.18961839309235046,0.18961839309235046,0.18961839309235046,0.0
20.0,0.0,0.01,session_20260828_210132_segment020,runtime_camera,54,1,53,0.7547169811320755,0.018867924528301886,0.11180791912412341,0.1107615853024054,0.1109311227294522,0.7841988309413371
20.0,0.0,0.01,session_20260828_210132_segment021,runtime_camera,46,0,45,0.7111111111111111,0.0,0.12174051375459646,0.1208974376919162,0.12110522210334047,0.5218407838631316
20.0,0.0,0.01,session_20260828_210132_segment022,runtime_camera,45,0,44,0.7045454545454546,0.0,0.10793083929456562,0.11028481391365887,0.10992964273285318,-1.8519298574454737
20.0,0.0,0.01,session_20260828_210132_segment023,runtime_camera,65,2,64,0.796875,0.03125,0.12152001741154296,0.11961797777887301,0.11822177775187251,2.714153379768326
20.0,0.0,0.01,session_20260828_210132_segment024,runtime_camera,120,4,119,0.8907563025210085,0.025210084033613446,0.12308737374619515,0.12084229989454007,0.12042526525782841,2.162779501540078
20.0,0.0,0.05,session_20260828_210132_segment000,runtime_camera,2,0,1,0.0,0.0,0.3303708577133071,0.3303708577133071,0.3303708577133071,0.0
20.0,0.0,0.05,session_20260828_210132_segment001,runtime_camera,5,1,4,0.0,0.0,0.09214435034507296,0.09214435034507296,0.09214435034507296,0.0
20.0,0.0,0.05,session_20260828_210132_segment002,runtime_camera,19,0,18,0.2222222222222222,0.0,0.07758245828779642,0.07760249249059516,0.07758342433518575,-0.0012451879080061946
20.0,0.0,0.05,session_20260828_210132_segment003,runtime_camera,13,1,12,0.0,0.0,0.150550143037981,0.150550143037981,0.150550143037981,0.0
20.0,0.0,0.05,session_20260828_210132_segment004,runtime_camera,7,1,5,0.0,0.0,0.13840069497011318,0.13840069497011318,0.13840069497011318,0.0
20.0,0.0,0.05,session_20260828_210132_segment005,runtime_camera,24,1,23,0.391304347826087,0.043478260869565216,0.12307259264994656,0.11157833530904483,0.11343976635478052,7.826946753746009
20.0,0.0,0.05,session_20260828_210132_segment006,runtime_camera,5,0,4,0.0,0.0,0.0,0.0,0.0,
20.0,0.0,0.05,session_20260828_210132_segment007,runtime_camera,10,1,9,0.0,0.0,0.20126117726228906,0.20126117726228906,0.20126117726228906,0.0
20.0,0.0,0.05,session_20260828_210132_segment008,runtime_camera,15,0,14,0.07142857142857142,0.0,0.21069303442543802,0.21062341360284875,0.21067876723883908,0.0067715511515839865
20.0,0.0,0.05,session_20260828_210132_segment009,runtime_camera,2,0,1,0.0,0.0,0.03789296328826273,0.03789296328826273,0.03789296328826273,0.0
20.0,0.0,0.05,session_20260828_210132_segment010,runtime_camera,7,0,6,0.0,0.0,0.14192025310135487,0.14192025310135487,0.14192025310135487,0.0
20.0,0.0,0.05,session_20260828_210132_segment011,runtime_camera,7,0,6,0.0,0.0,0.0,0.0,0.0,
20.0,0.0,0.05,session_20260828_210132_segment012,runtime_camera,8,0,7,0.0,0.0,0.2939184749655413,0.2939184749655413,0.2939184749655413,0.0
20.0,0.0,0.05,session_20260828_210132_segment013,runtime_camera,16,0,15,0.13333333333333333,0.0,0.13328275275785445,0.13329356392276567,0.13328312419438398,-0.0002786831167934922
20.0,0.0,0.05,session_20260828_210132_segment014,runtime_camera,117,4,116,0.8879310344827587,0.034482758620689655,0.18360353278872307,0.17756909970196566,0.17778643476226688,3.168293081348311
20.0,0.0,0.05,session_20260828_210132_segment015,runtime_camera,18,2,17,0.23529411764705882,0.0,0.14121820939382934,0.12868143187791975,0.12969751178738412,8.15808220193212
20.0,0.0,0.05,session_20260828_210132_segment016,runtime_camera,11,0,10,0.0,0.0,0.17548776770893484,0.17548776770893484,0.17548776770893484,0.0
20.0,0.0,0.05,session_20260828_210132_segment017,runtime_camera,40,4,39,0.6410256410256411,0.07692307692307693,0.12261107068796748,0.12404716031279764,0.12405339896776477,-1.1763442499151369
20.0,0.0,0.05,session_20260828_210132_segment018,runtime_camera,50,4,49,0.7346938775510204,0.061224489795918366,0.1461347642056206,0.14271205874914614,0.14296268566516435,2.170652929643044
20.0,0.0,0.05,session_20260828_210132_segment019,runtime_camera,4,0,3,0.0,0.0,0.18961839309235046,0.18961839309235046,0.18961839309235046,0.0
20.0,0.0,0.05,session_20260828_210132_segment020,runtime_camera,54,0,53,0.7547169811320755,0.0,0.11180790739742016,0.11075778921265945,0.11093086053878548,0.784422925936024
20.0,0.0,0.05,session_20260828_210132_segment021,runtime_camera,46,3,45,0.7111111111111111,0.022222222222222223,0.1216143856593132,0.12130833221818552,0.12080373649385409,0.6665734165117956
20.0,0.0,0.05,session_20260828_210132_segment022,runtime_camera,45,2,44,0.7045454545454546,0.045454545454545456,0.11797766673875212,0.12165187558475749,0.12084417145234842,-2.4297011399147617
20.0,0.0,0.05,session_20260828_210132_segment023,runtime_camera,65,3,64,0.796875,0.03125,0.11481362387701419,0.11443363877283834,0.11285196825910887,1.7085564862986982
20.0,0.0,0.05,session_20260828_210132_segment024,runtime_camera,120,4,119,0.8907563025210085,0.025210084033613446,0.12411768606503147,0.11762247931052579,0.11718300103441723,5.587185235616473
20.0,5.0,0.0,session_20260828_210132_segment000,runtime_camera,2,0,1,0.0,0.0,0.3303708577133071,0.3303708577133071,0.3303708577133071,0.0
20.0,5.0,0.0,session_20260828_210132_segment001,runtime_camera,5,0,4,0.0,0.0,0.0907779556536917,0.0907779556536917,0.0907779556536917,0.0
20.0,5.0,0.0,session_20260828_210132_segment002,runtime_camera,19,0,18,0.2222222222222222,0.0,0.07758245828779642,0.07760249249059516,0.07758342433518575,-0.0012451879080061946
20.0,5.0,0.0,session_20260828_210132_segment003,runtime_camera,13,0,12,0.0,0.0,0.15054955598512265,0.15054955598512265,0.15054955598512265,0.0
20.0,5.0,0.0,session_20260828_210132_segment004,runtime_camera,7,0,6,0.0,0.0,0.15253025964762604,0.15253025964762604,0.15253025964762604,0.0
20.0,5.0,0.0,session_20260828_210132_segment005,runtime_camera,24,0,23,0.391304347826087,0.0,0.12307259264994656,0.11174604156930529,0.11347507934708224,7.798253937952193
20.0,5.0,0.0,session_20260828_210132_segment006,runtime_camera,5,0,4,0.0,0.0,0.0,0.0,0.0,
20.0,5.0,0.0,session_20260828_210132_segment007,runtime_camera,10,0,9,0.0,0.0,0.20123577573891308,0.20123577573891308,0.20123577573891308,0.0
20.0,5.0,0.0,session_20260828_210132_segment008,runtime_camera,15,0,14,0.07142857142857142,0.0,0.21069303442543802,0.21062341360284875,0.21067876723883908,0.0067715511515839865
20.0,5.0,0.0,session_20260828_210132_segment009,runtime_camera,2,0,1,0.0,0.0,0.03789296328826273,0.03789296328826273,0.03789296328826273,0.0
20.0,5.0,0.0,session_20260828_210132_segment010,runtime_camera,7,0,6,0.0,0.0,0.14192025310135487,0.14192025310135487,0.14192025310135487,0.0
20.0,5.0,0.0,session_20260828_210132_segment011,runtime_camera,7,0,6,0.0,0.0,0.0,0.0,0.0,
20.0,5.0,0.0,session_20260828_210132_segment012,runtime_camera,8,0,7,0.0,0.0,0.2939184749655413,0.2939184749655413,0.2939184749655413,0.0
20.0,5.0,0.0,session_20260828_210132_segment013,runtime_camera,16,0,15,0.13333333333333333,0.0,0.13328275275785445,0.13329356392276567,0.13328312419438398,-0.0002786831167934922
20.0,5.0,0.0,session_20260828_210132_segment014,runtime_camera,117,0,116,0.8879310344827587,0.0,0.18359442991524727,0.17751033565185548,0.17772313213020824,3.197971631137938
20.0,5.0,0.0,session_20260828_210132_segment015,runtime_camera,18,0,17,0.23529411764705882,0.0,0.14092867717459215,0.1283636252835385,0.12938220105416212,8.193134535794625
20.0,5.0,0.0,session_20260828_210132_segment016,runtime_camera,11,0,10,0.0,0.0,0.17548776770893484,0.17548776770893484,0.17548776770893484,0.0
20.0,5.0,0.0,session_20260828_210132_segment017,runtime_camera,40,0,39,0.6666666666666666,0.0,0.1078467248385222,0.11050649098178958,0.11020543121158291,-2.1870913341062295
20.0,5.0,0.0,session_20260828_210132_segment018,runtime_camera,50,0,49,0.7346938775510204,0.0,0.15803336716919428,0.15358495553561202,0.1537652410865336,2.7007752597532835
20.0,5.0,0.0,session_20260828_210132_segment019,runtime_camera,4,0,3,0.0,0.0,0.18961839309235046,0.18961839309235046,0.18961839309235046,0.0
20.0,5.0,0.0,session_20260828_210132_segment020,runtime_camera,54,0,53,0.7547169811320755,0.0,0.11180790739742016,0.11075778921265945,0.11093086053878548,0.784422925936024
20.0,5.0,0.0,session_20260828_210132_segment021,runtime_camera,46,0,45,0.7111111111111111,0.0,0.12174051375459646,0.1208974376919162,0.12110522210334047,0.5218407838631316
20.0,5.0,0.0,session_20260828_210132_segment022,runtime_camera,45,0,44,0.7045454545454546,0.0,0.10793083929456562,0.11028481391365887,0.10992964273285318,-1.8519298574454737
20.0,5.0,0.0,session_20260828_210132_segment023,runtime_camera,65,0,64,0.796875,0.0,0.11437738918986066,0.11298685867990978,0.11137629733722502,2.62385063507087
20.0,5.0,0.0,session_20260828_210132_segment024,runtime_camera,120,0,119,0.8907563025210085,0.0,0.12282773099875575,0.12036905954116242,0.1199321752790596,2.357412040547659
20.0,5.0,0.01,session_20260828_210132_segment000,runtime_camera,2,0,1,0.0,0.0,0.3303708577133071,0.3303708577133071,0.3303708577133071,0.0
20.0,5.0,0.01,session_20260828_210132_segment001,runtime_camera,5,0,4,0.0,0.0,0.0907779556536917,0.0907779556536917,0.0907779556536917,0.0
20.0,5.0,0.01,session_20260828_210132_segment002,runtime_camera,19,0,18,0.2222222222222222,0.0,0.07758245828779642,0.07760249249059516,0.07758342433518575,-0.0012451879080061946
20.0,5.0,0.01,session_20260828_210132_segment003,runtime_camera,13,0,12,0.0,0.0,0.15054955598512265,0.15054955598512265,0.15054955598512265,0.0
20.0,5.0,0.01,session_20260828_210132_segment004,runtime_camera,7,0,6,0.0,0.0,0.15253025964762604,0.15253025964762604,0.15253025964762604,0.0
20.0,5.0,0.01,session_20260828_210132_segment005,runtime_camera,24,1,23,0.391304347826087,0.0,0.12307234738882177,0.11174577144851632,0.1134748133421763,7.798286333423085
20.0,5.0,0.01,session_20260828_210132_segment006,runtime_camera,5,0,4,0.0,0.0,0.0,0.0,0.0,
20.0,5.0,0.01,session_20260828_210132_segment007,runtime_camera,10,0,9,0.0,0.0,0.20123577573891308,0.20123577573891308,0.20123577573891308,0.0
20.0,5.0,0.01,session_20260828_210132_segment008,runtime_camera,15,0,14,0.07142857142857142,0.0,0.21069303442543802,0.21062341360284875,0.21067876723883908,0.0067715511515839865
20.0,5.0,0.01,session_20260828_210132_segment009,runtime_camera,2,0,1,0.0,0.0,0.03789296328826273,0.03789296328826273,0.03789296328826273,0.0
20.0,5.0,0.01,session_20260828_210132_segment010,runtime_camera,7,0,6,0.0,0.0,0.14192025310135487,0.14192025310135487,0.14192025310135487,0.0
20.0,5.0,0.01,session_20260828_210132_segment011,runtime_camera,7,0,6,0.0,0.0,0.0,0.0,0.0,
20.0,5.0,0.01,session_20260828_210132_segment012,runtime_camera,8,1,7,0.0,0.0,0.2939702124805348,0.2939702124805348,0.2939702124805348,0.0
20.0,5.0,0.01,session_20260828_210132_segment013,runtime_camera,16,0,15,0.13333333333333333,0.0,0.13328275275785445,0.13329356392276567,0.13328312419438398,-0.0002786831167934922
20.0,5.0,0.01,session_20260828_210132_segment014,runtime_camera,117,0,116,0.8879310344827587,0.0,0.18359442991524727,0.17751033565185548,0.17772313213020824,3.197971631137938
20.0,5.0,0.01,session_20260828_210132_segment015,runtime_camera,18,0,17,0.23529411764705882,0.0,0.14092867717459215,0.1283636252835385,0.12938220105416212,8.193134535794625
20.0,5.0,0.01,session_20260828_210132_segment016,runtime_camera,11,0,10,0.0,0.0,0.17548776770893484,0.17548776770893484,0.17548776770893484,0.0
20.0,5.0,0.01,session_20260828_210132_segment017,runtime_camera,40,0,39,0.6666666666666666,0.0,0.1078467248385222,0.11050649098178958,0.11020543121158291,-2.1870913341062295
20.0,5.0,0.01,session_20260828_210132_segment018,runtime_camera,50,0,49,0.7346938775510204,0.0,0.15803336716919428,0.15358495553561202,0.1537652410865336,2.7007752597532835
20.0,5.0,0.01,session_20260828_210132_segment019,runtime_camera,4,0,3,0.0,0.0,0.18961839309235046,0.18961839309235046,0.18961839309235046,0.0
20.0,5.0,0.01,session_20260828_210132_segment020,runtime_camera,54,0,53,0.7547169811320755,0.0,0.11180790739742016,0.11075778921265945,0.11093086053878548,0.784422925936024
20.0,5.0,0.01,session_20260828_210132_segment021,runtime_camera,46,1,45,0.7111111111111111,0.022222222222222223,0.12174116477306171,0.12089804948103255,0.12110571638278629,0.5219667410443808
20.0,5.0,0.01,session_20260828_210132_segment022,runtime_camera,45,0,44,0.7045454545454546,0.0,0.10793083929456562,0.11028481391365887,0.10992964273285318,-1.8519298574454737
20.0,5.0,0.01,session_20260828_210132_segment023,runtime_camera,65,0,64,0.796875,0.0,0.11437738918986066,0.11298685867990978,0.11137629733722502,2.62385063507087
20.0,5.0,0.01,session_20260828_210132_segment024,runtime_camera,120,3,119,0.8907563025210085,0.025210084033613446,0.12288364830108887,0.12062165961516542,0.12020392572013397,2.1806990742894143
20.0,5.0,0.05,session_20260828_210132_segment000,runtime_camera,2,0,1,0.0,0.0,0.3303708577133071,0.3303708577133071,0.3303708577133071,0.0
20.0,5.0,0.05,session_20260828_210132_segment001,runtime_camera,5,0,4,0.0,0.0,0.0907779556536917,0.0907779556536917,0.0907779556536917,0.0
20.0,5.0,0.05,session_20260828_210132_segment002,runtime_camera,19,1,18,0.2222222222222222,0.0,0.07759376136608392,0.07761379265125487,0.07759472727275094,-0.00124482516378321
20.0,5.0,0.05,session_20260828_210132_segment003,runtime_camera,13,1,12,0.0,0.0,0.15900238672295147,0.15900238672295147,0.15900238672295147,0.0
20.0,5.0,0.05,session_20260828_210132_segment004,runtime_camera,7,1,6,0.0,0.0,0.16139209199507873,0.16139209199507873,0.16139209199507873,0.0
20.0,5.0,0.05,session_20260828_210132_segment005,runtime_camera,24,0,23,0.391304347826087,0.0,0.12307259264994656,0.11174604156930529,0.11347507934708224,7.798253937952193
20.0,5.0,0.05,session_20260828_210132_segment006,runtime_camera,5,0,4,0.0,0.0,0.0,0.0,0.0,
20.0,5.0,0.05,session_20260828_210132_segment007,runtime_camera,10,0,9,0.0,0.0,0.20123577573891308,0.20123577573891308,0.20123577573891308,0.0
20.0,5.0,0.05,session_20260828_210132_segment008,runtime_camera,15,2,13,0.07692307692307693,0.0,0.2410815214043054,0.2410159978645592,0.24106809354847997,0.005569840337493834
20.0,5.0,0.05,session_20260828_210132_segment009,runtime_camera,2,1,0,,,,,,
20.0,5.0,0.05,session_20260828_210132_segment010,runtime_camera,7,1,6,0.0,0.0,0.14192025310135487,0.14192025310135487,0.14192025310135487,0.0
20.0,5.0,0.05,session_20260828_210132_segment011,runtime_camera,7,1,6,0.0,0.0,0.0,0.0,0.0,
20.0,5.0,0.05,session_20260828_210132_segment012,runtime_camera,8,0,7,0.0,0.0,0.2939184749655413,0.2939184749655413,0.2939184749655413,0.0
20.0,5.0,0.05,session_20260828_210132_segment013,runtime_camera,16,2,15,0.13333333333333333,0.0,0.13328334897530628,0.13329416009185976,0.13328372041017425,-0.0002786806235209403
20.0,5.0,0.05,session_20260828_210132_segment014,runtime_camera,117,4,116,0.8879310344827587,0.034482758620689655,0.18361354244783165,0.17797277775599302,0.1781863685138378,2.955759069642607
20.0,5.0,0.05,session_20260828_210132_segment015,runtime_camera,18,1,17,0.23529411764705882,0.0,0.14089920984398588,0.12833127280757345,0.12935010334011635,8.196714883396128
20.0,5.0,0.05,session_20260828_210132_segment016,runtime_camera,11,0,10,0.0,0.0,0.17548776770893484,0.17548776770893484,0.17548776770893484,0.0
20.0,5.0,0.05,session_20260828_210132_segment017,runtime_camera,40,2,39,0.6410256410256411,0.02564102564102564,0.12180308684010938,0.12711897140201686,0.12689905987098535,-4.1837798721517165
20.0,5.0,0.05,session_20260828_210132_segment018,runtime_camera,50,3,49,0.7346938775510204,0.02040816326530612,0.1581653623566452,0.1537131602702238,0.15389925752371947,2.697243422555523
20.0,5.0,0.05,session_20260828_210132_segment019,runtime_camera,4,0,3,0.0,0.0,0.18961839309235046,0.18961839309235046,0.18961839309235046,0.0
20.0,5.0,0.05,session_20260828_210132_segment020,runtime_camera,54,6,53,0.7547169811320755,0.07547169811320754,0.11180008536130255,0.11089453333463004,0.11106580801555978,0.6567770886487436
20.0,5.0,0.05,session_20260828_210132_segment021,runtime_camera,46,2,45,0.7111111111111111,0.044444444444444446,0.12174128658094117,0.12089321949453657,0.1211044084495036,0.5231406282322639
20.0,5.0,0.05,session_20260828_210132_segment022,runtime_camera,45,2,44,0.7045454545454546,0.045454545454545456,0.11797766673875212,0.12165187558475749,0.12084417145234842,-2.4297011399147617
20.0,5.0,0.05,session_20260828_210132_segment023,runtime_camera,65,2,64,0.796875,0.0,0.11437734942403288,0.11298681842468333,0.11137625649988608,2.6238524841319766
20.0,5.0,0.05,session_20260828_210132_segment024,runtime_camera,120,7,119,0.8907563025210085,0.058823529411764705,0.1316874565531323,0.12813318909686147,0.12774357060598243,2.994883529820941
20.0,10.0,0.0,session_20260828_210132_segment000,runtime_camera,2,0,1,0.0,0.0,0.3303708577133071,0.3303708577133071,0.3303708577133071,0.0
20.0,10.0,0.0,session_20260828_210132_segment001,runtime_camera,5,0,4,0.0,0.0,0.0907779556536917,0.0907779556536917,0.0907779556536917,0.0
20.0,10.0,0.0,session_20260828_210132_segment002,runtime_camera,19,0,18,0.2222222222222222,0.0,0.07758245828779642,0.07760249249059516,0.07758342433518575,-0.0012451879080061946
20.0,10.0,0.0,session_20260828_210132_segment003,runtime_camera,13,0,12,0.0,0.0,0.15054955598512265,0.15054955598512265,0.15054955598512265,0.0
20.0,10.0,0.0,session_20260828_210132_segment004,runtime_camera,7,0,6,0.0,0.0,0.15253025964762604,0.15253025964762604,0.15253025964762604,0.0
20.0,10.0,0.0,session_20260828_210132_segment005,runtime_camera,24,0,23,0.391304347826087,0.0,0.12307259264994656,0.11174604156930529,0.11347507934708224,7.798253937952193
20.0,10.0,0.0,session_20260828_210132_segment006,runtime_camera,5,0,4,0.0,0.0,0.0,0.0,0.0,
20.0,10.0,0.0,session_20260828_210132_segment007,runtime_camera,10,0,9,0.0,0.0,0.20123577573891308,0.20123577573891308,0.20123577573891308,0.0
20.0,10.0,0.0,session_20260828_210132_segment008,runtime_camera,15,0,14,0.07142857142857142,0.0,0.21069303442543802,0.21062341360284875,0.21067876723883908,0.0067715511515839865
20.0,10.0,0.0,session_20260828_210132_segment009,runtime_camera,2,0,1,0.0,0.0,0.03789296328826273,0.03789296328826273,0.03789296328826273,0.0
20.0,10.0,0.0,session_20260828_210132_segment010,runtime_camera,7,0,6,0.0,0.0,0.14192025310135487,0.14192025310135487,0.14192025310135487,0.0
20.0,10.0,0.0,session_20260828_210132_segment011,runtime_camera,7,0,6,0.0,0.0,0.0,0.0,0.0,
20.0,10.0,0.0,session_20260828_210132_segment012,runtime_camera,8,0,7,0.0,0.0,0.2939184749655413,0.2939184749655413,0.2939184749655413,0.0
20.0,10.0,0.0,session_20260828_210132_segment013,runtime_camera,16,0,15,0.13333333333333333,0.0,0.13328275275785445,0.13329356392276567,0.13328312419438398,-0.0002786831167934922
20.0,10.0,0.0,session_20260828_210132_segment014,runtime_camera,117,0,116,0.8879310344827587,0.0,0.18359442991524727,0.17751033565185548,0.17772313213020824,3.197971631137938
20.0,10.0,0.0,session_20260828_210132_segment015,runtime_camera,18,0,17,0.23529411764705882,0.0,0.14092867717459215,0.1283636252835385,0.12938220105416212,8.193134535794625
20.0,10.0,0.0,session_20260828_210132_segment016,runtime_camera,11,0,10,0.0,0.0,0.17548776770893484,0.17548776770893484,0.17548776770893484,0.0
20.0,10.0,0.0,session_20260828_210132_segment017,runtime_camera,40,0,39,0.6666666666666666,0.0,0.1078467248385222,0.11050649098178958,0.11020543121158291,-2.1870913341062295
20.0,10.0,0.0,session_20260828_210132_segment018,runtime_camera,50,0,49,0.7346938775510204,0.0,0.15803336716919428,0.15358495553561202,0.1537652410865336,2.7007752597532835
20.0,10.0,0.0,session_20260828_210132_segment019,runtime_camera,4,0,3,0.0,0.0,0.18961839309235046,0.18961839309235046,0.18961839309235046,0.0
20.0,10.0,0.0,session_20260828_210132_segment020,runtime_camera,54,0,53,0.7547169811320755,0.0,0.11180790739742016,0.11075778921265945,0.11093086053878548,0.784422925936024
20.0,10.0,0.0,session_20260828_210132_segment021,runtime_camera,46,0,45,0.7111111111111111,0.0,0.12174051375459646,0.1208974376919162,0.12110522210334047,0.5218407838631316
20.0,10.0,0.0,session_20260828_210132_segment022,runtime_camera,45,0,44,0.7045454545454546,0.0,0.10793083929456562,0.11028481391365887,0.10992964273285318,-1.8519298574454737
20.0,10.0,0.0,session_20260828_210132_segment023,runtime_camera,65,0,64,0.796875,0.0,0.11437738918986066,0.11298685867990978,0.11137629733722502,2.62385063507087
20.0,10.0,0.0,session_20260828_210132_segment024,runtime_camera,120,0,119,0.8907563025210085,0.0,0.12282773099875575,0.12036905954116242,0.1199321752790596,2.357412040547659
20.0,10.0,0.01,session_20260828_210132_segment000,runtime_camera,2,0,1,0.0,0.0,0.3303708577133071,0.3303708577133071,0.3303708577133071,0.0
20.0,10.0,0.01,session_20260828_210132_segment001,runtime_camera,5,0,4,0.0,0.0,0.0907779556536917,0.0907779556536917,0.0907779556536917,0.0
20.0,10.0,0.01,session_20260828_210132_segment002,runtime_camera,19,0,18,0.2222222222222222,0.0,0.07758245828779642,0.07760249249059516,0.07758342433518575,-0.0012451879080061946
20.0,10.0,0.01,session_20260828_210132_segment003,runtime_camera,13,1,12,0.0,0.0,0.193039304169141,0.193039304169141,0.193039304169141,0.0
20.0,10.0,0.01,session_20260828_210132_segment004,runtime_camera,7,0,6,0.0,0.0,0.15253025964762604,0.15253025964762604,0.15253025964762604,0.0
20.0,10.0,0.01,session_20260828_210132_segment005,runtime_camera,24,0,23,0.391304347826087,0.0,0.12307259264994656,0.11174604156930529,0.11347507934708224,7.798253937952193
20.0,10.0,0.01,session_20260828_210132_segment006,runtime_camera,5,0,4,0.0,0.0,0.0,0.0,0.0,
20.0,10.0,0.01,session_20260828_210132_segment007,runtime_camera,10,0,9,0.0,0.0,0.20123577573891308,0.20123577573891308,0.20123577573891308,0.0
20.0,10.0,0.01,session_20260828_210132_segment008,runtime_camera,15,0,14,0.07142857142857142,0.0,0.21069303442543802,0.21062341360284875,0.21067876723883908,0.0067715511515839865
20.0,10.0,0.01,session_20260828_210132_segment009,runtime_camera,2,0,1,0.0,0.0,0.03789296328826273,0.03789296328826273,0.03789296328826273,0.0
20.0,10.0,0.01,session_20260828_210132_segment010,runtime_camera,7,0,6,0.0,0.0,0.14192025310135487,0.14192025310135487,0.14192025310135487,0.0
20.0,10.0,0.01,session_20260828_210132_segment011,runtime_camera,7,0,6,0.0,0.0,0.0,0.0,0.0,
20.0,10.0,0.01,session_20260828_210132_segment012,runtime_camera,8,0,7,0.0,0.0,0.2939184749655413,0.2939184749655413,0.2939184749655413,0.0
20.0,10.0,0.01,session_20260828_210132_segment013,runtime_camera,16,1,15,0.13333333333333333,0.0,0.13328275275785445,0.13329356392276567,0.13328312419438398,-0.0002786831167934922
20.0,10.0,0.01,session_20260828_210132_segment014,runtime_camera,117,1,116,0.8879310344827587,0.008620689655172414,0.1895019215543073,0.18159302318131573,0.1818110745507182,4.058453307759766
20.0,10.0,0.01,session_20260828_210132_segment015,runtime_camera,18,0,17,0.23529411764705882,0.0,0.14092867717459215,0.1283636252835385,0.12938220105416212,8.193134535794625
20.0,10.0,0.01,session_20260828_210132_segment016,runtime_camera,11,0,10,0.0,0.0,0.17548776770893484,0.17548776770893484,0.17548776770893484,0.0
20.0,10.0,0.01,session_20260828_210132_segment017,runtime_camera,40,0,39,0.6666666666666666,0.0,0.1078467248385222,0.11050649098178958,0.11020543121158291,-2.1870913341062295
20.0,10.0,0.01,session_20260828_210132_segment018,runtime_camera,50,1,49,0.7346938775510204,0.02040816326530612,0.15803901287079622,0.15358314809908777,0.15376940269806258,2.7016178443383674
20.0,10.0,0.01,session_20260828_210132_segment019,runtime_camera,4,0,3,0.0,0.0,0.18961839309235046,0.18961839309235046,0.18961839309235046,0.0
20.0,10.0,0.01,session_20260828_210132_segment020,runtime_camera,54,0,53,0.7547169811320755,0.0,0.11180790739742016,0.11075778921265945,0.11093086053878548,0.784422925936024
20.0,10.0,0.01,session_20260828_210132_segment021,runtime_camera,46,0,45,0.7111111111111111,0.0,0.12174051375459646,0.1208974376919162,0.12110522210334047,0.5218407838631316
20.0,10.0,0.01,session_20260828_210132_segment022,runtime_camera,45,0,44,0.7045454545454546,0.0,0.10793083929456562,0.11028481391365887,0.10992964273285318,-1.8519298574454737
20.0,10.0,0.01,session_20260828_210132_segment023,runtime_camera,65,1,64,0.796875,0.015625,0.11436524482883334,0.11299121906991003,0.11138047898660547,2.6098539348165355
20.0,10.0,0.01,session_20260828_210132_segment024,runtime_camera,120,3,119,0.8907563025210085,0.025210084033613446,0.12335753640504372,0.12120307771054839,0.12071293252993212,2.143852700193414
20.0,10.0,0.05,session_20260828_210132_segment000,runtime_camera,2,1,0,,,,,,
20.0,10.0,0.05,session_20260828_210132_segment001,runtime_camera,5,0,4,0.0,0.0,0.0907779556536917,0.0907779556536917,0.0907779556536917,0.0
20.0,10.0,0.05,session_20260828_210132_segment002,runtime_camera,19,1,18,0.2222222222222222,0.0,0.09082090440185227,0.09083801893010213,0.09082172963540283,-0.0009086383316690596
20.0,10.0,0.05,session_20260828_210132_segment003,runtime_camera,13,0,12,0.0,0.0,0.15054955598512265,0.15054955598512265,0.15054955598512265,0.0
20.0,10.0,0.05,session_20260828_210132_segment004,runtime_camera,7,0,6,0.0,0.0,0.15253025964762604,0.15253025964762604,0.15253025964762604,0.0
20.0,10.0,0.05,session_20260828_210132_segment005,runtime_camera,24,1,23,0.391304347826087,0.0,0.12307444271487436,0.11174807915309377,0.1134770858844367,7.798009577562572
20.0,10.0,0.05,session_20260828_210132_segment006,runtime_camera,5,1,4,0.0,0.0,0.0,0.0,0.0,
20.0,10.0,0.05,session_20260828_210132_segment007,runtime_camera,10,0,9,0.0,0.0,0.20123577573891308,0.20123577573891308,0.20123577573891308,0.0
20.0,10.0,0.05,session_20260828_210132_segment008,runtime_camera,15,0,14,0.07142857142857142,0.0,0.21069303442543802,0.21062341360284875,0.21067876723883908,0.0067715511515839865
20.0,10.0,0.05,session_20260828_210132_segment009,runtime_camera,2,0,1,0.0,0.0,0.03789296328826273,0.03789296328826273,0.03789296328826273,0.0
20.0,10.0,0.05,session_20260828_210132_segment010,runtime_camera,7,2,5,0.0,0.0,0.1554658465033337,0.1554658465033337,0.1554658465033337,0.0
20.0,10.0,0.05,session_20260828_210132_segment011,runtime_camera,7,0,6,0.0,0.0,0.0,0.0,0.0,
20.0,10.0,0.05,session_20260828_210132_segment012,runtime_camera,8,0,7,0.0,0.0,0.2939184749655413,0.2939184749655413,0.2939184749655413,0.0
20.0,10.0,0.05,session_20260828_210132_segment013,runtime_camera,16,0,15,0.13333333333333333,0.0,0.13328275275785445,0.13329356392276567,0.13328312419438398,-0.0002786831167934922
20.0,10.0,0.05,session_20260828_210132_segment014,runtime_camera,117,9,116,0.8879310344827587,0.06896551724137931,0.1871740653195895,0.18204026725340003,0.18227210389267248,2.618931965038629
20.0,10.0,0.05,session_20260828_210132_segment015,runtime_camera,18,1,17,0.23529411764705882,0.0,0.14092867717459215,0.1283636252835385,0.12938220105416212,8.193134535794625
20.0,10.0,0.05,session_20260828_210132_segment016,runtime_camera,11,1,10,0.0,0.0,0.17548776770893484,0.17548776770893484,0.17548776770893484,0.0
20.0,10.0,0.05,session_20260828_210132_segment017,runtime_camera,40,2,39,0.6666666666666666,0.05128205128205128,0.10786477367314501,0.11075010905907767,0.11042433574609978,-2.372936025166871
20.0,10.0,0.05,session_20260828_210132_segment018,runtime_camera,50,6,49,0.7346938775510204,0.12244897959183673,0.18018436044537783,0.17293941149066538,0.17318833520889587,3.8827039256843707
20.0,10.0,0.05,session_20260828_210132_segment019,runtime_camera,4,0,3,0.0,0.0,0.18961839309235046,0.18961839309235046,0.18961839309235046,0.0
20.0,10.0,0.05,session_20260828_210132_segment020,runtime_camera,54,4,53,0.7358490566037735,0.05660377358490566,0.11348288048809642,0.11155847181992554,0.11172730511424095,1.5469957814823159
20.0,10.0,0.05,session_20260828_210132_segment021,runtime_camera,46,2,45,0.7111111111111111,0.044444444444444446,0.1217218352881682,0.12086463255998829,0.12107738568404842,0.5294445344124845
20.0,10.0,0.05,session_20260828_210132_segment022,runtime_camera,45,1,44,0.7045454545454546,0.0,0.10395113711227877,0.10472983896296806,0.10468449948286886,-0.7054875886523251
20.0,10.0,0.05,session_20260828_210132_segment023,runtime_camera,65,4,64,0.796875,0.046875,0.13395202045190904,0.13552343489142518,0.1325920717042121,1.0152506420649143
20.0,10.0,0.05,session_20260828_210132_segment024,runtime_camera,120,3,119,0.8907563025210085,0.025210084033613446,0.12814257630584586,0.12551478389514417,0.12508429149335176,2.3866266003538867
50.0,0.0,0.0,session_20260828_210132_segment000,runtime_camera,2,0,1,0.0,0.0,0.3303708577133071,0.3303708577133071,0.3303708577133071,0.0
50.0,0.0,0.0,session_20260828_210132_segment001,runtime_camera,5,0,4,0.0,0.0,0.0907779556536917,0.0907779556536917,0.0907779556536917,0.0
50.0,0.0,0.0,session_20260828_210132_segment002,runtime_camera,19,0,18,0.2222222222222222,0.0,0.07758245828779642,0.07760249249059516,0.07758342433518575,-0.0012451879080061946
50.0,0.0,0.0,session_20260828_210132_segment003,runtime_camera,13,0,12,0.0,0.0,0.15054955598512265,0.15054955598512265,0.15054955598512265,0.0
50.0,0.0,0.0,session_20260828_210132_segment004,runtime_camera,7,0,6,0.0,0.0,0.15253025964762604,0.15253025964762604,0.15253025964762604,0.0
50.0,0.0,0.0,session_20260828_210132_segment005,runtime_camera,24,0,23,0.391304347826087,0.0,0.12307259264994656,0.11174604156930529,0.11347507934708224,7.798253937952193
50.0,0.0,0.0,session_20260828_210132_segment006,runtime_camera,5,0,4,0.0,0.0,0.0,0.0,0.0,
50.0,0.0,0.0,session_20260828_210132_segment007,runtime_camera,10,0,9,0.0,0.0,0.20123577573891308,0.20123577573891308,0.20123577573891308,0.0
50.0,0.0,0.0,session_20260828_210132_segment008,runtime_camera,15,0,14,0.07142857142857142,0.0,0.21069303442543802,0.21062341360284875,0.21067876723883908,0.0067715511515839865
50.0,0.0,0.0,session_20260828_210132_segment009,runtime_camera,2,0,1,0.0,0.0,0.03789296328826273,0.03789296328826273,0.03789296328826273,0.0
50.0,0.0,0.0,session_20260828_210132_segment010,runtime_camera,7,0,6,0.0,0.0,0.14192025310135487,0.14192025310135487,0.14192025310135487,0.0
50.0,0.0,0.0,session_20260828_210132_segment011,runtime_camera,7,0,6,0.0,0.0,0.0,0.0,0.0,
50.0,0.0,0.0,session_20260828_210132_segment012,runtime_camera,8,0,7,0.0,0.0,0.2939184749655413,0.2939184749655413,0.2939184749655413,0.0
50.0,0.0,0.0,session_20260828_210132_segment013,runtime_camera,16,0,15,0.13333333333333333,0.0,0.13328275275785445,0.13329356392276567,0.13328312419438398,-0.0002786831167934922
50.0,0.0,0.0,session_20260828_210132_segment014,runtime_camera,117,0,116,0.8879310344827587,0.0,0.18359442991524727,0.17751033565185548,0.17772313213020824,3.197971631137938
50.0,0.0,0.0,session_20260828_210132_segment015,runtime_camera,18,0,17,0.23529411764705882,0.0,0.14092867717459215,0.1283636252835385,0.12938220105416212,8.193134535794625
50.0,0.0,0.0,session_20260828_210132_segment016,runtime_camera,11,0,10,0.0,0.0,0.17548776770893484,0.17548776770893484,0.17548776770893484,0.0
50.0,0.0,0.0,session_20260828_210132_segment017,runtime_camera,40,0,39,0.6666666666666666,0.0,0.1078467248385222,0.11050649098178958,0.11020543121158291,-2.1870913341062295
50.0,0.0,0.0,session_20260828_210132_segment018,runtime_camera,50,0,49,0.7346938775510204,0.0,0.15803336716919428,0.15358495553561202,0.1537652410865336,2.7007752597532835
50.0,0.0,0.0,session_20260828_210132_segment019,runtime_camera,4,0,3,0.0,0.0,0.18961839309235046,0.18961839309235046,0.18961839309235046,0.0
50.0,0.0,0.0,session_20260828_210132_segment020,runtime_camera,54,0,53,0.7547169811320755,0.0,0.11180790739742016,0.11075778921265945,0.11093086053878548,0.784422925936024
50.0,0.0,0.0,session_20260828_210132_segment021,runtime_camera,46,0,45,0.7111111111111111,0.0,0.12174051375459646,0.1208974376919162,0.12110522210334047,0.5218407838631316
50.0,0.0,0.0,session_20260828_210132_segment022,runtime_camera,45,0,44,0.7045454545454546,0.0,0.10793083929456562,0.11028481391365887,0.10992964273285318,-1.8519298574454737
50.0,0.0,0.0,session_20260828_210132_segment023,runtime_camera,65,0,64,0.796875,0.0,0.11437738918986066,0.11298685867990978,0.11137629733722502,2.62385063507087
50.0,0.0,0.0,session_20260828_210132_segment024,runtime_camera,120,0,119,0.8907563025210085,0.0,0.12282773099875575,0.12036905954116242,0.1199321752790596,2.357412040547659
50.0,0.0,0.01,session_20260828_210132_segment000,runtime_camera,2,0,1,0.0,0.0,0.3303708577133071,0.3303708577133071,0.3303708577133071,0.0
50.0,0.0,0.01,session_20260828_210132_segment001,runtime_camera,5,1,4,0.0,0.0,0.09214435034507296,0.09214435034507296,0.09214435034507296,0.0
50.0,0.0,0.01,session_20260828_210132_segment002,runtime_camera,19,1,18,0.2222222222222222,0.0,0.07763346226268857,0.07765348330672292,0.07763442767540771,-0.0012435523175245223
50.0,0.0,0.01,session_20260828_210132_segment003,runtime_camera,13,0,12,0.0,0.0,0.15054955598512265,0.15054955598512265,0.15054955598512265,0.0
50.0,0.0,0.01,session_20260828_210132_segment004,runtime_camera,7,0,6,0.0,0.0,0.15253025964762604,0.15253025964762604,0.15253025964762604,0.0
50.0,0.0,0.01,session_20260828_210132_segment005,runtime_camera,24,0,23,0.391304347826087,0.0,0.12307259264994656,0.11174604156930529,0.11347507934708224,7.798253937952193
50.0,0.0,0.01,session_20260828_210132_segment006,runtime_camera,5,0,4,0.0,0.0,0.0,0.0,0.0,
50.0,0.0,0.01,session_20260828_210132_segment007,runtime_camera,10,0,9,0.0,0.0,0.20123577573891308,0.20123577573891308,0.20123577573891308,0.0
50.0,0.0,0.01,session_20260828_210132_segment008,runtime_camera,15,0,14,0.07142857142857142,0.0,0.21069303442543802,0.21062341360284875,0.21067876723883908,0.0067715511515839865
50.0,0.0,0.01,session_20260828_210132_segment009,runtime_camera,2,0,1,0.0,0.0,0.03789296328826273,0.03789296328826273,0.03789296328826273,0.0
50.0,0.0,0.01,session_20260828_210132_segment010,runtime_camera,7,0,6,0.0,0.0,0.14192025310135487,0.14192025310135487,0.14192025310135487,0.0
50.0,0.0,0.01,session_20260828_210132_segment011,runtime_camera,7,0,6,0.0,0.0,0.0,0.0,0.0,
50.0,0.0,0.01,session_20260828_210132_segment012,runtime_camera,8,1,7,0.0,0.0,0.2939184749655413,0.2939184749655413,0.2939184749655413,0.0
50.0,0.0,0.01,session_20260828_210132_segment013,runtime_camera,16,0,15,0.13333333333333333,0.0,0.13328275275785445,0.13329356392276567,0.13328312419438398,-0.0002786831167934922
50.0,0.0,0.01,session_20260828_210132_segment014,runtime_camera,117,1,116,0.8879310344827587,0.008620689655172414,0.18359434039072164,0.1775115614936158,0.17772429537991052,3.197290830598924
50.0,0.0,0.01,session_20260828_210132_segment015,runtime_camera,18,0,17,0.23529411764705882,0.0,0.14092867717459215,0.1283636252835385,0.12938220105416212,8.193134535794625
50.0,0.0,0.01,session_20260828_210132_segment016,runtime_camera,11,0,10,0.0,0.0,0.17548776770893484,0.17548776770893484,0.17548776770893484,0.0
50.0,0.0,0.01,session_20260828_210132_segment017,runtime_camera,40,1,38,0.6842105263157895,0.0,0.10925652746737857,0.11195106371212829,0.111646068304216,-2.187092059603385
50.0,0.0,0.01,session_20260828_210132_segment018,runtime_camera,50,2,49,0.7346938775510204,0.04081632653061224,0.15832885546124426,0.15347179775854872,0.15365150912868972,2.954197021716903
50.0,0.0,0.01,session_20260828_210132_segment019,runtime_camera,4,0,3,0.0,0.0,0.18961839309235046,0.18961839309235046,0.18961839309235046,0.0
50.0,0.0,0.01,session_20260828_210132_segment020,runtime_camera,54,0,53,0.7547169811320755,0.0,0.11180790739742016,0.11075778921265945,0.11093086053878548,0.784422925936024
50.0,0.0,0.01,session_20260828_210132_segment021,runtime_camera,46,0,45,0.7111111111111111,0.0,0.12174051375459646,0.1208974376919162,0.12110522210334047,0.5218407838631316
50.0,0.0,0.01,session_20260828_210132_segment022,runtime_camera,45,0,44,0.7045454545454546,0.0,0.10793083929456562,0.11028481391365887,0.10992964273285318,-1.8519298574454737
50.0,0.0,0.01,session_20260828_210132_segment023,runtime_camera,65,1,63,0.8095238095238095,0.0,0.1151509191732102,0.11374778634784327,0.11212257823030804,2.6298886406168656
50.0,0.0,0.01,session_20260828_210132_segment024,runtime_camera,120,1,119,0.8907563025210085,0.008403361344537815,0.12231060972699091,0.11953493825994965,0.11926908507746305,2.4867218439322984
50.0,0.0,0.05,session_20260828_210132_segment000,runtime_camera,2,0,1,0.0,0.0,0.3303708577133071,0.3303708577133071,0.3303708577133071,0.0
50.0,0.0,0.05,session_20260828_210132_segment001,runtime_camera,5,1,4,0.0,0.0,0.11198681222075992,0.11198681222075992,0.11198681222075992,0.0
50.0,0.0,0.05,session_20260828_210132_segment002,runtime_camera,19,1,18,0.2222222222222222,0.0,0.07817765495311016,0.07819753666671832,0.07817861364569834,-0.001226300007018133
50.0,0.0,0.05,session_20260828_210132_segment003,runtime_camera,13,1,12,0.0,0.0,0.15060413669729503,0.15060413669729503,0.15060413669729503,0.0
50.0,0.0,0.05,session_20260828_210132_segment004,runtime_camera,7,0,6,0.0,0.0,0.15253025964762604,0.15253025964762604,0.15253025964762604,0.0
50.0,0.0,0.05,session_20260828_210132_segment005,runtime_camera,24,0,23,0.391304347826087,0.0,0.12307259264994656,0.11174604156930529,0.11347507934708224,7.798253937952193
50.0,0.0,0.05,session_20260828_210132_segment006,runtime_camera,5,0,4,0.0,0.0,0.0,0.0,0.0,
50.0,0.0,0.05,session_20260828_210132_segment007,runtime_camera,10,0,9,0.0,0.0,0.20123577573891308,0.20123577573891308,0.20123577573891308,0.0
50.0,0.0,0.05,session_20260828_210132_segment008,runtime_camera,15,0,14,0.07142857142857142,0.0,0.21069303442543802,0.21062341360284875,0.21067876723883908,0.0067715511515839865
50.0,0.0,0.05,session_20260828_210132_segment009,runtime_camera,2,0,1,0.0,0.0,0.03789296328826273,0.03789296328826273,0.03789296328826273,0.0
50.0,0.0,0.05,session_20260828_210132_segment010,runtime_camera,7,0,6,0.0,0.0,0.14192025310135487,0.14192025310135487,0.14192025310135487,0.0
50.0,0.0,0.05,session_20260828_210132_segment011,runtime_camera,7,2,6,0.0,0.0,0.0,0.0,0.0,
50.0,0.0,0.05,session_20260828_210132_segment012,runtime_camera,8,0,7,0.0,0.0,0.2939184749655413,0.2939184749655413,0.2939184749655413,0.0
50.0,0.0,0.05,session_20260828_210132_segment013,runtime_camera,16,0,15,0.13333333333333333,0.0,0.13328275275785445,0.13329356392276567,0.13328312419438398,-0.0002786831167934922
50.0,0.0,0.05,session_20260828_210132_segment014,runtime_camera,117,6,116,0.8879310344827587,0.05172413793103448,0.1978151100451192,0.19257851031461823,0.1928696431609722,2.500045058751586
50.0,0.0,0.05,session_20260828_210132_segment015,runtime_camera,18,0,17,0.23529411764705882,0.0,0.14092867717459215,0.1283636252835385,0.12938220105416212,8.193134535794625
50.0,0.0,0.05,session_20260828_210132_segment016,runtime_camera,11,1,10,0.0,0.0,0.18269964238395175,0.18269964238395175,0.18269964238395175,0.0
50.0,0.0,0.05,session_20260828_210132_segment017,runtime_camera,40,2,39,0.6666666666666666,0.0,0.10806630135608317,0.11072079289589738,0.11042031741902754,-2.178307236765499
50.0,0.0,0.05,session_20260828_210132_segment018,runtime_camera,50,4,49,0.7346938775510204,0.08163265306122448,0.16978822617381725,0.16013392228218631,0.16043880656070028,5.5065182220265925
50.0,0.0,0.05,session_20260828_210132_segment019,runtime_camera,4,1,3,0.0,0.0,0.1899073930680109,0.1899073930680109,0.1899073930680109,0.0
50.0,0.0,0.05,session_20260828_210132_segment020,runtime_camera,54,1,53,0.7547169811320755,0.018867924528301886,0.11180790739742016,0.11076141201166331,0.1109345989752477,0.7810793015455518
50.0,0.0,0.05,session_20260828_210132_segment021,runtime_camera,46,1,45,0.7111111111111111,0.0,0.12780484003152265,0.1270020270968962,0.1271998398857067,0.47337811750064845
50.0,0.0,0.05,session_20260828_210132_segment022,runtime_camera,45,0,44,0.7045454545454546,0.0,0.10793083929456562,0.11028481391365887,0.10992964273285318,-1.8519298574454737
50.0,0.0,0.05,session_20260828_210132_segment023,runtime_camera,65,2,64,0.796875,0.03125,0.11531941533482866,0.11448802303553436,0.11290101163774884,2.097134892730782
50.0,0.0,0.05,session_20260828_210132_segment024,runtime_camera,120,4,119,0.8907563025210085,0.025210084033613446,0.1228210980228378,0.12044202334815544,0.120000594583294,2.2964323597069223
50.0,5.0,0.0,session_20260828_210132_segment000,runtime_camera,2,0,1,0.0,0.0,0.3303708577133071,0.3303708577133071,0.3303708577133071,0.0
50.0,5.0,0.0,session_20260828_210132_segment001,runtime_camera,5,0,4,0.0,0.0,0.0907779556536917,0.0907779556536917,0.0907779556536917,0.0
50.0,5.0,0.0,session_20260828_210132_segment002,runtime_camera,19,0,18,0.2222222222222222,0.0,0.07758245828779642,0.07760249249059516,0.07758342433518575,-0.0012451879080061946
50.0,5.0,0.0,session_20260828_210132_segment003,runtime_camera,13,0,12,0.0,0.0,0.15054955598512265,0.15054955598512265,0.15054955598512265,0.0
50.0,5.0,0.0,session_20260828_210132_segment004,runtime_camera,7,0,6,0.0,0.0,0.15253025964762604,0.15253025964762604,0.15253025964762604,0.0
50.0,5.0,0.0,session_20260828_210132_segment005,runtime_camera,24,0,23,0.391304347826087,0.0,0.12307259264994656,0.11174604156930529,0.11347507934708224,7.798253937952193
50.0,5.0,0.0,session_20260828_210132_segment006,runtime_camera,5,0,4,0.0,0.0,0.0,0.0,0.0,
50.0,5.0,0.0,session_20260828_210132_segment007,runtime_camera,10,0,9,0.0,0.0,0.20123577573891308,0.20123577573891308,0.20123577573891308,0.0
50.0,5.0,0.0,session_20260828_210132_segment008,runtime_camera,15,0,14,0.07142857142857142,0.0,0.21069303442543802,0.21062341360284875,0.21067876723883908,0.0067715511515839865
50.0,5.0,0.0,session_20260828_210132_segment009,runtime_camera,2,0,1,0.0,0.0,0.03789296328826273,0.03789296328826273,0.03789296328826273,0.0
50.0,5.0,0.0,session_20260828_210132_segment010,runtime_camera,7,0,6,0.0,0.0,0.14192025310135487,0.14192025310135487,0.14192025310135487,0.0
50.0,5.0,0.0,session_20260828_210132_segment011,runtime_camera,7,0,6,0.0,0.0,0.0,0.0,0.0,
50.0,5.0,0.0,session_20260828_210132_segment012,runtime_camera,8,0,7,0.0,0.0,0.2939184749655413,0.2939184749655413,0.2939184749655413,0.0
50.0,5.0,0.0,session_20260828_210132_segment013,runtime_camera,16,0,15,0.13333333333333333,0.0,0.13328275275785445,0.13329356392276567,0.13328312419438398,-0.0002786831167934922
50.0,5.0,0.0,session_20260828_210132_segment014,runtime_camera,117,0,116,0.8879310344827587,0.0,0.18359442991524727,0.17751033565185548,0.17772313213020824,3.197971631137938
50.0,5.0,0.0,session_20260828_210132_segment015,runtime_camera,18,0,17,0.23529411764705882,0.0,0.14092867717459215,0.1283636252835385,0.12938220105416212,8.193134535794625
50.0,5.0,0.0,session_20260828_210132_segment016,runtime_camera,11,0,10,0.0,0.0,0.17548776770893484,0.17548776770893484,0.17548776770893484,0.0
50.0,5.0,0.0,session_20260828_210132_segment017,runtime_camera,40,0,39,0.6666666666666666,0.0,0.1078467248385222,0.11050649098178958,0.11020543121158291,-2.1870913341062295
50.0,5.0,0.0,session_20260828_210132_segment018,runtime_camera,50,0,49,0.7346938775510204,0.0,0.15803336716919428,0.15358495553561202,0.1537652410865336,2.7007752597532835
50.0,5.0,0.0,session_20260828_210132_segment019,runtime_camera,4,0,3,0.0,0.0,0.18961839309235046,0.18961839309235046,0.18961839309235046,0.0
50.0,5.0,0.0,session_20260828_210132_segment020,runtime_camera,54,0,53,0.7547169811320755,0.0,0.11180790739742016,0.11075778921265945,0.11093086053878548,0.784422925936024
50.0,5.0,0.0,session_20260828_210132_segment021,runtime_camera,46,0,45,0.7111111111111111,0.0,0.12174051375459646,0.1208974376919162,0.12110522210334047,0.5218407838631316
50.0,5.0,0.0,session_20260828_210132_segment022,runtime_camera,45,0,44,0.7045454545454546,0.0,0.10793083929456562,0.11028481391365887,0.10992964273285318,-1.8519298574454737
50.0,5.0,0.0,session_20260828_210132_segment023,runtime_camera,65,0,64,0.796875,0.0,0.11437738918986066,0.11298685867990978,0.11137629733722502,2.62385063507087
50.0,5.0,0.0,session_20260828_210132_segment024,runtime_camera,120,0,119,0.8907563025210085,0.0,0.12282773099875575,0.12036905954116242,0.1199321752790596,2.357412040547659
50.0,5.0,0.01,session_20260828_210132_segment000,runtime_camera,2,0,1,0.0,0.0,0.3303708577133071,0.3303708577133071,0.3303708577133071,0.0
50.0,5.0,0.01,session_20260828_210132_segment001,runtime_camera,5,0,4,0.0,0.0,0.0907779556536917,0.0907779556536917,0.0907779556536917,0.0
50.0,5.0,0.01,session_20260828_210132_segment002,runtime_camera,19,0,18,0.2222222222222222,0.0,0.07758245828779642,0.07760249249059516,0.07758342433518575,-0.0012451879080061946
50.0,5.0,0.01,session_20260828_210132_segment003,runtime_camera,13,0,12,0.0,0.0,0.15054955598512265,0.15054955598512265,0.15054955598512265,0.0
50.0,5.0,0.01,session_20260828_210132_segment004,runtime_camera,7,0,6,0.0,0.0,0.15253025964762604,0.15253025964762604,0.15253025964762604,0.0
50.0,5.0,0.01,session_20260828_210132_segment005,runtime_camera,24,0,23,0.391304347826087,0.0,0.12307259264994656,0.11174604156930529,0.11347507934708224,7.798253937952193
50.0,5.0,0.01,session_20260828_210132_segment006,runtime_camera,5,0,4,0.0,0.0,0.0,0.0,0.0,
50.0,5.0,0.01,session_20260828_210132_segment007,runtime_camera,10,0,9,0.0,0.0,0.20123577573891308,0.20123577573891308,0.20123577573891308,0.0
50.0,5.0,0.01,session_20260828_210132_segment008,runtime_camera,15,0,14,0.07142857142857142,0.0,0.21069303442543802,0.21062341360284875,0.21067876723883908,0.0067715511515839865
50.0,5.0,0.01,session_20260828_210132_segment009,runtime_camera,2,0,1,0.0,0.0,0.03789296328826273,0.03789296328826273,0.03789296328826273,0.0
50.0,5.0,0.01,session_20260828_210132_segment010,runtime_camera,7,0,6,0.0,0.0,0.14192025310135487,0.14192025310135487,0.14192025310135487,0.0
50.0,5.0,0.01,session_20260828_210132_segment011,runtime_camera,7,0,6,0.0,0.0,0.0,0.0,0.0,
50.0,5.0,0.01,session_20260828_210132_segment012,runtime_camera,8,0,7,0.0,0.0,0.2939184749655413,0.2939184749655413,0.2939184749655413,0.0
50.0,5.0,0.01,session_20260828_210132_segment013,runtime_camera,16,0,15,0.13333333333333333,0.0,0.13328275275785445,0.13329356392276567,0.13328312419438398,-0.0002786831167934922
50.0,5.0,0.01,session_20260828_210132_segment014,runtime_camera,117,2,116,0.8879310344827587,0.017241379310344827,0.18373983044990522,0.17756216169888417,0.17778989860606045,3.2382373649065443
50.0,5.0,0.01,session_20260828_210132_segment015,runtime_camera,18,0,17,0.23529411764705882,0.0,0.14092867717459215,0.1283636252835385,0.12938220105416212,8.193134535794625
50.0,5.0,0.01,session_20260828_210132_segment016,runtime_camera,11,0,10,0.0,0.0,0.17548776770893484,0.17548776770893484,0.17548776770893484,0.0
50.0,5.0,0.01,session_20260828_210132_segment017,runtime_camera,40,0,39,0.6666666666666666,0.0,0.1078467248385222,0.11050649098178958,0.11020543121158291,-2.1870913341062295
50.0,5.0,0.01,session_20260828_210132_segment018,runtime_camera,50,1,49,0.7346938775510204,0.02040816326530612,0.16998542725346882,0.16799694099298196,0.1674845324928062,1.4712406828459967
50.0,5.0,0.01,session_20260828_210132_segment019,runtime_camera,4,0,3,0.0,0.0,0.18961839309235046,0.18961839309235046,0.18961839309235046,0.0
50.0,5.0,0.01,session_20260828_210132_segment020,runtime_camera,54,0,53,0.7547169811320755,0.0,0.11180790739742016,0.11075778921265945,0.11093086053878548,0.784422925936024
50.0,5.0,0.01,session_20260828_210132_segment021,runtime_camera,46,1,45,0.7111111111111111,0.0,0.11098687849524311,0.11006145987290702,0.1102896610276058,0.6281981051185133
50.0,5.0,0.01,session_20260828_210132_segment022,runtime_camera,45,0,44,0.7045454545454546,0.0,0.10793083929456562,0.11028481391365887,0.10992964273285318,-1.8519298574454737
50.0,5.0,0.01,session_20260828_210132_segment023,runtime_camera,65,0,64,0.796875,0.0,0.11437738918986066,0.11298685867990978,0.11137629733722502,2.62385063507087
50.0,5.0,0.01,session_20260828_210132_segment024,runtime_camera,120,2,119,0.8907563025210085,0.01680672268907563,0.13066132820158813,0.1286077926410441,0.12839763647408808,1.7324879202265222
50.0,5.0,0.05,session_20260828_210132_segment000,runtime_camera,2,0,1,0.0,0.0,0.3303708577133071,0.3303708577133071,0.3303708577133071,0.0
50.0,5.0,0.05,session_20260828_210132_segment001,runtime_camera,5,0,4,0.0,0.0,0.0907779556536917,0.0907779556536917,0.0907779556536917,0.0
50.0,5.0,0.05,session_20260828_210132_segment002,runtime_camera,19,1,18,0.2222222222222222,0.0,0.07758245828779642,0.07760249249059516,0.07758342433518575,-0.0012451879080061946
50.0,5.0,0.05,session_20260828_210132_segment003,runtime_camera,13,3,11,0.0,0.0,0.14878013871342036,0.14878013871342036,0.14878013871342036,0.0
50.0,5.0,0.05,session_20260828_210132_segment004,runtime_camera,7,0,6,0.0,0.0,0.15253025964762604,0.15253025964762604,0.15253025964762604,0.0
50.0,5.0,0.05,session_20260828_210132_segment005,runtime_camera,24,1,23,0.391304347826087,0.0,0.13645689471152145,0.11739033956856255,0.11839339060355304,13.237516613693872
50.0,5.0,0.05,session_20260828_210132_segment006,runtime_camera,5,0,4,0.0,0.0,0.0,0.0,0.0,
50.0,5.0,0.05,session_20260828_210132_segment007,runtime_camera,10,1,9,0.0,0.0,0.20126117726228906,0.20126117726228906,0.20126117726228906,0.0
50.0,5.0,0.05,session_20260828_210132_segment008,runtime_camera,15,1,14,0.07142857142857142,0.0,0.21069303442543802,0.21062341360284875,0.21067876723883908,0.0067715511515839865
50.0,5.0,0.05,session_20260828_210132_segment009,runtime_camera,2,0,1,0.0,0.0,0.03789296328826273,0.03789296328826273,0.03789296328826273,0.0
50.0,5.0,0.05,session_20260828_210132_segment010,runtime_camera,7,1,6,0.0,0.0,0.14201363090581395,0.14201363090581395,0.14201363090581395,0.0
50.0,5.0,0.05,session_20260828_210132_segment011,runtime_camera,7,0,6,0.0,0.0,0.0,0.0,0.0,
50.0,5.0,0.05,session_20260828_210132_segment012,runtime_camera,8,0,7,0.0,0.0,0.2939184749655413,0.2939184749655413,0.2939184749655413,0.0
50.0,5.0,0.05,session_20260828_210132_segment013,runtime_camera,16,2,15,0.13333333333333333,0.0,0.13328334897530628,0.13329416009185976,0.13328372041017425,-0.0002786806235209403
50.0,5.0,0.05,session_20260828_210132_segment014,runtime_camera,117,5,116,0.8879310344827587,0.04310344827586207,0.18706718837602399,0.18017892835926966,0.18039326181255166,3.5676628389031286
50.0,5.0,0.05,session_20260828_210132_segment015,runtime_camera,18,0,17,0.23529411764705882,0.0,0.14092867717459215,0.1283636252835385,0.12938220105416212,8.193134535794625
50.0,5.0,0.05,session_20260828_210132_segment016,runtime_camera,11,0,10,0.0,0.0,0.17548776770893484,0.17548776770893484,0.17548776770893484,0.0
50.0,5.0,0.05,session_20260828_210132_segment017,runtime_camera,40,3,39,0.6666666666666666,0.07692307692307693,0.10792512604417051,0.11045826831264863,0.11014583764178289,-2.057640958143061
50.0,5.0,0.05,session_20260828_210132_segment018,runtime_camera,50,5,49,0.7346938775510204,0.10204081632653061,0.17588401005881693,0.17398294846770904,0.1742323767872372,0.9390468587948534
50.0,5.0,0.05,session_20260828_210132_segment019,runtime_camera,4,0,3,0.0,0.0,0.18961839309235046,0.18961839309235046,0.18961839309235046,0.0
50.0,5.0,0.05,session_20260828_210132_segment020,runtime_camera,54,0,53,0.7547169811320755,0.0,0.11180790739742016,0.11075778921265945,0.11093086053878548,0.784422925936024
50.0,5.0,0.05,session_20260828_210132_segment021,runtime_camera,46,1,45,0.7111111111111111,0.022222222222222223,0.12183853507196417,0.12092355502079308,0.12113215329179276,0.579768773281934
50.0,5.0,0.05,session_20260828_210132_segment022,runtime_camera,45,2,43,0.7209302325581395,0.023255813953488372,0.10649835087541314,0.1089046977355309,0.10851483421787714,-1.893440908604284
50.0,5.0,0.05,session_20260828_210132_segment023,runtime_camera,65,4,64,0.796875,0.03125,0.12039433000126881,0.1190587404960651,0.11755964340627462,2.3545017402101256
50.0,5.0,0.05,session_20260828_210132_segment024,runtime_camera,120,11,119,0.8907563025210085,0.07563025210084033,0.12535864633016816,0.1181259476242223,0.11766554510877447,6.136873240583411
50.0,10.0,0.0,session_20260828_210132_segment000,runtime_camera,2,0,1,0.0,0.0,0.3303708577133071,0.3303708577133071,0.3303708577133071,0.0
50.0,10.0,0.0,session_20260828_210132_segment001,runtime_camera,5,0,4,0.0,0.0,0.0907779556536917,0.0907779556536917,0.0907779556536917,0.0
50.0,10.0,0.0,session_20260828_210132_segment002,runtime_camera,19,0,18,0.2222222222222222,0.0,0.07758245828779642,0.07760249249059516,0.07758342433518575,-0.0012451879080061946
50.0,10.0,0.0,session_20260828_210132_segment003,runtime_camera,13,0,12,0.0,0.0,0.15054955598512265,0.15054955598512265,0.15054955598512265,0.0
50.0,10.0,0.0,session_20260828_210132_segment004,runtime_camera,7,0,6,0.0,0.0,0.15253025964762604,0.15253025964762604,0.15253025964762604,0.0
50.0,10.0,0.0,session_20260828_210132_segment005,runtime_camera,24,0,23,0.34782608695652173,0.0,0.12307305965560154,0.11174565887037097,0.11347553365770238,7.798234662204841
50.0,10.0,0.0,session_20260828_210132_segment006,runtime_camera,5,0,4,0.0,0.0,0.0,0.0,0.0,
50.0,10.0,0.0,session_20260828_210132_segment007,runtime_camera,10,0,9,0.0,0.0,0.20123577573891308,0.20123577573891308,0.20123577573891308,0.0
50.0,10.0,0.0,session_20260828_210132_segment008,runtime_camera,15,0,14,0.07142857142857142,0.0,0.21069303442543802,0.21062341360284875,0.21067876723883908,0.0067715511515839865
50.0,10.0,0.0,session_20260828_210132_segment009,runtime_camera,2,0,1,0.0,0.0,0.03789296328826273,0.03789296328826273,0.03789296328826273,0.0
50.0,10.0,0.0,session_20260828_210132_segment010,runtime_camera,7,0,6,0.0,0.0,0.14192025310135487,0.14192025310135487,0.14192025310135487,0.0
50.0,10.0,0.0,session_20260828_210132_segment011,runtime_camera,7,0,6,0.0,0.0,0.0,0.0,0.0,
50.0,10.0,0.0,session_20260828_210132_segment012,runtime_camera,8,0,7,0.0,0.0,0.2939184749655413,0.2939184749655413,0.2939184749655413,0.0
50.0,10.0,0.0,session_20260828_210132_segment013,runtime_camera,16,0,15,0.13333333333333333,0.0,0.13328275275785445,0.13329356392276567,0.13328312419438398,-0.0002786831167934922
50.0,10.0,0.0,session_20260828_210132_segment014,runtime_camera,117,0,116,0.8879310344827587,0.0,0.18359442991524727,0.17751033565185548,0.17772313213020824,3.197971631137938
50.0,10.0,0.0,session_20260828_210132_segment015,runtime_camera,18,0,17,0.23529411764705882,0.0,0.14092867717459215,0.1283636252835385,0.12938220105416212,8.193134535794625
50.0,10.0,0.0,session_20260828_210132_segment016,runtime_camera,11,0,10,0.0,0.0,0.17548776770893484,0.17548776770893484,0.17548776770893484,0.0
50.0,10.0,0.0,session_20260828_210132_segment017,runtime_camera,40,0,39,0.6666666666666666,0.0,0.1078467248385222,0.11050649098178958,0.11020543121158291,-2.1870913341062295
50.0,10.0,0.0,session_20260828_210132_segment018,runtime_camera,50,0,49,0.7346938775510204,0.0,0.15803336716919428,0.15358495553561202,0.1537652410865336,2.7007752597532835
50.0,10.0,0.0,session_20260828_210132_segment019,runtime_camera,4,0,3,0.0,0.0,0.18961839309235046,0.18961839309235046,0.18961839309235046,0.0
50.0,10.0,0.0,session_20260828_210132_segment020,runtime_camera,54,0,53,0.7547169811320755,0.0,0.11180790739742016,0.11075778921265945,0.11093086053878548,0.784422925936024
50.0,10.0,0.0,session_20260828_210132_segment021,runtime_camera,46,0,45,0.7111111111111111,0.0,0.12174051375459646,0.1208974376919162,0.12110522210334047,0.5218407838631316
50.0,10.0,0.0,session_20260828_210132_segment022,runtime_camera,45,0,44,0.7045454545454546,0.0,0.10793083929456562,0.11028481391365887,0.10992964273285318,-1.8519298574454737
50.0,10.0,0.0,session_20260828_210132_segment023,runtime_camera,65,0,64,0.796875,0.0,0.11437738918986066,0.11298685867990978,0.11137629733722502,2.62385063507087
50.0,10.0,0.0,session_20260828_210132_segment024,runtime_camera,120,0,119,0.8907563025210085,0.0,0.12282773099875575,0.12036905954116242,0.1199321752790596,2.357412040547659
50.0,10.0,0.01,session_20260828_210132_segment000,runtime_camera,2,0,1,0.0,0.0,0.3303708577133071,0.3303708577133071,0.3303708577133071,0.0
50.0,10.0,0.01,session_20260828_210132_segment001,runtime_camera,5,0,4,0.0,0.0,0.0907779556536917,0.0907779556536917,0.0907779556536917,0.0
50.0,10.0,0.01,session_20260828_210132_segment002,runtime_camera,19,0,18,0.2222222222222222,0.0,0.07758245828779642,0.07760249249059516,0.07758342433518575,-0.0012451879080061946
50.0,10.0,0.01,session_20260828_210132_segment003,runtime_camera,13,0,12,0.0,0.0,0.15054955598512265,0.15054955598512265,0.15054955598512265,0.0
50.0,10.0,0.01,session_20260828_210132_segment004,runtime_camera,7,0,6,0.0,0.0,0.15253025964762604,0.15253025964762604,0.15253025964762604,0.0
50.0,10.0,0.01,session_20260828_210132_segment005,runtime_camera,24,0,23,0.391304347826087,0.0,0.12307259264994656,0.11174604156930529,0.11347507934708224,7.798253937952193
50.0,10.0,0.01,session_20260828_210132_segment006,runtime_camera,5,0,4,0.0,0.0,0.0,0.0,0.0,
50.0,10.0,0.01,session_20260828_210132_segment007,runtime_camera,10,0,9,0.0,0.0,0.20123577573891308,0.20123577573891308,0.20123577573891308,0.0
50.0,10.0,0.01,session_20260828_210132_segment008,runtime_camera,15,0,14,0.07142857142857142,0.0,0.21069303442543802,0.21062341360284875,0.21067876723883908,0.0067715511515839865
50.0,10.0,0.01,session_20260828_210132_segment009,runtime_camera,2,0,1,0.0,0.0,0.03789296328826273,0.03789296328826273,0.03789296328826273,0.0
50.0,10.0,0.01,session_20260828_210132_segment010,runtime_camera,7,0,6,0.0,0.0,0.14192025310135487,0.14192025310135487,0.14192025310135487,0.0
50.0,10.0,0.01,session_20260828_210132_segment011,runtime_camera,7,0,6,0.0,0.0,0.0,0.0,0.0,
50.0,10.0,0.01,session_20260828_210132_segment012,runtime_camera,8,0,7,0.0,0.0,0.2939184749655413,0.2939184749655413,0.2939184749655413,0.0
50.0,10.0,0.01,session_20260828_210132_segment013,runtime_camera,16,0,15,0.13333333333333333,0.0,0.13328275275785445,0.13329356392276567,0.13328312419438398,-0.0002786831167934922
50.0,10.0,0.01,session_20260828_210132_segment014,runtime_camera,117,2,116,0.8879310344827587,0.017241379310344827,0.18359086252706558,0.17751851334017718,0.17773022224782656,3.19222874089119
50.0,10.0,0.01,session_20260828_210132_segment015,runtime_camera,18,0,17,0.23529411764705882,0.0,0.14092867717459215,0.1283636252835385,0.12938220105416212,8.193134535794625
50.0,10.0,0.01,session_20260828_210132_segment016,runtime_camera,11,0,10,0.0,0.0,0.17548776770893484,0.17548776770893484,0.17548776770893484,0.0
50.0,10.0,0.01,session_20260828_210132_segment017,runtime_camera,40,1,39,0.6666666666666666,0.0,0.1078467248385222,0.11050649098178958,0.11020543121158291,-2.1870913341062295
50.0,10.0,0.01,session_20260828_210132_segment018,runtime_camera,50,0,49,0.7346938775510204,0.0,0.15803336716919428,0.15358495553561202,0.1537652410865336,2.7007752597532835
50.0,10.0,0.01,session_20260828_210132_segment019,runtime_camera,4,0,3,0.0,0.0,0.18961839309235046,0.18961839309235046,0.18961839309235046,0.0
50.0,10.0,0.01,session_20260828_210132_segment020,runtime_camera,54,0,53,0.7547169811320755,0.0,0.11180790739742016,0.11075778921265945,0.11093086053878548,0.784422925936024
50.0,10.0,0.01,session_20260828_210132_segment021,runtime_camera,46,2,45,0.7111111111111111,0.044444444444444446,0.12193116719148948,0.12114631803426001,0.12136036268342747,0.468136671869617
50.0,10.0,0.01,session_20260828_210132_segment022,runtime_camera,45,1,44,0.7045454545454546,0.0,0.10793037098551196,0.1102843556004715,0.10992918293889767,-1.8519457823915175
50.0,10.0,0.01,session_20260828_210132_segment023,runtime_camera,65,0,64,0.796875,0.0,0.11437738918986066,0.11298685867990978,0.11137629733722502,2.62385063507087
50.0,10.0,0.01,session_20260828_210132_segment024,runtime_camera,120,3,119,0.8907563025210085,0.025210084033613446,0.12284965240964263,0.12048573399670852,0.11997813221342912,2.3374263906245427
50.0,10.0,0.05,session_20260828_210132_segment000,runtime_camera,2,0,1,0.0,0.0,0.3303708577133071,0.3303708577133071,0.3303708577133071,0.0
50.0,10.0,0.05,session_20260828_210132_segment001,runtime_camera,5,0,4,0.0,0.0,0.0907779556536917,0.0907779556536917,0.0907779556536917,0.0
50.0,10.0,0.05,session_20260828_210132_segment002,runtime_camera,19,1,18,0.2222222222222222,0.0,0.0776601239618568,0.07763288729887385,0.07764103139954506,0.02458476929693621
50.0,10.0,0.05,session_20260828_210132_segment003,runtime_camera,13,0,12,0.0,0.0,0.15054955598512265,0.15054955598512265,0.15054955598512265,0.0
50.0,10.0,0.05,session_20260828_210132_segment004,runtime_camera,7,1,6,0.0,0.0,0.1644087982548543,0.1644087982548543,0.1644087982548543,0.0
50.0,10.0,0.05,session_20260828_210132_segment005,runtime_camera,24,2,23,0.391304347826087,0.0,0.14217130479892687,0.13248771510241464,0.13394928323614239,5.7831793654935515
50.0,10.0,0.05,session_20260828_210132_segment006,runtime_camera,5,0,4,0.0,0.0,0.0,0.0,0.0,
50.0,10.0,0.05,session_20260828_210132_segment007,runtime_camera,10,1,9,0.0,0.0,0.20123577573891308,0.20123577573891308,0.20123577573891308,0.0
50.0,10.0,0.05,session_20260828_210132_segment008,runtime_camera,15,2,13,0.07692307692307693,0.0,0.2410815214043054,0.2410159978645592,0.24106809354847997,0.005569840337493834
50.0,10.0,0.05,session_20260828_210132_segment009,runtime_camera,2,0,1,0.0,0.0,0.03789296328826273,0.03789296328826273,0.03789296328826273,0.0
50.0,10.0,0.05,session_20260828_210132_segment010,runtime_camera,7,0,6,0.0,0.0,0.14192025310135487,0.14192025310135487,0.14192025310135487,0.0
50.0,10.0,0.05,session_20260828_210132_segment011,runtime_camera,7,1,6,0.0,0.0,0.0,0.0,0.0,
50.0,10.0,0.05,session_20260828_210132_segment012,runtime_camera,8,1,7,0.0,0.0,0.29391844859972566,0.29391844859972566,0.29391844859972566,0.0
50.0,10.0,0.05,session_20260828_210132_segment013,runtime_camera,16,0,15,0.13333333333333333,0.0,0.13328275275785445,0.13329356392276567,0.13328312419438398,-0.0002786831167934922
50.0,10.0,0.05,session_20260828_210132_segment014,runtime_camera,117,12,116,0.8879310344827587,0.08620689655172414,0.19512768063828795,0.18524833446047956,0.18545343922806176,4.957903142486237
50.0,10.0,0.05,session_20260828_210132_segment015,runtime_camera,18,4,17,0.17647058823529413,0.058823529411764705,0.16515029046809357,0.14049923928124963,0.14142935969681353,14.363238904422536
50.0,10.0,0.05,session_20260828_210132_segment016,runtime_camera,11,1,10,0.0,0.0,0.17548776770893484,0.17548776770893484,0.17548776770893484,0.0
50.0,10.0,0.05,session_20260828_210132_segment017,runtime_camera,40,2,39,0.6410256410256411,0.02564102564102564,0.10950185662169089,0.11218151536177645,0.1118839915458607,-2.175428798800794
50.0,10.0,0.05,session_20260828_210132_segment018,runtime_camera,50,2,49,0.7346938775510204,0.04081632653061224,0.15791443219716503,0.15363666102463053,0.15383034504486529,2.5862659260937786
50.0,10.0,0.05,session_20260828_210132_segment019,runtime_camera,4,0,3,0.0,0.0,0.18961839309235046,0.18961839309235046,0.18961839309235046,0.0
50.0,10.0,0.05,session_20260828_210132_segment020,runtime_camera,54,2,53,0.7547169811320755,0.03773584905660377,0.11308116031236488,0.1120451451061823,0.11222363380211953,0.7583283615737632
50.0,10.0,0.05,session_20260828_210132_segment021,runtime_camera,46,0,45,0.7111111111111111,0.0,0.12174051375459646,0.1208974376919162,0.12110522210334047,0.5218407838631316
50.0,10.0,0.05,session_20260828_210132_segment022,runtime_camera,45,1,44,0.7045454545454546,0.022727272727272728,0.10804036193520813,0.11038015843508006,0.11001366447474839,-1.8264493974239429
50.0,10.0,0.05,session_20260828_210132_segment023,runtime_camera,65,1,64,0.796875,0.015625,0.11441553545554158,0.1130537717989601,0.11142402796938233,2.6145990352172515
50.0,10.0,0.05,session_20260828_210132_segment024,runtime_camera,120,1,119,0.8907563025210085,0.008403361344537815,0.12282501763090194,0.12036604660148721,0.11992901600971845,2.3578271569121068
100.0,0.0,0.0,session_20260828_210132_segment000,runtime_camera,2,0,0,,,,,,
100.0,0.0,0.0,session_20260828_210132_segment001,runtime_camera,5,0,3,0.0,0.0,0.1205045740317828,0.1205045740317828,0.1205045740317828,0.0
100.0,0.0,0.0,session_20260828_210132_segment002,runtime_camera,19,0,17,0.17647058823529413,0.0,0.11742364306752658,0.11720586928258592,0.11731623102215004,0.09147395070579424
100.0,0.0,0.0,session_20260828_210132_segment003,runtime_camera,13,0,11,0.0,0.0,0.20999208734085567,0.20999208734085567,0.20999208734085567,0.0
100.0,0.0,0.0,session_20260828_210132_segment004,runtime_camera,7,0,5,0.0,0.0,0.19328620207016356,0.19328620207016356,0.19328620207016356,0.0
100.0,0.0,0.0,session_20260828_210132_segment005,runtime_camera,24,0,22,0.36363636363636365,0.09090909090909091,0.17436018022303862,0.15229247605593135,0.15297989290066402,12.262138806592935
100.0,0.0,0.0,session_20260828_210132_segment006,runtime_camera,5,0,3,0.0,0.0,0.0,0.0,0.0,
100.0,0.0,0.0,session_20260828_210132_segment007,runtime_camera,10,0,8,0.0,0.0,0.35201392478260546,0.35201392478260546,0.35201392478260546,0.0
100.0,0.0,0.0,session_20260828_210132_segment008,runtime_camera,15,0,13,0.0,0.0,0.2990973244369221,0.2990973244369221,0.2990973244369221,0.0
100.0,0.0,0.0,session_20260828_210132_segment009,runtime_camera,2,0,0,,,,,,
100.0,0.0,0.0,session_20260828_210132_segment010,runtime_camera,7,0,5,0.0,0.0,0.1640865729527003,0.1640865729527003,0.1640865729527003,0.0
100.0,0.0,0.0,session_20260828_210132_segment011,runtime_camera,7,0,5,0.0,0.0,0.0,0.0,0.0,
100.0,0.0,0.0,session_20260828_210132_segment012,runtime_camera,8,0,6,0.0,0.0,0.4511060117831596,0.4511060117831596,0.4511060117831596,0.0
100.0,0.0,0.0,session_20260828_210132_segment013,runtime_camera,16,0,14,0.07142857142857142,0.07142857142857142,0.23101497953490152,0.231019947674001,0.2310151821700756,-8.771516656307724e-05
100.0,0.0,0.0,session_20260828_210132_segment014,runtime_camera,117,0,115,0.8869565217391304,0.782608695652174,0.2781800707981327,0.2696833434007756,0.270019512864965,2.933552324490402
100.0,0.0,0.0,session_20260828_210132_segment015,runtime_camera,18,0,16,0.1875,0.1875,0.23267333080995875,0.221145084240285,0.2225106231269354,4.367800833746596
100.0,0.0,0.0,session_20260828_210132_segment016,runtime_camera,11,0,9,0.0,0.0,0.258844002380223,0.258844002380223,0.258844002380223,0.0
100.0,0.0,0.0,session_20260828_210132_segment017,runtime_camera,40,0,38,0.6578947368421053,0.6578947368421053,0.13529902114125994,0.12855051292664466,0.1289216198973538,4.713560519589995
100.0,0.0,0.0,session_20260828_210132_segment018,runtime_camera,50,0,48,0.7291666666666666,0.7291666666666666,0.2328937177259457,0.23372218383915552,0.23409327448505926,-0.51506617302796
100.0,0.0,0.0,session_20260828_210132_segment019,runtime_camera,4,0,2,0.0,0.0,0.2251139835514,0.2251139835514,0.2251139835514,0.0
100.0,0.0,0.0,session_20260828_210132_segment020,runtime_camera,54,0,52,0.75,0.7115384615384616,0.16431195660516085,0.16167317307911966,0.16161735608856861,1.639929663224276
100.0,0.0,0.0,session_20260828_210132_segment021,runtime_camera,46,0,44,0.7045454545454546,0.6363636363636364,0.1554661814402368,0.15593259269493645,0.15550464434379488,-0.024740366812742623
100.0,0.0,0.0,session_20260828_210132_segment022,runtime_camera,45,0,43,0.6976744186046512,0.6511627906976745,0.1461624614872061,0.1565004666566957,0.15579908057981542,-6.593087578408657
100.0,0.0,0.0,session_20260828_210132_segment023,runtime_camera,65,0,63,0.7936507936507936,0.7936507936507936,0.17224343453210114,0.17397559316703082,0.17010881062474145,1.239306399781443
100.0,0.0,0.0,session_20260828_210132_segment024,runtime_camera,120,0,118,0.8898305084745762,0.8898305084745762,0.18705107734840762,0.18068264032288953,0.18007080230487651,3.731748109918345
100.0,0.0,0.01,session_20260828_210132_segment000,runtime_camera,2,0,0,,,,,,
100.0,0.0,0.01,session_20260828_210132_segment001,runtime_camera,5,0,3,0.0,0.0,0.1205045740317828,0.1205045740317828,0.1205045740317828,0.0
100.0,0.0,0.01,session_20260828_210132_segment002,runtime_camera,19,0,17,0.17647058823529413,0.0,0.11742364306752658,0.11720586928258592,0.11731623102215004,0.09147395070579424
100.0,0.0,0.01,session_20260828_210132_segment003,runtime_camera,13,0,11,0.0,0.0,0.20999208734085567,0.20999208734085567,0.20999208734085567,0.0
100.0,0.0,0.01,session_20260828_210132_segment004,runtime_camera,7,0,5,0.0,0.0,0.19328620207016356,0.19328620207016356,0.19328620207016356,0.0
100.0,0.0,0.01,session_20260828_210132_segment005,runtime_camera,24,1,22,0.36363636363636365,0.09090909090909091,0.1743587664188935,0.15229085738465778,0.15297828150298456,12.262351561115512
100.0,0.0,0.01,session_20260828_210132_segment006,runtime_camera,5,0,3,0.0,0.0,0.0,0.0,0.0,
100.0,0.0,0.01,session_20260828_210132_segment007,runtime_camera,10,0,8,0.0,0.0,0.35201392478260546,0.35201392478260546,0.35201392478260546,0.0
100.0,0.0,0.01,session_20260828_210132_segment008,runtime_camera,15,2,13,0.0,0.0,0.3337336728051468,0.3337336728051468,0.3337336728051468,0.0
100.0,0.0,0.01,session_20260828_210132_segment009,runtime_camera,2,0,0,,,,,,
100.0,0.0,0.01,session_20260828_210132_segment010,runtime_camera,7,0,5,0.0,0.0,0.1640865729527003,0.1640865729527003,0.1640865729527003,0.0
100.0,0.0,0.01,session_20260828_210132_segment011,runtime_camera,7,0,5,0.0,0.0,0.0,0.0,0.0,
100.0,0.0,0.01,session_20260828_210132_segment012,runtime_camera,8,0,6,0.0,0.0,0.4511060117831596,0.4511060117831596,0.4511060117831596,0.0
100.0,0.0,0.01,session_20260828_210132_segment013,runtime_camera,16,0,14,0.07142857142857142,0.07142857142857142,0.23101497953490152,0.231019947674001,0.2310151821700756,-8.771516656307724e-05
100.0,0.0,0.01,session_20260828_210132_segment014,runtime_camera,117,1,115,0.8782608695652174,0.782608695652174,0.2781800707981327,0.26969178231729596,0.27002129779887657,2.9329106775505465
100.0,0.0,0.01,session_20260828_210132_segment015,runtime_camera,18,0,16,0.1875,0.1875,0.23267333080995875,0.221145084240285,0.2225106231269354,4.367800833746596
100.0,0.0,0.01,session_20260828_210132_segment016,runtime_camera,11,0,9,0.0,0.0,0.258844002380223,0.258844002380223,0.258844002380223,0.0
100.0,0.0,0.01,session_20260828_210132_segment017,runtime_camera,40,1,38,0.6578947368421053,0.6578947368421053,0.1353839049010277,0.12856713901795455,0.12896496465499188,4.741287563487237
100.0,0.0,0.01,session_20260828_210132_segment018,runtime_camera,50,0,48,0.7291666666666666,0.7291666666666666,0.2328937177259457,0.23372218383915552,0.23409327448505926,-0.51506617302796
100.0,0.0,0.01,session_20260828_210132_segment019,runtime_camera,4,0,2,0.0,0.0,0.2251139835514,0.2251139835514,0.2251139835514,0.0
100.0,0.0,0.01,session_20260828_210132_segment020,runtime_camera,54,1,52,0.75,0.7115384615384616,0.16431899831959493,0.16168032972136645,0.16162451520236024,1.6397879397937982
100.0,0.0,0.01,session_20260828_210132_segment021,runtime_camera,46,0,44,0.7045454545454546,0.6363636363636364,0.1554661814402368,0.15593259269493645,0.15550464434379488,-0.024740366812742623
100.0,0.0,0.01,session_20260828_210132_segment022,runtime_camera,45,1,43,0.6976744186046512,0.6511627906976745,0.14841271438131642,0.15860411314273892,0.15791207094945914,-6.400635287712642
100.0,0.0,0.01,session_20260828_210132_segment023,runtime_camera,65,0,63,0.7936507936507936,0.7936507936507936,0.17224343453210114,0.17397559316703082,0.17010881062474145,1.239306399781443
100.0,0.0,0.01,session_20260828_210132_segment024,runtime_camera,120,2,118,0.8898305084745762,0.8898305084745762,0.18810258647073852,0.18202262371305605,0.18146669113118855,3.5278065358140425
100.0,0.0,0.05,session_20260828_210132_segment000,runtime_camera,2,0,0,,,,,,
100.0,0.0,0.05,session_20260828_210132_segment001,runtime_camera,5,0,3,0.0,0.0,0.1205045740317828,0.1205045740317828,0.1205045740317828,0.0
100.0,0.0,0.05,session_20260828_210132_segment002,runtime_camera,19,0,17,0.17647058823529413,0.0,0.11742364306752658,0.11720586928258592,0.11731623102215004,0.09147395070579424
100.0,0.0,0.05,session_20260828_210132_segment003,runtime_camera,13,0,11,0.0,0.0,0.20999208734085567,0.20999208734085567,0.20999208734085567,0.0
100.0,0.0,0.05,session_20260828_210132_segment004,runtime_camera,7,0,5,0.0,0.0,0.19328620207016356,0.19328620207016356,0.19328620207016356,0.0
100.0,0.0,0.05,session_20260828_210132_segment005,runtime_camera,24,1,22,0.36363636363636365,0.09090909090909091,0.17436018022303862,0.15230053386760034,0.15298153798507827,12.261195308821744
100.0,0.0,0.05,session_20260828_210132_segment006,runtime_camera,5,0,3,0.0,0.0,0.0,0.0,0.0,
100.0,0.0,0.05,session_20260828_210132_segment007,runtime_camera,10,0,8,0.0,0.0,0.35201392478260546,0.35201392478260546,0.35201392478260546,0.0
100.0,0.0,0.05,session_20260828_210132_segment008,runtime_camera,15,1,13,0.0,0.0,0.3158689913735704,0.3158689913735704,0.3158689913735704,0.0
100.0,0.0,0.05,session_20260828_210132_segment009,runtime_camera,2,1,0,,,,,,
100.0,0.0,0.05,session_20260828_210132_segment010,runtime_camera,7,0,5,0.0,0.0,0.1640865729527003,0.1640865729527003,0.1640865729527003,0.0
100.0,0.0,0.05,session_20260828_210132_segment011,runtime_camera,7,0,5,0.0,0.0,0.0,0.0,0.0,
100.0,0.0,0.05,session_20260828_210132_segment012,runtime_camera,8,1,6,0.0,0.0,0.5563904370542444,0.5563904370542444,0.5563904370542444,0.0
100.0,0.0,0.05,session_20260828_210132_segment013,runtime_camera,16,0,14,0.07142857142857142,0.07142857142857142,0.23101497953490152,0.231019947674001,0.2310151821700756,-8.771516656307724e-05
100.0,0.0,0.05,session_20260828_210132_segment014,runtime_camera,117,6,115,0.8869565217391304,0.8,0.2963479171061326,0.2873764883529392,0.28796436672358877,2.828955392840302
100.0,0.0,0.05,session_20260828_210132_segment015,runtime_camera,18,1,16,0.1875,0.1875,0.23267331192222218,0.22114506436793466,0.22251060337654088,4.367801559071149
100.0,0.0,0.05,session_20260828_210132_segment016,runtime_camera,11,0,9,0.0,0.0,0.258844002380223,0.258844002380223,0.258844002380223,0.0
100.0,0.0,0.05,session_20260828_210132_segment017,runtime_camera,40,4,38,0.6578947368421053,0.6578947368421053,0.14022023715429452,0.13503422851890878,0.1353452017419007,3.4766988783719266
100.0,0.0,0.05,session_20260828_210132_segment018,runtime_camera,50,2,48,0.7291666666666666,0.7291666666666666,0.24265158109413115,0.24542612726119606,0.24576467584792216,-1.2829484727665377
100.0,0.0,0.05,session_20260828_210132_segment019,runtime_camera,4,1,2,0.0,0.0,0.2251139835514,0.2251139835514,0.2251139835514,0.0
100.0,0.0,0.05,session_20260828_210132_segment020,runtime_camera,54,3,52,0.75,0.7115384615384616,0.16433025422719258,0.16165857291951757,0.16162510598427057,1.6461656775520106
100.0,0.0,0.05,session_20260828_210132_segment021,runtime_camera,46,1,44,0.7045454545454546,0.6363636363636364,0.1677807450575437,0.16821301467193553,0.16781638553176498,-0.021242291068056234
100.0,0.0,0.05,session_20260828_210132_segment022,runtime_camera,45,2,43,0.6976744186046512,0.6744186046511628,0.14608192367475245,0.15639794076937732,0.15569629464383,-6.581492581165412
100.0,0.0,0.05,session_20260828_210132_segment023,runtime_camera,65,8,63,0.7936507936507936,0.7936507936507936,0.1831233072878429,0.18362039903828584,0.17997540620657776,1.719006241142808
100.0,0.0,0.05,session_20260828_210132_segment024,runtime_camera,120,5,118,0.8898305084745762,0.8898305084745762,0.18703314889624958,0.1807631312695317,0.18013532348144393,3.688022928294918
100.0,5.0,0.0,session_20260828_210132_segment000,runtime_camera,2,0,0,,,,,,
100.0,5.0,0.0,session_20260828_210132_segment001,runtime_camera,5,0,3,0.0,0.0,0.1205045740317828,0.1205045740317828,0.1205045740317828,0.0
100.0,5.0,0.0,session_20260828_210132_segment002,runtime_camera,19,0,17,0.17647058823529413,0.0,0.11742364306752658,0.11720586928258592,0.11731623102215004,0.09147395070579424
100.0,5.0,0.0,session_20260828_210132_segment003,runtime_camera,13,0,11,0.0,0.0,0.20999208734085567,0.20999208734085567,0.20999208734085567,0.0
100.0,5.0,0.0,session_20260828_210132_segment004,runtime_camera,7,0,5,0.0,0.0,0.19328620207016356,0.19328620207016356,0.19328620207016356,0.0
100.0,5.0,0.0,session_20260828_210132_segment005,runtime_camera,24,0,22,0.36363636363636365,0.09090909090909091,0.17436018022303862,0.15229247605593135,0.15297989290066402,12.262138806592935
100.0,5.0,0.0,session_20260828_210132_segment006,runtime_camera,5,0,3,0.0,0.0,0.0,0.0,0.0,
100.0,5.0,0.0,session_20260828_210132_segment007,runtime_camera,10,0,8,0.0,0.0,0.35201392478260546,0.35201392478260546,0.35201392478260546,0.0
100.0,5.0,0.0,session_20260828_210132_segment008,runtime_camera,15,0,13,0.0,0.0,0.2990973244369221,0.2990973244369221,0.2990973244369221,0.0
100.0,5.0,0.0,session_20260828_210132_segment009,runtime_camera,2,0,0,,,,,,
100.0,5.0,0.0,session_20260828_210132_segment010,runtime_camera,7,0,5,0.0,0.0,0.1640865729527003,0.1640865729527003,0.1640865729527003,0.0
100.0,5.0,0.0,session_20260828_210132_segment011,runtime_camera,7,0,5,0.0,0.0,0.0,0.0,0.0,
100.0,5.0,0.0,session_20260828_210132_segment012,runtime_camera,8,0,6,0.0,0.0,0.4511060117831596,0.4511060117831596,0.4511060117831596,0.0
100.0,5.0,0.0,session_20260828_210132_segment013,runtime_camera,16,0,14,0.07142857142857142,0.07142857142857142,0.23101497953490152,0.231019947674001,0.2310151821700756,-8.771516656307724e-05
100.0,5.0,0.0,session_20260828_210132_segment014,runtime_camera,117,0,115,0.8869565217391304,0.782608695652174,0.2781800707981327,0.2696833434007756,0.270019512864965,2.933552324490402
100.0,5.0,0.0,session_20260828_210132_segment015,runtime_camera,18,0,16,0.1875,0.1875,0.23267333080995875,0.221145084240285,0.2225106231269354,4.367800833746596
100.0,5.0,0.0,session_20260828_210132_segment016,runtime_camera,11,0,9,0.0,0.0,0.258844002380223,0.258844002380223,0.258844002380223,0.0
100.0,5.0,0.0,session_20260828_210132_segment017,runtime_camera,40,0,38,0.6578947368421053,0.6578947368421053,0.13529902114125994,0.12855051292664466,0.1289216198973538,4.713560519589995
100.0,5.0,0.0,session_20260828_210132_segment018,runtime_camera,50,0,48,0.7291666666666666,0.7291666666666666,0.2328937177259457,0.23372218383915552,0.23409327448505926,-0.51506617302796
100.0,5.0,0.0,session_20260828_210132_segment019,runtime_camera,4,0,2,0.0,0.0,0.2251139835514,0.2251139835514,0.2251139835514,0.0
100.0,5.0,0.0,session_20260828_210132_segment020,runtime_camera,54,0,52,0.75,0.7115384615384616,0.16431195660516085,0.16167317307911966,0.16161735608856861,1.639929663224276
100.0,5.0,0.0,session_20260828_210132_segment021,runtime_camera,46,0,44,0.7045454545454546,0.6363636363636364,0.1554661814402368,0.15593259269493645,0.15550464434379488,-0.024740366812742623
100.0,5.0,0.0,session_20260828_210132_segment022,runtime_camera,45,0,43,0.6976744186046512,0.6511627906976745,0.1461624614872061,0.1565004666566957,0.15579908057981542,-6.593087578408657
100.0,5.0,0.0,session_20260828_210132_segment023,runtime_camera,65,0,63,0.7936507936507936,0.7936507936507936,0.17224343453210114,0.17397559316703082,0.17010881062474145,1.239306399781443
100.0,5.0,0.0,session_20260828_210132_segment024,runtime_camera,120,0,118,0.8898305084745762,0.8898305084745762,0.18705107734840762,0.18068264032288953,0.18007080230487651,3.731748109918345
100.0,5.0,0.01,session_20260828_210132_segment000,runtime_camera,2,0,0,,,,,,
100.0,5.0,0.01,session_20260828_210132_segment001,runtime_camera,5,0,3,0.0,0.0,0.1205045740317828,0.1205045740317828,0.1205045740317828,0.0
100.0,5.0,0.01,session_20260828_210132_segment002,runtime_camera,19,1,17,0.17647058823529413,0.058823529411764705,0.11740183617426796,0.11720572933209493,0.11729429582795924,0.09160022518650489
100.0,5.0,0.01,session_20260828_210132_segment003,runtime_camera,13,0,11,0.0,0.0,0.20999208734085567,0.20999208734085567,0.20999208734085567,0.0
100.0,5.0,0.01,session_20260828_210132_segment004,runtime_camera,7,1,5,0.0,0.0,0.21151507207774775,0.21151507207774775,0.21151507207774775,0.0
100.0,5.0,0.01,session_20260828_210132_segment005,runtime_camera,24,0,22,0.36363636363636365,0.09090909090909091,0.17436018022303862,0.15229247605593135,0.15297989290066402,12.262138806592935
100.0,5.0,0.01,session_20260828_210132_segment006,runtime_camera,5,0,3,0.0,0.0,0.0,0.0,0.0,
100.0,5.0,0.01,session_20260828_210132_segment007,runtime_camera,10,1,8,0.0,0.0,0.35201392478260546,0.35201392478260546,0.35201392478260546,0.0
100.0,5.0,0.01,session_20260828_210132_segment008,runtime_camera,15,0,13,0.0,0.0,0.2990973244369221,0.2990973244369221,0.2990973244369221,0.0
100.0,5.0,0.01,session_20260828_210132_segment009,runtime_camera,2,0,0,,,,,,
100.0,5.0,0.01,session_20260828_210132_segment010,runtime_camera,7,0,5,0.0,0.0,0.1640865729527003,0.1640865729527003,0.1640865729527003,0.0
100.0,5.0,0.01,session_20260828_210132_segment011,runtime_camera,7,0,5,0.0,0.0,0.0,0.0,0.0,
100.0,5.0,0.01,session_20260828_210132_segment012,runtime_camera,8,0,6,0.0,0.0,0.4511060117831596,0.4511060117831596,0.4511060117831596,0.0
100.0,5.0,0.01,session_20260828_210132_segment013,runtime_camera,16,1,14,0.07142857142857142,0.07142857142857142,0.2310379407537087,0.23104290839907077,0.23103814336874434,-8.76977326655727e-05
100.0,5.0,0.01,session_20260828_210132_segment014,runtime_camera,117,3,115,0.8869565217391304,0.7913043478260869,0.28145016409195184,0.27396160498453886,0.27423861898847035,2.5622813640021267
100.0,5.0,0.01,session_20260828_210132_segment015,runtime_camera,18,1,16,0.1875,0.1875,0.23267509005970746,0.2211469351986033,0.22251246272608993,4.3677332760501635
100.0,5.0,0.01,session_20260828_210132_segment016,runtime_camera,11,0,9,0.0,0.0,0.258844002380223,0.258844002380223,0.258844002380223,0.0
100.0,5.0,0.01,session_20260828_210132_segment017,runtime_camera,40,0,38,0.6578947368421053,0.6578947368421053,0.13529902114125994,0.12855051292664466,0.1289216198973538,4.713560519589995
100.0,5.0,0.01,session_20260828_210132_segment018,runtime_camera,50,0,48,0.7291666666666666,0.7291666666666666,0.2328937177259457,0.23372218383915552,0.23409327448505926,-0.51506617302796
100.0,5.0,0.01,session_20260828_210132_segment019,runtime_camera,4,0,2,0.0,0.0,0.2251139835514,0.2251139835514,0.2251139835514,0.0
100.0,5.0,0.01,session_20260828_210132_segment020,runtime_camera,54,0,52,0.75,0.7115384615384616,0.16431195660516085,0.16167317307911966,0.16161735608856861,1.639929663224276
100.0,5.0,0.01,session_20260828_210132_segment021,runtime_camera,46,1,44,0.7045454545454546,0.6363636363636364,0.1554659337099827,0.15593956476206167,0.1555112852558533,-0.029171372009510314
100.0,5.0,0.01,session_20260828_210132_segment022,runtime_camera,45,0,43,0.6976744186046512,0.6511627906976745,0.1461624614872061,0.1565004666566957,0.15579908057981542,-6.593087578408657
100.0,5.0,0.01,session_20260828_210132_segment023,runtime_camera,65,1,63,0.7936507936507936,0.7936507936507936,0.17224598776649644,0.17398876928171791,0.1701277771941106,1.2297590207194686
100.0,5.0,0.01,session_20260828_210132_segment024,runtime_camera,120,0,118,0.8898305084745762,0.8898305084745762,0.18705107734840762,0.18068264032288953,0.18007080230487651,3.731748109918345
100.0,5.0,0.05,session_20260828_210132_segment000,runtime_camera,2,0,0,,,,,,
100.0,5.0,0.05,session_20260828_210132_segment001,runtime_camera,5,0,3,0.0,0.0,0.1205045740317828,0.1205045740317828,0.1205045740317828,0.0
100.0,5.0,0.05,session_20260828_210132_segment002,runtime_camera,19,2,17,0.17647058823529413,0.0,0.11740202292566557,0.11718420896210907,0.11729459108173361,0.09150765996594357
100.0,5.0,0.05,session_20260828_210132_segment003,runtime_camera,13,0,11,0.0,0.0,0.20999208734085567,0.20999208734085567,0.20999208734085567,0.0
100.0,5.0,0.05,session_20260828_210132_segment004,runtime_camera,7,0,5,0.0,0.0,0.19328620207016356,0.19328620207016356,0.19328620207016356,0.0
100.0,5.0,0.05,session_20260828_210132_segment005,runtime_camera,24,1,22,0.36363636363636365,0.09090909090909091,0.1744701002892515,0.15241831159928715,0.15310516346429864,12.245615030616841
100.0,5.0,0.05,session_20260828_210132_segment006,runtime_camera,5,0,3,0.0,0.0,0.0,0.0,0.0,
100.0,5.0,0.05,session_20260828_210132_segment007,runtime_camera,10,0,8,0.0,0.0,0.35201392478260546,0.35201392478260546,0.35201392478260546,0.0
100.0,5.0,0.05,session_20260828_210132_segment008,runtime_camera,15,1,13,0.0,0.0,0.3337336728051468,0.3337336728051468,0.3337336728051468,0.0
100.0,5.0,0.05,session_20260828_210132_segment009,runtime_camera,2,0,0,,,,,,
100.0,5.0,0.05,session_20260828_210132_segment010,runtime_camera,7,0,5,0.0,0.0,0.1640865729527003,0.1640865729527003,0.1640865729527003,0.0
100.0,5.0,0.05,session_20260828_210132_segment011,runtime_camera,7,1,5,0.0,0.0,0.0,0.0,0.0,
100.0,5.0,0.05,session_20260828_210132_segment012,runtime_camera,8,0,6,0.0,0.0,0.4511060117831596,0.4511060117831596,0.4511060117831596,0.0
100.0,5.0,0.05,session_20260828_210132_segment013,runtime_camera,16,0,14,0.07142857142857142,0.07142857142857142,0.23101497953490152,0.231019947674001,0.2310151821700756,-8.771516656307724e-05
100.0,5.0,0.05,session_20260828_210132_segment014,runtime_camera,117,7,115,0.8869565217391304,0.7913043478260869,0.28266267703307124,0.2737680474330095,0.27439689179809634,2.9242577484001577
100.0,5.0,0.05,session_20260828_210132_segment015,runtime_camera,18,1,16,0.125,0.125,0.233310826218803,0.22247349933411095,0.22333804157912993,4.274462870540103
100.0,5.0,0.05,session_20260828_210132_segment016,runtime_camera,11,1,9,0.0,0.0,0.258844002380223,0.258844002380223,0.258844002380223,0.0
100.0,5.0,0.05,session_20260828_210132_segment017,runtime_camera,40,2,38,0.6578947368421053,0.6578947368421053,0.13531401092008952,0.12855410165511402,0.12893532508310698,4.713987704310608
100.0,5.0,0.05,session_20260828_210132_segment018,runtime_camera,50,4,48,0.7291666666666666,0.7291666666666666,0.23288521957057928,0.23340232755803156,0.23377408464126048,-0.38167517557369757
100.0,5.0,0.05,session_20260828_210132_segment019,runtime_camera,4,0,2,0.0,0.0,0.2251139835514,0.2251139835514,0.2251139835514,0.0
100.0,5.0,0.05,session_20260828_210132_segment020,runtime_camera,54,1,52,0.75,0.7115384615384616,0.16431195660516085,0.1616731486594198,0.16161735509267444,1.639930269323913
100.0,5.0,0.05,session_20260828_210132_segment021,runtime_camera,46,1,44,0.7045454545454546,0.6363636363636364,0.1554660696424204,0.15593277358494032,0.1555049797121474,-0.025028014033222894
100.0,5.0,0.05,session_20260828_210132_segment022,runtime_camera,45,2,42,0.7142857142857143,0.6666666666666666,0.14562011135006062,0.15622652783767357,0.15551097792557272,-6.792239398674234
100.0,5.0,0.05,session_20260828_210132_segment023,runtime_camera,65,2,63,0.7936507936507936,0.7936507936507936,0.1729427021990847,0.17466792642705556,0.17081681696095155,1.2292425243164713
100.0,5.0,0.05,session_20260828_210132_segment024,runtime_camera,120,9,118,0.8898305084745762,0.8898305084745762,0.19786450909150033,0.19359752541875835,0.19272575863109498,2.597105708345598
100.0,10.0,0.0,session_20260828_210132_segment000,runtime_camera,2,0,0,,,,,,
100.0,10.0,0.0,session_20260828_210132_segment001,runtime_camera,5,0,3,0.0,0.0,0.1205045740317828,0.1205045740317828,0.1205045740317828,0.0
100.0,10.0,0.0,session_20260828_210132_segment002,runtime_camera,19,0,17,0.17647058823529413,0.0,0.11742364306752658,0.11720586928258592,0.11731623102215004,0.09147395070579424
100.0,10.0,0.0,session_20260828_210132_segment003,runtime_camera,13,0,11,0.0,0.0,0.20999208734085567,0.20999208734085567,0.20999208734085567,0.0
100.0,10.0,0.0,session_20260828_210132_segment004,runtime_camera,7,0,5,0.0,0.0,0.19328620207016356,0.19328620207016356,0.19328620207016356,0.0
100.0,10.0,0.0,session_20260828_210132_segment005,runtime_camera,24,0,22,0.36363636363636365,0.09090909090909091,0.17436018022303862,0.15229247605593135,0.15297989290066402,12.262138806592935
100.0,10.0,0.0,session_20260828_210132_segment006,runtime_camera,5,0,3,0.0,0.0,0.0,0.0,0.0,
100.0,10.0,0.0,session_20260828_210132_segment007,runtime_camera,10,0,8,0.0,0.0,0.24829974805085792,0.24829974805085792,0.24829974805085792,0.0
100.0,10.0,0.0,session_20260828_210132_segment008,runtime_camera,15,0,13,0.0,0.0,0.2990973244369221,0.2990973244369221,0.2990973244369221,0.0
100.0,10.0,0.0,session_20260828_210132_segment009,runtime_camera,2,0,0,,,,,,
100.0,10.0,0.0,session_20260828_210132_segment010,runtime_camera,7,0,5,0.0,0.0,0.1640865729527003,0.1640865729527003,0.1640865729527003,0.0
100.0,10.0,0.0,session_20260828_210132_segment011,runtime_camera,7,0,5,0.0,0.0,0.0,0.0,0.0,
100.0,10.0,0.0,session_20260828_210132_segment012,runtime_camera,8,0,6,0.0,0.0,0.4511060117831596,0.4511060117831596,0.4511060117831596,0.0
100.0,10.0,0.0,session_20260828_210132_segment013,runtime_camera,16,0,14,0.07142857142857142,0.07142857142857142,0.23101497953490152,0.231019947674001,0.2310151821700756,-8.771516656307724e-05
100.0,10.0,0.0,session_20260828_210132_segment014,runtime_camera,117,0,115,0.8869565217391304,0.782608695652174,0.2781791338680193,0.26968237695134617,0.2700185476187521,2.933572384023216
100.0,10.0,0.0,session_20260828_210132_segment015,runtime_camera,18,0,16,0.1875,0.125,0.23215983427931905,0.2207811851597218,0.22200637129595044,4.373479596454505
100.0,10.0,0.0,session_20260828_210132_segment016,runtime_camera,11,0,9,0.0,0.0,0.258844002380223,0.258844002380223,0.258844002380223,0.0
100.0,10.0,0.0,session_20260828_210132_segment017,runtime_camera,40,0,38,0.6578947368421053,0.6578947368421053,0.13529902114125994,0.12855051292664466,0.1289216198973538,4.713560519589995
100.0,10.0,0.0,session_20260828_210132_segment018,runtime_camera,50,0,48,0.7291666666666666,0.7291666666666666,0.2328937177259457,0.23372218383915552,0.23409327448505926,-0.51506617302796
100.0,10.0,0.0,session_20260828_210132_segment019,runtime_camera,4,0,3,0.0,0.0,0.18394876607546767,0.18394876607546767,0.18394876607546767,0.0
100.0,10.0,0.0,session_20260828_210132_segment020,runtime_camera,54,0,52,0.75,0.7115384615384616,0.16431782061425643,0.16167913279540339,0.16162331786305428,1.6398116413238049
100.0,10.0,0.0,session_20260828_210132_segment021,runtime_camera,46,0,44,0.7045454545454546,0.5909090909090909,0.16042687617119689,0.16096950947575758,0.16051681701306414,-0.05606345022343655
100.0,10.0,0.0,session_20260828_210132_segment022,runtime_camera,45,0,43,0.6976744186046512,0.6511627906976745,0.1461624614872061,0.1565004666566957,0.15579908057981542,-6.593087578408657
100.0,10.0,0.0,session_20260828_210132_segment023,runtime_camera,65,0,63,0.7936507936507936,0.7777777777777778,0.1722216861459793,0.17390894150058686,0.170074795212093,1.2465857128274365
100.0,10.0,0.0,session_20260828_210132_segment024,runtime_camera,120,0,118,0.8898305084745762,0.8728813559322034,0.18630204209701795,0.17978479090510166,0.1791722743754838,3.8269938650598774
100.0,10.0,0.01,session_20260828_210132_segment000,runtime_camera,2,1,0,,,,,,
100.0,10.0,0.01,session_20260828_210132_segment001,runtime_camera,5,0,3,0.0,0.0,0.1205045740317828,0.1205045740317828,0.1205045740317828,0.0
100.0,10.0,0.01,session_20260828_210132_segment002,runtime_camera,19,0,17,0.17647058823529413,0.0,0.09444366486519286,0.09417276504491943,0.0943100839950928,0.14143973583694214
100.0,10.0,0.01,session_20260828_210132_segment003,runtime_camera,13,0,11,0.0,0.0,0.20999308380332604,0.20999308380332604,0.20999308380332604,0.0
100.0,10.0,0.01,session_20260828_210132_segment004,runtime_camera,7,0,5,0.0,0.0,0.19328620207016356,0.19328620207016356,0.19328620207016356,0.0
100.0,10.0,0.01,session_20260828_210132_segment005,runtime_camera,24,0,22,0.36363636363636365,0.09090909090909091,0.17436018022303862,0.15229247605593135,0.15297989290066402,12.262138806592935
100.0,10.0,0.01,session_20260828_210132_segment006,runtime_camera,5,0,3,0.0,0.0,0.0,0.0,0.0,
100.0,10.0,0.01,session_20260828_210132_segment007,runtime_camera,10,0,8,0.0,0.0,0.35201392478260546,0.35201392478260546,0.35201392478260546,0.0
100.0,10.0,0.01,session_20260828_210132_segment008,runtime_camera,15,1,13,0.0,0.0,0.2990973244369221,0.2990973244369221,0.2990973244369221,0.0
100.0,10.0,0.01,session_20260828_210132_segment009,runtime_camera,2,0,0,,,,,,
100.0,10.0,0.01,session_20260828_210132_segment010,runtime_camera,7,0,5,0.0,0.0,0.1640865729527003,0.1640865729527003,0.1640865729527003,0.0
100.0,10.0,0.01,session_20260828_210132_segment011,runtime_camera,7,0,5,0.0,0.0,0.0,0.0,0.0,
100.0,10.0,0.01,session_20260828_210132_segment012,runtime_camera,8,0,6,0.0,0.0,0.4511060117831596,0.4511060117831596,0.4511060117831596,0.0
100.0,10.0,0.01,session_20260828_210132_segment013,runtime_camera,16,0,15,0.13333333333333333,0.06666666666666667,0.22318192180600385,0.22319051103249266,0.2231822644945494,-0.00015354673119012785
100.0,10.0,0.01,session_20260828_210132_segment014,runtime_camera,117,0,115,0.8869565217391304,0.7565217391304347,0.2691511987224821,0.2600530024104128,0.2604260282620183,3.2417356868100664
100.0,10.0,0.01,session_20260828_210132_segment015,runtime_camera,18,0,16,0.1875,0.1875,0.23267348180955524,0.2211452431114531,0.22251078102311808,4.367795035085003
100.0,10.0,0.01,session_20260828_210132_segment016,runtime_camera,11,0,9,0.0,0.0,0.258844002380223,0.258844002380223,0.258844002380223,0.0
100.0,10.0,0.01,session_20260828_210132_segment017,runtime_camera,40,2,38,0.6578947368421053,0.631578947368421,0.13500542009370534,0.12859885937921,0.12897744718503382,4.464985853521725
100.0,10.0,0.01,session_20260828_210132_segment018,runtime_camera,50,0,48,0.7291666666666666,0.7291666666666666,0.2328937177259457,0.23372218383915552,0.23409327448505926,-0.51506617302796
100.0,10.0,0.01,session_20260828_210132_segment019,runtime_camera,4,0,2,0.0,0.0,0.2251139835514,0.2251139835514,0.2251139835514,0.0
100.0,10.0,0.01,session_20260828_210132_segment020,runtime_camera,54,0,52,0.75,0.7115384615384616,0.16431195660516085,0.16167317307911966,0.16161735608856861,1.639929663224276
100.0,10.0,0.01,session_20260828_210132_segment021,runtime_camera,46,0,44,0.7045454545454546,0.6363636363636364,0.1554661814402368,0.15593259269493645,0.15550464434379488,-0.024740366812742623
100.0,10.0,0.01,session_20260828_210132_segment022,runtime_camera,45,0,43,0.6976744186046512,0.6511627906976745,0.146162994718925,0.15650096466465954,0.15579958082973555,-6.593040960430476
100.0,10.0,0.01,session_20260828_210132_segment023,runtime_camera,65,1,63,0.7936507936507936,0.7777777777777778,0.17222535077330317,0.17386232259776316,0.17005425180725212,1.2606152092608187
100.0,10.0,0.01,session_20260828_210132_segment024,runtime_camera,120,3,118,0.8898305084745762,0.8813559322033898,0.1849278998066439,0.17799545889240462,0.17720764662914432,4.174736849102644
100.0,10.0,0.05,session_20260828_210132_segment000,runtime_camera,2,0,0,,,,,,
100.0,10.0,0.05,session_20260828_210132_segment001,runtime_camera,5,1,3,0.0,0.0,0.1205045740317828,0.1205045740317828,0.1205045740317828,0.0
100.0,10.0,0.05,session_20260828_210132_segment002,runtime_camera,19,1,17,0.11764705882352941,0.0,0.11749613604222343,0.11728939066162371,0.11739934552613317,0.08237761627793824
100.0,10.0,0.05,session_20260828_210132_segment003,runtime_camera,13,1,11,0.0,0.0,0.20999062342221078,0.20999062342221078,0.20999062342221078,0.0
100.0,10.0,0.05,session_20260828_210132_segment004,runtime_camera,7,1,6,0.0,0.0,0.17930618982870664,0.17930618982870664,0.17930618982870664,0.0
100.0,10.0,0.05,session_20260828_210132_segment005,runtime_camera,24,2,22,0.36363636363636365,0.09090909090909091,0.17436006527555573,0.15229234445214887,0.15297976188824514,12.262156104106474
100.0,10.0,0.05,session_20260828_210132_segment006,runtime_camera,5,0,3,0.0,0.0,0.0,0.0,0.0,
100.0,10.0,0.05,session_20260828_210132_segment007,runtime_camera,10,0,8,0.0,0.0,0.35201392478260546,0.35201392478260546,0.35201392478260546,0.0
100.0,10.0,0.05,session_20260828_210132_segment008,runtime_camera,15,0,13,0.0,0.0,0.2990973244369221,0.2990973244369221,0.2990973244369221,0.0
100.0,10.0,0.05,session_20260828_210132_segment009,runtime_camera,2,0,0,,,,,,
100.0,10.0,0.05,session_20260828_210132_segment010,runtime_camera,7,1,6,0.0,0.0,0.14978986359448934,0.14978986359448934,0.14978986359448934,0.0
100.0,10.0,0.05,session_20260828_210132_segment011,runtime_camera,7,0,5,0.0,0.0,0.0,0.0,0.0,
100.0,10.0,0.05,session_20260828_210132_segment012,runtime_camera,8,0,6,0.0,0.0,0.4511060117831596,0.4511060117831596,0.4511060117831596,0.0
100.0,10.0,0.05,session_20260828_210132_segment013,runtime_camera,16,1,14,0.07142857142857142,0.07142857142857142,0.23101497953490152,0.231019947674001,0.2310151821700756,-8.771516656307724e-05
100.0,10.0,0.05,session_20260828_210132_segment014,runtime_camera,117,5,115,0.8869565217391304,0.782608695652174,0.27827831233101985,0.26976081403766716,0.2700788400394397,2.946500653571103
100.0,10.0,0.05,session_20260828_210132_segment015,runtime_camera,18,1,16,0.1875,0.1875,0.2328815272744498,0.2213641234688281,0.22272831943831684,4.359816751015831
100.0,10.0,0.05,session_20260828_210132_segment016,runtime_camera,11,1,9,0.0,0.0,0.2580794431975847,0.2580794431975847,0.2580794431975847,0.0
100.0,10.0,0.05,session_20260828_210132_segment017,runtime_camera,40,0,38,0.6578947368421053,0.631578947368421,0.13437377054799468,0.13536725230492758,0.13572841787956808,-1.0081188657942368
100.0,10.0,0.05,session_20260828_210132_segment018,runtime_camera,50,2,48,0.7291666666666666,0.7083333333333334,0.23278097652170376,0.23369435978358952,0.23406473341679063,-0.5514870305422785
100.0,10.0,0.05,session_20260828_210132_segment019,runtime_camera,4,0,2,0.0,0.0,0.23241731796959814,0.23241731796959814,0.23241731796959814,0.0
100.0,10.0,0.05,session_20260828_210132_segment020,runtime_camera,54,4,52,0.75,0.6923076923076923,0.1670646704648586,0.16507824287933365,0.16504556106019125,1.208579527346602
100.0,10.0,0.05,session_20260828_210132_segment021,runtime_camera,46,1,44,0.7045454545454546,0.6363636363636364,0.15541172673967615,0.15587482802701846,0.15544824365135662,-0.023496883051583067
100.0,10.0,0.05,session_20260828_210132_segment022,runtime_camera,45,2,43,0.6976744186046512,0.6511627906976745,0.14692612997089577,0.15773738835685178,0.15674933823788614,-6.685814340128763
100.0,10.0,0.05,session_20260828_210132_segment023,runtime_camera,65,1,63,0.7936507936507936,0.746031746031746,0.1646986779295849,0.1657775300542935,0.16174621699656147,1.792643978772992
100.0,10.0,0.05,session_20260828_210132_segment024,runtime_camera,120,6,118,0.8898305084745762,0.8728813559322034,0.19703648519563868,0.1923687511328287,0.19238018411868243,2.3631669395305037
